wk,day,date,time,home,score,away,attendance,venue,referee,match_report,notes
1,Fri,2021-02-26,18:00 (10:00),Kawa Frontale,2–0,Marinos,4868,Kawasaki Todoroki Stadium,Yuichi Nishimura,Match Report,
1,Sat,2021-02-27,14:00 (06:00),Consa Sapporo,5–1,Yokohama FC,11897,Sapporo Dome,Yoshiro Imamura,Match Report,
1,Sat,2021-02-27,14:00 (06:00),Sanfrecce,1–1,Vegalta Sendai,8820,EDION Stadium,Masaaki Toma,Match Report,
1,Sat,2021-02-27,14:00 (06:00),Oita Trinita,1–1,Vortis,7012,Showa Denko Dome Ōita,Hayato Shimizu,Match Report,
1,Sat,2021-02-27,14:00 (06:00),Urawa Reds,1–1,FC Tokyo,4943,Saitama Stadium 2002,Hiroyuki Kimura,Match Report,
1,Sat,2021-02-27,15:00 (07:00),Kashima Antlers,1–3,S-Pulse,9312,Kashima Soccer Stadium,Hajime Matsuo,Match Report,
1,Sat,2021-02-27,15:00 (07:00),Shonan Bellmare,0–1,Sagan Tosu,4721,Shonan BMW Stadium,Hiroyoshi Takayama,Match Report,
1,Sat,2021-02-27,16:00 (08:00),Cerezo Osaka,2–0,Kashiwa Reysol,4481,Yanmar Stadium Nagai,Nobutsugu Murakami,Match Report,
1,Sat,2021-02-27,17:00 (09:00),Vissel Kobe,1–0,Gamba Osaka,4636,NOEVIR Stadium Kobe,Ryūji Satō,Match Report,
1,Sun,2021-02-28,13:00 (05:00),Avispa Fukuoka,1–2,Grampus,4991,Best Denki Stadium,Hiroki Kasahara,Match Report,
11,Wed,2021-03-03,18:00 (10:00),Kawa Frontale,3–2,Cerezo Osaka,4756,Kawasaki Todoroki Stadium,Ryūji Satō,Match Report,
2,Sat,2021-03-06,14:00 (06:00),Vortis,1–1,Vissel Kobe,7454,Pocari Sweat Stadium,Yusuke Araki,Match Report,
2,Sat,2021-03-06,14:00 (06:00),FC Tokyo,3–2,Cerezo Osaka,4768,Ajinomoto Stadium,Yuichi Nishimura,Match Report,
2,Sat,2021-03-06,14:00 (06:00),S-Pulse,2–2,Avispa Fukuoka,9063,IAI Stadium Nihondaira,Takuto Okabe,Match Report,
2,Sat,2021-03-06,14:00 (06:00),Vegalta Sendai,1–5,Kawa Frontale,9005,Yurtec Stadium Sendai,Akihiko Ikeuchi,Match Report,
2,Sat,2021-03-06,15:00 (07:00),Yokohama FC,1–2,Oita Trinita,4422,NHK Spring Mitsuzawa Football Stadium,Koei Koya,Match Report,
2,Sat,2021-03-06,15:00 (07:00),Sagan Tosu,2–0,Urawa Reds,7452,Ekimae Real Estate Stadium,Hiroki Kasahara,Match Report,
2,Sat,2021-03-06,16:00 (08:00),Grampus,1–0,Consa Sapporo,9846,Toyota Stadium,Nobutsugu Murakami,Match Report,
2,Sat,2021-03-06,16:00 (08:00),Kashiwa Reysol,2–1,Shonan Bellmare,3898,Sankyo Frontier Kashiwa Stadium,Koichiro Fukushima,Match Report,
2,Sun,2021-03-07,13:00 (05:00),Marinos,3–3,Sanfrecce,4906,Nissan Stadium,Yoshiro Imamura,Match Report,
3,Wed,2021-03-10,18:00 (10:00),Avispa Fukuoka,1–3,Marinos,4607,Best Denki Stadium,Akihiko Ikeuchi,Match Report,
3,Wed,2021-03-10,18:00 (10:00),Urawa Reds,2–0,Yokohama FC,4524,Saitama Stadium 2002,Yusuke Araki,Match Report,
3,Wed,2021-03-10,18:00 (10:00),FC Tokyo,2–3,Vissel Kobe,4707,Ajinomoto Stadium,Jumpei Iida,Match Report,
3,Wed,2021-03-10,18:00 (10:00),Kashiwa Reysol,0–1,Grampus,2877,Sankyo Frontier Kashiwa Stadium,Masaaki Toma,Match Report,
3,Wed,2021-03-10,19:00 (11:00),Kashima Antlers,3–1,Shonan Bellmare,4546,Kashima Soccer Stadium,Ryūji Satō,Match Report,
3,Wed,2021-03-10,19:00 (11:00),Kawa Frontale,2–0,Vortis,4853,Kawasaki Todoroki Stadium,Hiroyuki Kimura,Match Report,
3,Wed,2021-03-10,19:00 (11:00),Sagan Tosu,5–0,Vegalta Sendai,4604,Ekimae Real Estate Stadium,Hajime Matsuo,Match Report,
3,Wed,2021-03-10,19:00 (11:00),Cerezo Osaka,2–1,S-Pulse,6063,Yanmar Stadium Nagai,Hayato Shimizu,Match Report,
3,Wed,2021-03-10,19:00 (11:00),Sanfrecce,2–1,Consa Sapporo,3821,EDION Stadium,Yudai Yamamoto,Match Report,
4,Sat,2021-03-13,14:00 (06:00),Vortis,1–2,Avispa Fukuoka,4203,Pocari Sweat Stadium,Yudai Yamamoto,Match Report,
4,Sat,2021-03-13,16:00 (08:00),Shonan Bellmare,3–1,Vegalta Sendai,3642,Shonan BMW Stadium,Futoshi Nakamura,Match Report,
Wk,Day,Date,Time,Home,Score,Away,Attendance,Venue,Referee,Match Report,Notes
4,Sat,2021-03-13,16:00 (08:00),Yokohama FC,1–4,Cerezo Osaka,2857,NHK Spring Mitsuzawa Football Stadium,Hiroki Kasahara,Match Report,
4,Sat,2021-03-13,16:00 (08:00),Kashima Antlers,1–1,Sanfrecce,6829,Kashima Soccer Stadium,Nobutsugu Murakami,Match Report,
4,Sat,2021-03-13,17:00 (09:00),Kawa Frontale,1–0,Kashiwa Reysol,4744,Kawasaki Todoroki Stadium,Hajime Matsuo,Match Report,
4,Sat,2021-03-13,18:00 (10:00),Vissel Kobe,0–1,Grampus,8934,NOEVIR Stadium Kobe,Koichiro Fukushima,Match Report,
4,Sun,2021-03-14,13:00 (05:00),Marinos,3–0,Urawa Reds,4864,Nissan Stadium,Ryūji Satō,Match Report,
4,Sun,2021-03-14,14:00 (06:00),S-Pulse,0–0,Sagan Tosu,7715,IAI Stadium Nihondaira,Ryo Tanimoto,Match Report,
4,Sun,2021-03-14,15:00 (07:00),Oita Trinita,1–1,FC Tokyo,9590,Showa Denko Dome Ōita,Yoshiro Imamura,Match Report,
5,Wed,2021-03-17,18:00 (10:00),FC Tokyo,3–2,Shonan Bellmare,4133,Ajinomoto Stadium,Hiroyuki Kimura,Match Report,
5,Wed,2021-03-17,18:00 (10:00),Avispa Fukuoka,1–0,Kashima Antlers,4510,Best Denki Stadium,Yoshiro Imamura,Match Report,
5,Wed,2021-03-17,18:00 (10:00),Urawa Reds,0–0,Consa Sapporo,4571,Saitama Stadium 2002,Koichiro Fukushima,Match Report,
5,Wed,2021-03-17,19:00 (11:00),Vissel Kobe,1–1,Kawa Frontale,7446,NOEVIR Stadium Kobe,Masaaki Toma,Match Report,
5,Wed,2021-03-17,19:00 (11:00),Marinos,1–0,Vortis,4787,NHK Spring Mitsuzawa Football Stadium,Hayato Shimizu,Match Report,
5,Wed,2021-03-17,19:00 (11:00),Sagan Tosu,2–0,Kashiwa Reysol,5119,Ekimae Real Estate Stadium,Yuichi Nishimura,Match Report,
5,Wed,2021-03-17,19:00 (11:00),Grampus,3–0,Yokohama FC,8457,Toyota Stadium,Jumpei Iida,Match Report,
5,Wed,2021-03-17,19:00 (11:00),Cerezo Osaka,1–0,Oita Trinita,5230,Yanmar Stadium Nagai,Takuto Okabe,Match Report,
5,Wed,2021-03-17,19:00 (11:00),Sanfrecce,1–0,S-Pulse,4145,EDION Stadium,Akihiko Ikeuchi,Match Report,
6,Sat,2021-03-20,14:00 (06:00),Consa Sapporo,3–4,Vissel Kobe,9512,Sapporo Dome,Hiroki Kasahara,Match Report,
6,Sun,2021-03-21,13:00 (05:00),FC Tokyo,2–1,Vegalta Sendai,4402,Ajinomoto Stadium,Yudai Yamamoto,Match Report,
6,Sun,2021-03-21,14:00 (06:00),Sagan Tosu,0–0,Avispa Fukuoka,9631,Ekimae Real Estate Stadium,Yusuke Araki,Match Report,
6,Sun,2021-03-21,14:00 (06:00),Vortis,2–1,Yokohama FC,5180,Pocari Sweat Stadium,Ryūji Satō,Match Report,
6,Sun,2021-03-21,14:00 (06:00),Oita Trinita,1–3,Sanfrecce,6231,Showa Denko Dome Ōita,Hajime Matsuo,Match Report,
6,Sun,2021-03-21,15:00 (07:00),Urawa Reds,0–5,Kawa Frontale,4679,Saitama Stadium 2002,Jumpei Iida,Match Report,
6,Sun,2021-03-21,15:00 (07:00),Shonan Bellmare,0–0,Cerezo Osaka,3585,Shonan BMW Stadium,Koei Koya,Match Report,
6,Sun,2021-03-21,16:00 (08:00),Kashima Antlers,0–1,Grampus,7809,Kashima Soccer Stadium,Hiroyuki Kimura,Match Report,
6,Sun,2021-03-21,16:00 (08:00),Kashiwa Reysol,1–2,S-Pulse,3236,Sankyo Frontier Kashiwa Stadium,Hiroyoshi Takayama,Match Report,
7,Fri,2021-04-02,19:00 (12:00),Cerezo Osaka,1–0,Sagan Tosu,7014,Yanmar Stadium Nagai,Yoshiro Imamura,Match Report,
7,Sat,2021-04-03,13:00 (06:00),Marinos,1–1,Shonan Bellmare,9152,Nissan Stadium,Koichiro Fukushima,Match Report,
7,Sat,2021-04-03,14:00 (07:00),Sanfrecce,0–0,Gamba Osaka,8665,EDION Stadium,Ryūji Satō,Match Report,
7,Sat,2021-04-03,14:00 (07:00),Avispa Fukuoka,1–2,Consa Sapporo,4432,Best Denki Stadium,Nobutsugu Murakami,Match Report,
7,Sat,2021-04-03,14:00 (07:00),Vegalta Sendai,0–2,Vissel Kobe,4619,Yurtec Stadium Sendai,Masuya Ueda,Match Report,
7,Sat,2021-04-03,14:00 (07:00),Grampus,0–0,FC Tokyo,15035,Toyota Stadium,Yuichi Nishimura,Match Report,
7,Sat,2021-04-03,15:00 (08:00),Urawa Reds,2–1,Kashima Antlers,9975,Saitama Stadium 2002,Yusuke Araki,Match Report,
Wk,Day,Date,Time,Home,Score,Away,Attendance,Venue,Referee,Match Report,Notes
7,Sat,2021-04-03,17:00 (10:00),Yokohama FC,1–1,Kashiwa Reysol,3941,NHK Spring Mitsuzawa Football Stadium,Hiroyuki Kimura,Match Report,
7,Sat,2021-04-03,19:00 (12:00),Kawa Frontale,2–0,Oita Trinita,9810,Kawasaki Todoroki Stadium,Ryo Tanimoto,Match Report,
7,Sun,2021-04-04,14:00 (07:00),S-Pulse,0–3,Vortis,7464,IAI Stadium Nihondaira,Hiroki Kasahara,Match Report,
8,Tue,2021-04-06,19:00 (12:00),Marinos,1–0,Cerezo Osaka,7980,Nissan Stadium,Futoshi Nakamura,Match Report,
8,Wed,2021-04-07,19:00 (12:00),Gamba Osaka,0–0,Avispa Fukuoka,5604,Panasonic Stadium Suita,Akihiko Ikeuchi,Match Report,
8,Wed,2021-04-07,19:00 (12:00),Vissel Kobe,1–0,Oita Trinita,5180,NOEVIR Stadium Kobe,Jumpei Iida,Match Report,
8,Wed,2021-04-07,19:00 (12:00),Shonan Bellmare,0–0,Grampus,5285,Shonan BMW Stadium,Yoshiro Imamura,Match Report,
8,Wed,2021-04-07,19:00 (12:00),Kashima Antlers,2–1,Kashiwa Reysol,4550,Kashima Soccer Stadium,Hajime Matsuo,Match Report,
8,Wed,2021-04-07,19:00 (12:00),Kawa Frontale,1–0,Sagan Tosu,9173,Kawasaki Todoroki Stadium,Yudai Yamamoto,Match Report,
8,Wed,2021-04-07,19:00 (12:00),S-Pulse,0–2,Urawa Reds,5548,IAI Stadium Nihondaira,Takuto Okabe,Match Report,
8,Wed,2021-04-07,19:00 (12:00),FC Tokyo,2–1,Consa Sapporo,6236,Ajinomoto Stadium,Yusuke Araki,Match Report,
8,Wed,2021-04-07,19:00 (12:00),Vortis,1–0,Vegalta Sendai,3515,Pocari Sweat Stadium,Ryo Tanimoto,Match Report,
8,Wed,2021-04-07,19:00 (12:00),Yokohama FC,0–3,Sanfrecce,1899,NHK Spring Mitsuzawa Football Stadium,Hiroyoshi Takayama,Match Report,
9,Sat,2021-04-10,14:00 (07:00),Sanfrecce,0–1,Shonan Bellmare,7085,EDION Stadium,Masaaki Toma,Match Report,
9,Sat,2021-04-10,15:00 (08:00),Cerezo Osaka,2–2,Avispa Fukuoka,4607,Yanmar Stadium Nagai,Hiroki Kasahara,Match Report,
9,Sun,2021-04-11,13:05 (06:05),Consa Sapporo,2–2,Kashima Antlers,10342,Sapporo Dome,Hayato Shimizu,Match Report,
9,Sun,2021-04-11,14:00 (07:00),FC Tokyo,2–4,Kawa Frontale,17615,Ajinomoto Stadium,Koichiro Fukushima,Match Report,
9,Sun,2021-04-11,14:00 (07:00),Vegalta Sendai,0–0,Marinos,4355,Yurtec Stadium Sendai,Takuto Okabe,Match Report,
9,Sun,2021-04-11,15:00 (08:00),Sagan Tosu,3–0,Yokohama FC,7334,Ekimae Real Estate Stadium,Nobutsugu Murakami,Match Report,
9,Sun,2021-04-11,15:00 (08:00),Oita Trinita,0–3,Grampus,5919,Showa Denko Dome Ōita,Yudai Yamamoto,Match Report,
9,Sun,2021-04-11,16:00 (09:00),Urawa Reds,1–0,Vortis,9972,Saitama Stadium 2002,Yoshiro Imamura,Match Report,
9,Sun,2021-04-11,17:00 (10:00),Vissel Kobe,1–1,S-Pulse,8350,NOEVIR Stadium Kobe,Yuichi Nishimura,Match Report,
9,Sun,2021-04-11,17:00 (10:00),Kashiwa Reysol,1–0,Gamba Osaka,5555,Sankyo Frontier Kashiwa Stadium,Koei Koya,Match Report,
18,Wed,2021-04-14,18:00 (11:00),Cerezo Osaka,1–2,Vortis,2711,Yanmar Stadium Nagai,Koichiro Fukushima,Match Report,
18,Wed,2021-04-14,19:00 (12:00),Sagan Tosu,0–1,Gamba Osaka,4512,Ekimae Real Estate Stadium,Hayato Shimizu,Match Report,
19,Wed,2021-04-14,19:00 (12:00),Kawa Frontale,3–1,Avispa Fukuoka,6958,Kawasaki Todoroki Stadium,Masaaki Toma,Match Report,
19,Wed,2021-04-14,19:30 (12:30),Grampus,1–0,Sanfrecce,7986,Toyota Stadium,Hajime Matsuo,Match Report,
10,Fri,2021-04-16,19:00 (12:00),Consa Sapporo,1–3,Marinos,9222,Sapporo Dome,Ryo Tanimoto,Match Report,
10,Sat,2021-04-17,14:00 (07:00),Oita Trinita,0–1,Kashiwa Reysol,5237,Showa Denko Dome Ōita,Masuya Ueda,Match Report,
10,Sat,2021-04-17,14:00 (07:00),Vortis,0–1,Kashima Antlers,5748,Pocari Sweat Stadium,Akihiko Ikeuchi,Match Report,
Wk,Day,Date,Time,Home,Score,Away,Attendance,Venue,Referee,Match Report,Notes
10,Sat,2021-04-17,14:00 (07:00),Avispa Fukuoka,1–0,FC Tokyo,4981,Best Denki Stadium,Yoshiro Imamura,Match Report,
10,Sat,2021-04-17,14:00 (07:00),Yokohama FC,2–2,Vegalta Sendai,2997,NHK Spring Mitsuzawa Football Stadium,Yusuke Araki,Match Report,
10,Sat,2021-04-17,15:00 (08:00),Shonan Bellmare,0–0,Vissel Kobe,4796,Shonan BMW Stadium,Hiroyoshi Takayama,Match Report,
10,Sun,2021-04-18,14:00 (07:00),Kawa Frontale,1–1,Sanfrecce,9720,Kawasaki Todoroki Stadium,Hiroki Kasahara,Match Report,
10,Sun,2021-04-18,15:00 (08:00),Cerezo Osaka,1–0,Urawa Reds,4672,Yanmar Stadium Nagai,Yuichi Nishimura,Match Report,
10,Sun,2021-04-18,15:00 (08:00),Grampus,1–2,Sagan Tosu,9552,Toyota Stadium,Futoshi Nakamura,Match Report,
10,Sun,2021-04-18,17:00 (10:00),Gamba Osaka,0–0,S-Pulse,4819,Panasonic Stadium Suita,Nobutsugu Murakami,Match Report,
11,Thu,2021-04-22,19:30 (12:30),Grampus,2–0,Gamba Osaka,7463,Toyota Stadium,Hiroki Kasahara,Match Report,
11,Sat,2021-04-24,13:00 (06:00),Consa Sapporo,2–1,Vegalta Sendai,4336,Sapporo Dome,Masaaki Toma,Match Report,
11,Sat,2021-04-24,14:00 (07:00),Sanfrecce,1–2,Avispa Fukuoka,7290,EDION Stadium,Ryo Tanimoto,Match Report,
11,Sat,2021-04-24,14:00 (07:00),Marinos,5–0,Yokohama FC,12297,Nissan Stadium,Yudai Yamamoto,Match Report,
11,Sat,2021-04-24,14:00 (07:00),FC Tokyo,1–2,Sagan Tosu,4914,Ajinomoto Stadium,Hajime Matsuo,Match Report,
11,Sat,2021-04-24,16:00 (09:00),Kashiwa Reysol,5–1,Vortis,4374,Sankyo Frontier Kashiwa Stadium,Nobutsugu Murakami,Match Report,
11,Sat,2021-04-24,17:00 (10:00),Kashima Antlers,1–1,Vissel Kobe,10223,Kashima Soccer Stadium,Koichiro Fukushima,Match Report,
11,Sun,2021-04-25,14:00 (07:00),S-Pulse,1–1,Shonan Bellmare,7767,IAI Stadium Nihondaira,Akihiko Ikeuchi,Match Report,
11,Sun,2021-04-25,16:00 (09:00),Urawa Reds,3–2,Oita Trinita,9270,Saitama Stadium 2002,Futoshi Nakamura,Match Report,
22,Thu,2021-04-29,15:00 (08:00),Grampus,0–4,Kawa Frontale,9693,Toyota Stadium,Yusuke Araki,Match Report,
12,Sat,2021-05-01,14:00 (07:00),Avispa Fukuoka,2–0,Urawa Reds,6906,Best Denki Stadium,Nobutsugu Murakami,Match Report,
12,Sat,2021-05-01,14:00 (07:00),Vegalta Sendai,1–0,Kashiwa Reysol,4292,Yurtec Stadium Sendai,Hajime Matsuo,Match Report,
12,Sat,2021-05-01,14:00 (07:00),FC Tokyo,0–3,Marinos,,Ajinomoto Stadium,Hayato Shimizu,Match Report,
12,Sat,2021-05-01,15:00 (08:00),Vissel Kobe,3–0,Sanfrecce,,NOEVIR Stadium Kobe,Takuto Okabe,Match Report,
12,Sat,2021-05-01,16:00 (09:00),Sagan Tosu,2–0,Vortis,6950,Ekimae Real Estate Stadium,Koichiro Fukushima,Match Report,
12,Sat,2021-05-01,17:00 (10:00),Yokohama FC,0–3,Kashima Antlers,4896,NHK Spring Mitsuzawa Football Stadium,Ryo Tanimoto,Match Report,
12,Sun,2021-05-02,14:00 (07:00),Oita Trinita,1–0,S-Pulse,7246,Showa Denko Dome Ōita,Yusuke Araki,Match Report,
12,Sun,2021-05-02,15:00 (08:00),Shonan Bellmare,0–0,Consa Sapporo,4956,Shonan BMW Stadium,Hiroki Kasahara,Match Report,
12,Sun,2021-05-02,15:00 (08:00),Cerezo Osaka,1–1,Gamba Osaka,,Yanmar Stadium Nagai,Yoshiro Imamura,Match Report,
12,Tue,2021-05-04,15:00 (08:00),Kawa Frontale,3–2,Grampus,4954,Kawasaki Todoroki Stadium,Yuichi Nishimura,Match Report,
13,Sat,2021-05-08,14:00 (07:00),Sagan Tosu,0–0,Sanfrecce,6679,Ekimae Real Estate Stadium,Hiroki Kasahara,Match Report,
13,Sat,2021-05-08,15:00 (08:00),Grampus,1–0,Cerezo Osaka,4898,Toyota Stadium,Yudai Yamamoto,Match Report,
13,Sat,2021-05-08,18:00 (11:00),Gamba Osaka,0–2,Kawa Frontale,,Panasonic Stadium Suita,Ryo Tanimoto,Match Report,
13,Sun,2021-05-09,13:00 (06:00),Marinos,2–0,Vissel Kobe,4977,Nissan Stadium,Yoshiro Imamura,Match Report,
Wk,Day,Date,Time,Home,Score,Away,Attendance,Venue,Referee,Match Report,Notes
13,Sun,2021-05-09,14:00 (07:00),S-Pulse,1–1,Yokohama FC,8097,IAI Stadium Nihondaira,Masuya Ueda,Match Report,
13,Sun,2021-05-09,14:00 (07:00),Avispa Fukuoka,1–0,Kashiwa Reysol,4688,Best Denki Stadium,Masaaki Toma,Match Report,
13,Sun,2021-05-09,15:00 (08:00),Shonan Bellmare,2–0,Oita Trinita,4943,Shonan BMW Stadium,Koei Koya,Match Report,
13,Sun,2021-05-09,15:00 (08:00),Vortis,1–2,Consa Sapporo,4954,Pocari Sweat Stadium,Akihiko Ikeuchi,Match Report,
13,Sun,2021-05-09,16:00 (09:00),Urawa Reds,2–0,Vegalta Sendai,4750,Saitama Stadium 2002,Hiroyoshi Takayama,Match Report,
13,Sun,2021-05-09,17:00 (10:00),Kashima Antlers,3–0,FC Tokyo,7346,Kashima Soccer Stadium,Nobutsugu Murakami,Match Report,
20,Wed,2021-05-12,18:00 (11:00),Gamba Osaka,1–2,Sanfrecce,,Panasonic Stadium Suita,Yuichi Nishimura,Match Report,
20,Wed,2021-05-12,19:00 (12:00),Kawa Frontale,2–2,Vegalta Sendai,4752,Kawasaki Todoroki Stadium,Yoshiro Imamura,Match Report,
21,Wed,2021-05-12,19:00 (12:00),Grampus,0–2,Kashima Antlers,4844,Toyota Stadium,Koichiro Fukushima,Match Report,
14,Sat,2021-05-15,14:00 (07:00),Vegalta Sendai,0–1,Avispa Fukuoka,6249,Yurtec Stadium Sendai,Takuto Okabe,Match Report,
14,Sat,2021-05-15,14:00 (07:00),S-Pulse,0–3,Grampus,8524,IAI Stadium Nihondaira,Hayato Shimizu,Match Report,
14,Sat,2021-05-15,15:00 (08:00),Kashima Antlers,5–3,Marinos,11630,Kashima Soccer Stadium,Yudai Yamamoto,Match Report,
14,Sat,2021-05-15,16:00 (09:00),Kashiwa Reysol,0–4,FC Tokyo,4484,Sankyo Frontier Kashiwa Stadium,Akihiko Ikeuchi,Match Report,
14,Sat,2021-05-15,16:00 (09:00),Vissel Kobe,1–1,Cerezo Osaka,4333,NOEVIR Stadium Kobe,Masaaki Toma,Match Report,
14,Sat,2021-05-15,16:00 (09:00),Oita Trinita,1–1,Sagan Tosu,5037,Showa Denko Dome Ōita,Masuya Ueda,Match Report,
14,Sat,2021-05-15,16:00 (09:00),Sanfrecce,0–1,Vortis,3190,EDION Stadium,Koei Koya,Match Report,
14,Sat,2021-05-15,17:00 (10:00),Yokohama FC,2–0,Shonan Bellmare,4770,NHK Spring Mitsuzawa Football Stadium,Hajime Matsuo,Match Report,
14,Sun,2021-05-16,15:00 (08:00),Kawa Frontale,2–0,Consa Sapporo,4932,Kawasaki Todoroki Stadium,Hiroyoshi Takayama,Match Report,
14,Sun,2021-05-16,17:00 (10:00),Gamba Osaka,0–3,Urawa Reds,,Panasonic Stadium Suita,Hiroki Kasahara,Match Report,
15,Sat,2021-05-22,14:00 (07:00),Sagan Tosu,2–1,Kashima Antlers,7079,Ekimae Real Estate Stadium,Hayato Shimizu,Match Report,
15,Sat,2021-05-22,14:00 (07:00),Vegalta Sendai,2–1,Oita Trinita,5045,Yurtec Stadium Sendai,Koei Koya,Match Report,
15,Sat,2021-05-22,14:00 (07:00),Consa Sapporo,2–0,S-Pulse,3334,Sapporo Dome,Takuto Okabe,Match Report,
15,Sat,2021-05-22,15:00 (08:00),Kawa Frontale,3–1,Yokohama FC,4942,Kawasaki Todoroki Stadium,Jumpei Iida,Match Report,
15,Sat,2021-05-22,16:00 (09:00),Urawa Reds,2–0,Vissel Kobe,4917,Saitama Stadium 2002,Futoshi Nakamura,Match Report,
15,Sat,2021-05-22,17:00 (10:00),Marinos,1–1,Kashiwa Reysol,4941,Nissan Stadium,Yuichi Nishimura,Match Report,
15,Sat,2021-05-22,17:00 (10:00),Avispa Fukuoka,2–1,Shonan Bellmare,4117,Best Denki Stadium,Hiroki Kasahara,Match Report,
15,Sat,2021-05-22,18:00 (11:00),Vortis,0–0,Grampus,5738,Pocari Sweat Stadium,Yoshiro Imamura,Match Report,
15,Sat,2021-05-22,19:00 (12:00),FC Tokyo,1–0,Gamba Osaka,4886,Ajinomoto Stadium,Koichiro Fukushima,Match Report,
15,Sun,2021-05-23,15:00 (08:00),Cerezo Osaka,1–2,Sanfrecce,,Yanmar Stadium Nagai,Masuya Ueda,Match Report,
16,Wed,2021-05-26,19:00 (12:00),S-Pulse,3–0,FC Tokyo,4919,IAI Stadium Nihondaira,Ryo Tanimoto,Match Report,
Wk,Day,Date,Time,Home,Score,Away,Attendance,Venue,Referee,Match Report,Notes
16,Wed,2021-05-26,19:00 (12:00),Kashiwa Reysol,1–2,Vissel Kobe,4353,Sankyo Frontier Kashiwa Stadium,Yudai Yamamoto,Match Report,
16,Wed,2021-05-26,19:00 (12:00),Sanfrecce,2–2,Urawa Reds,3681,EDION Stadium,Yoshiro Imamura,Match Report,
16,Wed,2021-05-26,19:00 (12:00),Shonan Bellmare,1–1,Kawa Frontale,4947,Shonan BMW Stadium,Masaaki Iemoto,Match Report,
16,Wed,2021-05-26,19:00 (12:00),Consa Sapporo,0–0,Sagan Tosu,3362,Sapporo Dome,Koei Koya,Match Report,
16,Wed,2021-05-26,19:00 (12:00),Kashima Antlers,1–0,Cerezo Osaka,5977,Kashima Soccer Stadium,Akihiko Ikeuchi,Match Report,
16,Wed,2021-05-26,19:00 (12:00),Grampus,0–1,Vegalta Sendai,4999,Toyota Stadium,Hajime Matsuo,Match Report,
16,Wed,2021-05-26,19:00 (12:00),Oita Trinita,0–1,Marinos,3545,Showa Denko Dome Ōita,Takuto Okabe,Match Report,
16,Wed,2021-05-26,19:00 (12:00),Yokohama FC,1–1,Avispa Fukuoka,3311,NHK Spring Mitsuzawa Football Stadium,Hiroyoshi Takayama,Match Report,
16,Thu,2021-05-27,19:00 (12:00),Gamba Osaka,2–1,Vortis,,Panasonic Stadium Suita,Jumpei Iida,Match Report,
17,Sat,2021-05-29,19:00 (12:00),Kashiwa Reysol,1–2,Consa Sapporo,4270,Sankyo Frontier Kashiwa Stadium,Masuya Ueda,Match Report,
17,Sun,2021-05-30,13:00 (06:00),Marinos,2–1,S-Pulse,4945,Nissan Stadium,Koei Koya,Match Report,
17,Sun,2021-05-30,14:00 (07:00),FC Tokyo,0–0,Sanfrecce,4954,Ajinomoto Stadium,Futoshi Nakamura,Match Report,
17,Sun,2021-05-30,14:00 (07:00),Vissel Kobe,1–1,Sagan Tosu,4795,NOEVIR Stadium Kobe,Hiroki Kasahara,Match Report,
17,Sun,2021-05-30,15:00 (08:00),Vegalta Sendai,1–1,Cerezo Osaka,8346,Yurtec Stadium Sendai,Hiroyoshi Takayama,Match Report,
17,Sun,2021-05-30,15:00 (08:00),Oita Trinita,2–1,Avispa Fukuoka,5793,Showa Denko Dome Ōita,Hajime Matsuo,Match Report,
17,Sun,2021-05-30,15:00 (08:00),Vortis,1–1,Shonan Bellmare,5167,Pocari Sweat Stadium,Koichiro Fukushima,Match Report,
17,Sun,2021-05-30,17:00 (10:00),Gamba Osaka,2–0,Yokohama FC,,Panasonic Stadium Suita,Takuto Okabe,Match Report,
17,Sun,2021-05-30,18:00 (11:00),Urawa Reds,0–0,Grampus,4685,Saitama Stadium 2002,Ryo Tanimoto,Match Report,
17,Sun,2021-05-30,19:00 (12:00),Kawa Frontale,2–1,Kashima Antlers,4957,Kawasaki Todoroki Stadium,Yuichi Nishimura,Match Report,
19,Wed,2021-06-02,19:00 (12:00),Shonan Bellmare,0–0,Gamba Osaka,4610,Shonan BMW Stadium,Akihiko Ikeuchi,Match Report,
21,Wed,2021-06-02,19:00 (12:00),Yokohama FC,0–2,Kawa Frontale,4855,NHK Spring Mitsuzawa Football Stadium,Hiroki Kasahara,Match Report,
18,Sat,2021-06-19,13:00 (06:00),Avispa Fukuoka,1–2,Vissel Kobe,4707,Best Denki Stadium,Yoshiro Imamura,Match Report,
18,Sat,2021-06-19,14:00 (07:00),Consa Sapporo,2–0,Oita Trinita,3736,Sapporo Atsubetsu Park Stadium,Futoshi Nakamura,Match Report,
18,Sat,2021-06-19,18:00 (11:00),Yokohama FC,0–1,FC Tokyo,3537,NHK Spring Mitsuzawa Football Stadium,Yuichi Nishimura,Match Report,
18,Sat,2021-06-19,19:00 (12:00),Sanfrecce,1–0,Kashiwa Reysol,4754,EDION Stadium,Hiroyoshi Takayama,Match Report,
18,Sun,2021-06-20,17:00 (10:00),Kashima Antlers,1–1,Vegalta Sendai,9312,Kashima Soccer Stadium,Koei Koya,Match Report,
18,Sun,2021-06-20,19:00 (12:00),Urawa Reds,0–3,Shonan Bellmare,4810,Saitama Stadium 2002,Takuto Okabe,Match Report,Match awarded to Shonan Bellmare
19,Wed,2021-06-23,18:00 (11:00),Vissel Kobe,5–0,Yokohama FC,4252,NOEVIR Stadium Kobe,Hayato Shimizu,Match Report,
19,Wed,2021-06-23,19:00 (12:00),Marinos,2–0,Sagan Tosu,5786,NHK Spring Mitsuzawa Football Stadium,Yudai Yamamoto,Match Report,
19,Wed,2021-06-23,19:00 (12:00),Vegalta Sendai,2–3,S-Pulse,5054,Yurtec Stadium Sendai,Masaaki Toma,Match Report,
Wk,Day,Date,Time,Home,Score,Away,Attendance,Venue,Referee,Match Report,Notes
19,Wed,2021-06-23,19:00 (12:00),Vortis,0–1,FC Tokyo,3170,Pocari Sweat Stadium,Hajime Matsuo,Match Report,
19,Wed,2021-06-23,19:00 (12:00),Kashiwa Reysol,0–2,Urawa Reds,3263,Sankyo Frontier Kashiwa Stadium,Koichiro Fukushima,Match Report,
19,Wed,2021-06-23,19:00 (12:00),Oita Trinita,0–0,Kashima Antlers,4208,Showa Denko Dome Ōita,Akihiko Ikeuchi,Match Report,
20,Sun,2021-06-27,18:00 (11:00),Yokohama FC,1–1,S-Pulse,4587,NHK Spring Mitsuzawa Football Stadium,Nobutsugu Murakami,Match Report,
20,Sun,2021-06-27,18:00 (11:00),Vortis,0–1,Marinos,5488,Pocari Sweat Stadium,Yuichi Nishimura,Match Report,
20,Sun,2021-06-27,18:30 (11:30),Kashima Antlers,4–0,Consa Sapporo,7953,Kashima Soccer Stadium,Koichiro Fukushima,Match Report,
20,Sun,2021-06-27,19:00 (12:00),FC Tokyo,3–0,Oita Trinita,4819,Ajinomoto Stadium,Koei Koya,Match Report,
20,Sun,2021-06-27,19:00 (12:00),Urawa Reds,2–0,Avispa Fukuoka,4724,Saitama Stadium 2002,Yusuke Araki,Match Report,
20,Sun,2021-06-27,19:00 (12:00),Shonan Bellmare,2–4,Kashiwa Reysol,4242,Shonan BMW Stadium,Hiroki Kasahara,Match Report,
21,Sat,2021-07-03,18:00 (11:00),Vissel Kobe,3–1,Shonan Bellmare,4806,NOEVIR Stadium Kobe,Masaaki Toma,Match Report,
21,Sat,2021-07-03,19:00 (12:00),Vegalta Sendai,0–0,Urawa Reds,8243,Yurtec Stadium Sendai,Yoshiro Imamura,Match Report,
21,Sat,2021-07-03,19:00 (12:00),Kashiwa Reysol,1–2,Marinos,3875,Sankyo Frontier Kashiwa Stadium,Ryo Tanimoto,Match Report,
21,Sat,2021-07-03,19:00 (12:00),Sanfrecce,1–1,Sagan Tosu,5444,EDION Stadium,Yusuke Araki,Match Report,
21,Sun,2021-07-04,13:05 (06:05),Consa Sapporo,1–0,Vortis,4444,Sapporo Atsubetsu Park Stadium,Yudai Yamamoto,Match Report,
21,Sun,2021-07-04,18:00 (11:00),S-Pulse,1–0,Oita Trinita,6772,IAI Stadium Nihondaira,Masuya Ueda,Match Report,
22,Sat,2021-07-10,18:00 (11:00),Marinos,2–0,Avispa Fukuoka,4873,NHK Spring Mitsuzawa Football Stadium,Hiroyuki Kimura,Match Report,
22,Sat,2021-07-10,19:00 (12:00),Oita Trinita,1–0,Urawa Reds,9384,Showa Denko Dome Ōita,Hiroyoshi Takayama,Match Report,
22,Sat,2021-07-10,19:00 (12:00),Vegalta Sendai,1–1,Consa Sapporo,7885,Yurtec Stadium Sendai,Yuichi Nishimura,Match Report,
22,Sun,2021-07-11,18:00 (11:00),Vortis,2–2,S-Pulse,5091,Pocari Sweat Stadium,Hayato Shimizu,Match Report,
22,Sun,2021-07-11,18:00 (11:00),Sanfrecce,0–1,Yokohama FC,4435,EDION Stadium,Hajime Matsuo,Match Report,
22,Sun,2021-07-11,19:00 (12:00),Shonan Bellmare,0–1,FC Tokyo,4685,Shonan BMW Stadium,Futoshi Nakamura,Match Report,
22,Sun,2021-07-11,19:00 (12:00),Kashiwa Reysol,2–1,Kashima Antlers,3854,Sankyo Frontier Kashiwa Stadium,Yūsuke Araki,Match Report,
18,Sat,2021-07-17,18:30 (11:30),S-Pulse,0–2,Kawa Frontale,9015,IAI Stadium Nihondaira,Yoshiro Imamura,Match Report,
21,Sat,2021-07-17,18:30 (11:30),Avispa Fukuoka,0–1,Gamba Osaka,6591,Best Denki Stadium,Koichiro Fukushima,Match Report,
20,Sat,2021-07-17,19:00 (12:00),Cerezo Osaka,1–1,Vissel Kobe,4539,Yodoko Sakura Stadium,Yuichi Nishimura,Match Report,
20,Sat,2021-07-17,19:00 (12:00),Sagan Tosu,3–1,Grampus,8476,Ekimae Real Estate Stadium,Masaaki Toma,Match Report,
21,Wed,2021-07-21,19:00 (12:00),Cerezo Osaka,3–3,FC Tokyo,4067,Yodoko Sakura Stadium,Yusuke Araki,Match Report,
Wk,Day,Date,Time,Home,Score,Away,Attendance,Venue,Referee,Match Report,Notes
22,Wed,2021-07-21,19:00 (12:00),Gamba Osaka,1–2,Vissel Kobe,4998,Panasonic Stadium Suita,Jumpei Iida,Match Report,
2,Sat,2021-07-24,19:00 (12:00),Gamba Osaka,0–1,Kashima Antlers,4961,Panasonic Stadium Suita,Hajime Matsuo,Match Report,
22,Sat,2021-07-24,19:00 (12:00),Sagan Tosu,3–3,Cerezo Osaka,8330,Ekimae Real Estate Stadium,Hiroki Kasahara,Match Report,
3,Tue,2021-07-27,19:00 (12:00),Gamba Osaka,2–1,Oita Trinita,4205,Panasonic Stadium Suita,Nobutsugu Murakami,Match Report,
4,Fri,2021-07-30,18:00 (11:00),Consa Sapporo,0–2,Gamba Osaka,3845,Sapporo Atsubetsu Park Stadium,Akihiko Ikeuchi,Match Report,
5,Tue,2021-08-03,19:00 (12:00),Vegalta Sendai,0–1,Gamba Osaka,4940,Yurtec Stadium Sendai,Yusuke Araki,Match Report,
6,Fri,2021-08-06,19:00 (12:00),Gamba Osaka,2–3,Marinos,4459,Panasonic Stadium Suita,Masaaki Toma,Match Report,
23,Mon,2021-08-09,15:00 (08:00),Consa Sapporo,2–1,Urawa Reds,8330,Sapporo Dome,Ryo Tanimoto,Match Report,
23,Mon,2021-08-09,18:00 (11:00),S-Pulse,2–2,Marinos,7890,IAI Stadium Nihondaira,Akihiko Ikeuchi,Match Report,
23,Mon,2021-08-09,18:00 (11:00),Vissel Kobe,1–2,Kashiwa Reysol,8707,NOEVIR Stadium Kobe,Nobutsugu Murakami,Match Report,
23,Mon,2021-08-09,18:00 (11:00),Yokohama FC,2–0,Grampus,4222,NHK Spring Mitsuzawa Football Stadium,Hiroyuki Kimura,Match Report,
23,Mon,2021-08-09,19:00 (12:00),Oita Trinita,0–2,Kawa Frontale,7817,Showa Denko Dome Ōita,Yusuke Araki,Match Report,
23,Mon,2021-08-09,19:00 (12:00),Vortis,2–1,Gamba Osaka,6415,Pocari Sweat Stadium,Hiroki Kasahara,Match Report,
23,Mon,2021-08-09,19:00 (12:00),Cerezo Osaka,0–0,Vegalta Sendai,4200,Yodoko Sakura Stadium,Masuya Ueda,Match Report,
23,Mon,2021-08-09,19:00 (12:00),Avispa Fukuoka,1–1,Sanfrecce,5182,Best Denki Stadium,Yuichi Nishimura,Match Report,
23,Mon,2021-08-09,19:00 (12:00),Sagan Tosu,1–0,FC Tokyo,8096,Ekimae Real Estate Stadium,Yoshiro Imamura,Match Report,
23,Mon,2021-08-09,19:00 (12:00),Shonan Bellmare,1–2,Kashima Antlers,4473,Shonan BMW Stadium,Takuto Okabe,Match Report,
18,Thu,2021-08-12,19:00 (12:00),Marinos,2–0,Grampus,4828,NHK Spring Mitsuzawa Football Stadium,Ryūji Satō,Match Report,
24,Fri,2021-08-13,19:00 (12:00),S-Pulse,0–1,Gamba Osaka,6865,IAI Stadium Nihondaira,Koichiro Fukushima,Match Report,
24,Sat,2021-08-14,14:00 (07:00),Consa Sapporo,3–2,FC Tokyo,7437,Sapporo Dome,Hajime Matsuo,Match Report,
24,Sat,2021-08-14,19:00 (12:00),Urawa Reds,2–1,Sagan Tosu,4704,Urawa Komaba Stadium,Hiroyuki Kimura,Match Report,
24,Sat,2021-08-14,19:00 (12:00),Vegalta Sendai,0–0,Yokohama FC,5827,Yurtec Stadium Sendai,Jumpei Iida,Match Report,
24,Sat,2021-08-14,19:00 (12:00),Kashiwa Reysol,0–0,Kawa Frontale,3931,Sankyo Frontier Kashiwa Stadium,Akihiko Ikeuchi,Match Report,
24,Sun,2021-08-15,18:00 (11:00),Grampus,1–0,Shonan Bellmare,18135,Toyota Stadium,Masuya Ueda,Match Report,
24,Sun,2021-08-15,18:00 (11:00),Marinos,5–1,Oita Trinita,4752,NHK Spring Mitsuzawa Football Stadium,Yudai Yamamoto,Match Report,
24,Sun,2021-08-15,18:30 (11:30),Kashima Antlers,3–0,Vortis,7139,Kashima Soccer Stadium,Ryūji Satō,Match Report,
Wk,Day,Date,Time,Home,Score,Away,Attendance,Venue,Referee,Match Report,Notes
24,Sun,2021-08-15,19:00 (12:00),Avispa Fukuoka,2–1,Cerezo Osaka,4063,Best Denki Stadium,Hiroyoshi Takayama,Match Report,
25,Sat,2021-08-21,18:00 (11:00),Vissel Kobe,1–0,Kashima Antlers,6426,NOEVIR Stadium Kobe,Yoshirō Imamura,Match Report,
25,Sat,2021-08-21,18:00 (11:00),Marinos,5–0,Vegalta Sendai,4857,NHK Spring Mitsuzawa Football Stadium,Futoshi Nakamura,Match Report,
25,Sat,2021-08-21,19:00 (12:00),Cerezo Osaka,3–1,Yokohama FC,4651,Yodoko Sakura Stadium,Ryo Tanimoto,Match Report,
25,Sat,2021-08-21,19:00 (12:00),Vortis,0–1,Urawa Reds,7046,Pocari Sweat Stadium,Yusuke Araki,Match Report,
25,Sat,2021-08-21,19:00 (12:00),Gamba Osaka,0–0,FC Tokyo,4973,Panasonic Stadium Suita,Yuichi Nishimura,Match Report,
25,Sat,2021-08-21,19:00 (12:00),Shonan Bellmare,1–1,S-Pulse,4417,Shonan BMW Stadium,Hiroyuki Kimura,Match Report,
25,Sat,2021-08-21,19:00 (12:00),Kashiwa Reysol,1–3,Sagan Tosu,4497,Sankyo Frontier Kashiwa Stadium,Hiroki Kasahara,Match Report,
25,Sat,2021-08-21,19:00 (12:00),Sanfrecce,1–1,Kawa Frontale,4885,EDION Stadium,Nobutsugu Murakami,Match Report,
25,Sat,2021-08-21,19:00 (12:00),Oita Trinita,1–1,Consa Sapporo,5188,Showa Denko Dome Ōita,Koichiro Fukushima,Match Report,
25,Sun,2021-08-22,18:00 (11:00),Grampus,1–0,Avispa Fukuoka,12172,Toyota Stadium,Hajime Matsuo,Match Report,
26,Wed,2021-08-25,19:00 (12:00),Vegalta Sendai,1–2,FC Tokyo,3096,Yurtec Stadium Sendai,Akihiko Ikeuchi,Match Report,
26,Wed,2021-08-25,19:00 (12:00),S-Pulse,0–4,Kashima Antlers,4356,IAI Stadium Nihondaira,Jumpei Iida,Match Report,
26,Wed,2021-08-25,19:00 (12:00),Sagan Tosu,0–4,Marinos,5907,Ekimae Real Estate Stadium,Nobutsugu Murakami,Match Report,
26,Wed,2021-08-25,19:00 (12:00),Vortis,0–1,Kashiwa Reysol,3384,Pocari Sweat Stadium,Yudai Yamamoto,Match Report,
26,Wed,2021-08-25,19:00 (12:00),Oita Trinita,1–3,Vissel Kobe,5488,Showa Denko Dome Ōita,Takuto Okabe,Match Report,
26,Wed,2021-08-25,19:00 (12:00),Avispa Fukuoka,1–0,Kawa Frontale,4461,Best Denki Stadium,Hiroyuki Kimura,Match Report,
26,Wed,2021-08-25,19:00 (12:00),Yokohama FC,3–1,Gamba Osaka,3892,NHK Spring Mitsuzawa Football Stadium,Yoshiro Imamura,Match Report,
26,Wed,2021-08-25,19:00 (12:00),Cerezo Osaka,1–5,Shonan Bellmare,4508,Yodoko Sakura Stadium,Yusuke Araki,Match Report,
26,Wed,2021-08-25,19:00 (12:00),Consa Sapporo,0–2,Grampus,3106,Sapporo Atsubetsu Park Stadium,Masaaki Toma,Match Report,
26,Wed,2021-08-25,19:00 (12:00),Urawa Reds,1–0,Sanfrecce,4425,Urawa Komaba Stadium,Masuya Ueda,Match Report,
27,Sat,2021-08-28,14:00 (07:00),Consa Sapporo,0–2,Kawa Frontale,5610,Sapporo Dome,Takuto Okabe,Match Report,
27,Sat,2021-08-28,18:00 (11:00),Vissel Kobe,0–1,FC Tokyo,5228,NOEVIR Stadium Kobe,Yudai Yamamoto,Match Report,
27,Sat,2021-08-28,19:00 (12:00),Gamba Osaka,0–1,Cerezo Osaka,4976,Panasonic Stadium Suita,Masaaki Toma,Match Report,
27,Sat,2021-08-28,19:00 (12:00),Sanfrecce,4–1,Oita Trinita,4106,EDION Stadium,Hiroki Kasahara,Match Report,
27,Sat,2021-08-28,19:00 (12:00),Marinos,0–2,Kashima Antlers,4892,Nissan Stadium,Yuichi Nishimura,Match Report,
27,Sun,2021-08-29,18:00 (11:00),Grampus,1–1,S-Pulse,12424,Toyota Stadium,Kōei Koya,Match Report,
27,Sun,2021-08-29,19:00 (12:00),Avispa Fukuoka,3–0,Vortis,3951,Best Denki Stadium,Jumpei Iida,Match Report,
27,Sun,2021-08-29,19:00 (12:00),Shonan Bellmare,0–0,Urawa Reds,4635,Shonan BMW Stadium,Koichiro Fukushima,Match Report,
27,Sun,2021-08-29,19:00 (12:00),Kashiwa Reysol,2–1,Yokohama FC,4344,Sankyo Frontier Kashiwa Stadium,Hajime Matsuo,Match Report,
27,Sun,2021-08-29,19:00 (12:00),Vegalta Sendai,0–1,Sagan Tosu,3807,Yurtec Stadium Sendai,Hiroyoshi Takayama,Match Report,
Wk,Day,Date,Time,Home,Score,Away,Attendance,Venue,Referee,Match Report,Notes
24,Sun,2021-09-05,18:00 (11:00),Sanfrecce,1–1,Vissel Kobe,5438,EDION Stadium,Kōei Koya,Match Report,
19,Wed,2021-09-08,19:00 (12:00),Consa Sapporo,0–3,Cerezo Osaka,3201,Sapporo Atsubetsu Park Stadium,Nobutsugu Murakami,Match Report,
28,Fri,2021-09-10,19:00 (12:00),Grampus,3–0,Vortis,4,Toyota Stadium,Yuichi Nishimura,Match Report,
28,Sat,2021-09-11,18:00 (11:00),Kashima Antlers,0–3,Avispa Fukuoka,,Kashima Soccer Stadium,Ryo Tanimoto,Match Report,
28,Sat,2021-09-11,18:00 (11:00),Yokohama FC,0–2,Urawa Reds,4992,NHK Spring Mitsuzawa Football Stadium,Akihiko Ikeuchi,Match Report,
28,Sat,2021-09-11,18:00 (11:00),Cerezo Osaka,0–2,Consa Sapporo,4927,Yodoko Sakura Stadium,Hayato Shimizu,Match Report,
28,Sat,2021-09-11,18:30 (11:30),Oita Trinita,2–0,Shonan Bellmare,5579,Showa Denko Dome Ōita,Nobutsugu Murakami,Match Report,
28,Sat,2021-09-11,19:00 (12:00),Sagan Tosu,2–1,S-Pulse,7015,Ekimae Real Estate Stadium,Yoshiro Imamura,Match Report,
28,Sat,2021-09-11,19:00 (12:00),Sanfrecce,1–3,Marinos,4058,EDION Stadium,Koichiro Fukushima,Match Report,
28,Sun,2021-09-12,18:30 (11:30),Gamba Osaka,2–3,Vegalta Sendai,4777,Panasonic Stadium Suita,Hiroki Kasahara,Match Report,
28,Sun,2021-09-12,19:00 (12:00),FC Tokyo,0–1,Kashiwa Reysol,4987,Ajinomoto Stadium,Masaaki Toma,Match Report,
29,Sat,2021-09-18,18:00 (11:00),Kashiwa Reysol,0–3,Sanfrecce,3894,Sankyo Frontier Kashiwa Stadium,Ryūji Satō,Match Report,
29,Sat,2021-09-18,18:00 (11:00),Kashima Antlers,3–1,Gamba Osaka,3586,Kashima Soccer Stadium,Akihiko Ikeuchi,Match Report,
29,Sat,2021-09-18,18:00 (11:00),Vissel Kobe,1–0,Consa Sapporo,4724,NOEVIR Stadium Kobe,Ryo Tanimoto,Match Report,
29,Sat,2021-09-18,18:00 (11:00),Shonan Bellmare,1–1,Avispa Fukuoka,4220,Shonan BMW Stadium,Hayato Shimizu,Match Report,
29,Sat,2021-09-18,18:30 (11:30),Vortis,1–3,Kawa Frontale,6464,Pocari Sweat Stadium,Yusuke Araki,Match Report,
29,Sat,2021-09-18,19:00 (12:00),FC Tokyo,4–0,Yokohama FC,4368,Ajinomoto Stadium,Nobutsugu Murakami,Match Report,
29,Sat,2021-09-18,19:00 (12:00),Urawa Reds,2–0,Cerezo Osaka,4887,Saitama Stadium 2002,Futoshi Nakamura,Match Report,
29,Sat,2021-09-18,19:00 (12:00),Sagan Tosu,0–0,Oita Trinita,6472,Ekimae Real Estate Stadium,Koei Koya,Match Report,
29,Sat,2021-09-18,19:00 (12:00),Grampus,2–1,Marinos,9953,Toyota Stadium,Masaaki Toma,Match Report,
29,Sat,2021-09-18,19:00 (12:00),S-Pulse,2–1,Vegalta Sendai,5453,IAI Stadium Nihondaira,Hajime Matsuo,Match Report,
32,Wed,2021-09-22,19:00 (12:00),FC Tokyo,1–1,Grampus,4982,Ajinomoto Stadium,Koichiro Fukushima,Match Report,
32,Wed,2021-09-22,19:00 (12:00),Sanfrecce,0–1,Cerezo Osaka,3905,EDION Stadium,Akihiko Ikeuchi,Match Report,
32,Wed,2021-09-22,19:00 (12:00),Kashima Antlers,1–2,Kawa Frontale,4925,Kashima Soccer Stadium,Hiroyuki Kimura,Match Report,
30,Fri,2021-09-24,19:00 (12:00),S-Pulse,0–2,Vissel Kobe,7314,IAI Stadium Nihondaira,Hiroki Kasahara,Match Report,
30,Sat,2021-09-25,14:00 (07:00),Vegalta Sendai,0–1,Vortis,4613,Yurtec Stadium Sendai,Futoshi Nakamura,Match Report,
30,Sat,2021-09-25,15:00 (08:00),FC Tokyo,1–2,Urawa Reds,4875,Ajinomoto Stadium,Koei Koya,Match Report,
30,Sat,2021-09-25,18:00 (11:00),Yokohama FC,2–2,Marinos,4957,NHK Spring Mitsuzawa Football Stadium,Yusuke Araki,Match Report,
30,Sat,2021-09-25,19:00 (12:00),Avispa Fukuoka,3–0,Sagan Tosu,4996,Best Denki Stadium,Yuichi Nishimura,Match Report,
30,Sun,2021-09-26,13:00 (06:00),Consa Sapporo,0–2,Sanfrecce,4999,Sapporo Dome,Hajime Matsuo,Match Report,
Wk,Day,Date,Time,Home,Score,Away,Attendance,Venue,Referee,Match Report,Notes
30,Sun,2021-09-26,15:00 (08:00),Cerezo Osaka,1–2,Kashima Antlers,4912,Yodoko Sakura Stadium,Yudai Yamamoto,Match Report,
30,Sun,2021-09-26,16:00 (09:00),Grampus,1–0,Oita Trinita,9422,Toyota Stadium,Masuya Ueda,Match Report,
30,Sun,2021-09-26,17:00 (10:00),Kawa Frontale,2–1,Shonan Bellmare,4897,Kawasaki Todoroki Stadium,Yoshiro Imamura,Match Report,
30,Sun,2021-09-26,19:00 (12:00),Gamba Osaka,2–1,Kashiwa Reysol,4886,Panasonic Stadium Suita,Koichiro Fukushima,Match Report,
28,Wed,2021-09-29,19:00 (12:00),Kawa Frontale,3–1,Vissel Kobe,4932,Kawasaki Todoroki Stadium,Masuya Ueda,Match Report,
31,Fri,2021-10-01,19:00 (12:00),Shonan Bellmare,0–1,Marinos,5190,Shonan BMW Stadium,Yuichi Nishimura,Match Report,
31,Sat,2021-10-02,13:30 (06:30),Avispa Fukuoka,1–2,S-Pulse,6216,Best Denki Stadium,Jumpei Iida,Match Report,
31,Sat,2021-10-02,15:00 (08:00),Vissel Kobe,5–1,Urawa Reds,7923,NOEVIR Stadium Kobe,Hiroyuki Kimura,Match Report,
31,Sat,2021-10-02,16:00 (09:00),Kashiwa Reysol,1–1,Vegalta Sendai,5430,Sankyo Frontier Kashiwa Stadium,Yūsuke Araki,Match Report,
31,Sat,2021-10-02,16:00 (09:00),Kashima Antlers,1–2,Yokohama FC,7208,Kashima Soccer Stadium,Yoshirō Imamura,Match Report,
31,Sat,2021-10-02,17:00 (10:00),Kawa Frontale,1–0,FC Tokyo,9789,Kawasaki Todoroki Stadium,Yudai Yamamoto,Match Report,
31,Sat,2021-10-02,19:00 (12:00),Gamba Osaka,1–5,Consa Sapporo,9987,Panasonic Stadium Suita,Masuya Ueda,Match Report,
31,Sun,2021-10-03,13:00 (06:00),Vortis,3–0,Sagan Tosu,5645,Pocari Sweat Stadium,Akihiko Ikeuchi,Match Report,
31,Sun,2021-10-03,15:00 (08:00),Sanfrecce,1–0,Grampus,7885,EDION Stadium,Futoshi Nakamura,Match Report,
31,Sun,2021-10-03,16:00 (09:00),Oita Trinita,1–0,Cerezo Osaka,6989,Showa Denko Dome Ōita,Hiroyoshi Takayama,Match Report,
32,Sat,2021-10-16,14:00 (07:00),Sagan Tosu,1–1,Shonan Bellmare,8190,Ekimae Real Estate Stadium,Masaaki Iemoto,Match Report,
32,Sat,2021-10-16,15:00 (08:00),S-Pulse,0–1,Kashiwa Reysol,7979,IAI Stadium Nihondaira,Ryo Tanimoto,Match Report,
32,Sat,2021-10-16,15:00 (08:00),Urawa Reds,1–1,Gamba Osaka,10233,Saitama Stadium 2002,Hayato Shimizu,Match Report,
32,Sat,2021-10-16,16:00 (09:00),Yokohama FC,5–3,Vortis,5349,NHK Spring Mitsuzawa Football Stadium,Yudai Yamamoto,Match Report,
32,Sat,2021-10-16,16:00 (09:00),Vissel Kobe,1–0,Avispa Fukuoka,11301,NOEVIR Stadium Kobe,Nobutsugu Murakami,Match Report,
32,Sat,2021-10-16,19:00 (12:00),Marinos,2–1,Consa Sapporo,11502,Nissan Stadium,Hiroki Kasahara,Match Report,
32,Sun,2021-10-17,14:00 (07:00),Oita Trinita,2–0,Vegalta Sendai,8897,Showa Denko Dome Ōita,Koichiro Fukushima,Match Report,
33,Fri,2021-10-22,19:03 (12:03),Urawa Reds,5–1,Kashiwa Reysol,11172,Saitama Stadium 2002,Hiroki Kasahara,Match Report,
33,Sat,2021-10-23,14:00 (07:00),Vortis,1–1,Oita Trinita,6488,Pocari Sweat Stadium,Hajime Matsuo,Match Report,
33,Sat,2021-10-23,14:00 (07:00),FC Tokyo,1–2,Kashima Antlers,9748,Ajinomoto Stadium,Takuto Okabe,Match Report,
33,Sat,2021-10-23,14:00 (07:00),Vegalta Sendai,2–0,Sanfrecce,6236,Yurtec Stadium Sendai,Hayato Shimizu,Match Report,
33,Sat,2021-10-23,15:00 (08:00),Shonan Bellmare,2–1,Yokohama FC,6212,Shonan BMW Stadium,Akihiko Ikeuchi,Match Report,
33,Sat,2021-10-23,17:00 (10:00),Gamba Osaka,1–0,Sagan Tosu,9886,Panasonic Stadium Suita,Ryo Tanimoto,Match Report,
33,Sun,2021-10-24,14:00 (07:00),Consa Sapporo,0–0,Avispa Fukuoka,9392,Sapporo Dome,Kōei Koya,Match Report,
33,Sun,2021-10-24,15:00 (08:00),Grampus,2–2,Vissel Kobe,19257,Toyota Stadium,Yoshirō Imamura,Match Report,
33,Sun,2021-10-24,17:00 (10:00),Kawa Frontale,1–0,S-Pulse,11576,Kawasaki Todoroki Stadium,Jumpei Iida,Match Report,
Wk,Day,Date,Time,Home,Score,Away,Attendance,Venue,Referee,Match Report,Notes
33,Sun,2021-10-24,19:00 (12:00),Cerezo Osaka,2–1,Marinos,9635,Yodoko Sakura Stadium,Masuya Ueda,Match Report,
34,Wed,2021-11-03,13:05 (05:05),Marinos,0–1,Gamba Osaka,21528,Nissan Stadium,Futoshi Nakamura,Match Report,
34,Wed,2021-11-03,13:05 (05:05),Kawa Frontale,1–1,Urawa Reds,11603,Kawasaki Todoroki Stadium,Hiroyuki Kimura,Match Report,
34,Wed,2021-11-03,14:00 (06:00),FC Tokyo,4–0,S-Pulse,18209,Ajinomoto Stadium,Masuya Ueda,Match Report,
34,Wed,2021-11-03,14:00 (06:00),Yokohama FC,0–0,Sagan Tosu,6424,NHK Spring Mitsuzawa Football Stadium,Hiroki Kasahara,Match Report,
34,Wed,2021-11-03,14:00 (06:00),Vortis,0–1,Cerezo Osaka,7677,Pocari Sweat Stadium,Hiroyoshi Takayama,Match Report,
34,Wed,2021-11-03,15:00 (07:00),Sanfrecce,1–4,Kashima Antlers,9626,EDION Stadium,Yuichi Nishimura,Match Report,
34,Wed,2021-11-03,15:00 (07:00),Grampus,2–0,Kashiwa Reysol,14435,Toyota Stadium,Koichiro Fukushima,Match Report,
34,Wed,2021-11-03,15:00 (07:00),Avispa Fukuoka,1–0,Oita Trinita,9147,Best Denki Stadium,Masaaki Iemoto,Match Report,
34,Wed,2021-11-03,16:00 (08:00),Vissel Kobe,4–2,Vegalta Sendai,11427,NOEVIR Stadium Kobe,Hajime Matsuo,Match Report,
34,Wed,2021-11-03,16:00 (08:00),Consa Sapporo,1–1,Shonan Bellmare,9642,Sapporo Dome,Ryo Tanimoto,Match Report,
35,Sat,2021-11-06,14:00 (06:00),S-Pulse,2–2,Consa Sapporo,8373,IAI Stadium Nihondaira,Nobutsugu Murakami,Match Report,
35,Sat,2021-11-06,15:00 (07:00),Vissel Kobe,1–0,Vortis,11807,NOEVIR Stadium Kobe,Masaaki Iemoto,Match Report,
35,Sat,2021-11-06,16:00 (08:00),Marinos,8–0,FC Tokyo,18307,Nissan Stadium,Yuichi Nishimura,Match Report,
35,Sun,2021-11-07,14:00 (06:00),Sagan Tosu,3–1,Kawa Frontale,9148,Ekimae Real Estate Stadium,Yoshirō Imamura,Match Report,
35,Sun,2021-11-07,14:00 (06:00),Oita Trinita,2–3,Gamba Osaka,10021,Showa Denko Dome Ōita,Masuya Ueda,Match Report,
35,Sun,2021-11-07,14:00 (06:00),Vegalta Sendai,1–1,Grampus,8341,Yurtec Stadium Sendai,Takuto Okabe,Match Report,
35,Sun,2021-11-07,14:00 (06:00),Kashima Antlers,1–0,Urawa Reds,16518,Kashima Soccer Stadium,Jumpei Iida,Match Report,
35,Sun,2021-11-07,15:00 (07:00),Shonan Bellmare,0–0,Sanfrecce,6170,Shonan BMW Stadium,Hiroyoshi Takayama,Match Report,
35,Sun,2021-11-07,15:00 (07:00),Avispa Fukuoka,1–1,Yokohama FC,6453,Best Denki Stadium,Hajime Matsuo,Match Report,
35,Sun,2021-11-07,16:00 (08:00),Kashiwa Reysol,1–0,Cerezo Osaka,6458,Sankyo Frontier Kashiwa Stadium,Futoshi Nakamura,Match Report,
36,Sat,2021-11-20,14:00 (06:00),Gamba Osaka,1–3,Grampus,16343,Panasonic Stadium Suita,Hiroyuki Kimura,Match Report,
36,Sat,2021-11-20,14:00 (06:00),Vegalta Sendai,0–2,Shonan Bellmare,8362,Yurtec Stadium Sendai,Jumpei Iida,Match Report,
36,Sat,2021-11-20,14:00 (06:00),Cerezo Osaka,1–4,Kawa Frontale,9800,Yodoko Sakura Stadium,Yuichi Nishimura,Match Report,
36,Sat,2021-11-20,14:00 (06:00),FC Tokyo,0–2,Vortis,12670,Ajinomoto Stadium,Hayato Shimizu,Match Report,
36,Sat,2021-11-20,14:00 (06:00),Urawa Reds,2–1,Marinos,21257,Saitama Stadium 2002,Ryūji Satō,Match Report,
36,Sat,2021-11-20,14:00 (06:00),Sagan Tosu,1–0,Consa Sapporo,7275,Ekimae Real Estate Stadium,Akihiko Ikeuchi,Match Report,
36,Sat,2021-11-20,15:00 (07:00),Kashima Antlers,0–0,Oita Trinita,11035,Kashima Soccer Stadium,Yoshirō Imamura,Match Report,
36,Sat,2021-11-20,15:00 (07:00),Yokohama FC,0–2,Vissel Kobe,7039,NHK Spring Mitsuzawa Football Stadium,Yūsuke Araki,Match Report,
36,Sat,2021-11-20,15:00 (07:00),S-Pulse,1–0,Sanfrecce,8856,IAI Stadium Nihondaira,Hiroki Kasahara,Match Report,
36,Sat,2021-11-20,16:00 (08:00),Kashiwa Reysol,0–0,Avispa Fukuoka,5827,Sankyo Frontier Kashiwa Stadium,Nobutsugu Murakami,Match Report,
Wk,Day,Date,Time,Home,Score,Away,Attendance,Venue,Referee,Match Report,Notes
37,Sat,2021-11-27,14:00 (06:00),Cerezo Osaka,2–1,Grampus,10313,Yodoko Sakura Stadium,Hajime Matsuo,Match Report,
37,Sat,2021-11-27,14:00 (06:00),Kawa Frontale,4–1,Gamba Osaka,14867,Kawasaki Todoroki Stadium,Takuto Okabe,Match Report,
37,Sat,2021-11-27,14:00 (06:00),Consa Sapporo,3–1,Kashiwa Reysol,13768,Sapporo Dome,Kōei Koya,Match Report,
37,Sat,2021-11-27,14:00 (06:00),Kashima Antlers,1–0,Sagan Tosu,12645,Kashima Soccer Stadium,Yūsuke Araki,Match Report,
37,Sat,2021-11-27,14:00 (06:00),Urawa Reds,0–1,S-Pulse,28138,Saitama Stadium 2002,Koichiro Fukushima,Match Report,
37,Sat,2021-11-27,14:00 (06:00),Sanfrecce,1–2,FC Tokyo,11252,EDION Stadium,Masaaki Iemoto,Match Report,
37,Sat,2021-11-27,14:00 (06:00),Shonan Bellmare,0–1,Vortis,6428,Shonan BMW Stadium,Yuichi Nishimura,Match Report,
37,Sat,2021-11-27,14:00 (06:00),Avispa Fukuoka,2–2,Vegalta Sendai,7663,Best Denki Stadium,Akihiko Ikeuchi,Match Report,
37,Sat,2021-11-27,14:00 (06:00),Oita Trinita,2–0,Yokohama FC,8551,Showa Denko Dome Ōita,Yudai Yamamoto,Match Report,
37,Sat,2021-11-27,14:00 (06:00),Vissel Kobe,0–2,Marinos,15013,NOEVIR Stadium Kobe,Jumpei Iida,Match Report,
38,Sat,2021-12-04,14:00 (06:00),Yokohama FC,0–1,Consa Sapporo,6762,NHK Spring Mitsuzawa Football Stadium,Futoshi Nakamura,Match Report,
38,Sat,2021-12-04,14:00 (06:00),Vortis,2–4,Sanfrecce,8170,Pocari Sweat Stadium,Yūsuke Araki,Match Report,
38,Sat,2021-12-04,14:00 (06:00),Sagan Tosu,0–2,Vissel Kobe,9975,Ekimae Real Estate Stadium,Yuichi Nishimura,Match Report,
38,Sat,2021-12-04,14:00 (06:00),Gamba Osaka,0–0,Shonan Bellmare,16699,Panasonic Stadium Suita,Hayato Shimizu,Match Report,
38,Sat,2021-12-04,14:00 (06:00),S-Pulse,2–1,Cerezo Osaka,9668,IAI Stadium Nihondaira,Jumpei Iida,Match Report,
38,Sat,2021-12-04,14:00 (06:00),Grampus,0–0,Urawa Reds,27079,Toyota Stadium,Nobutsugu Murakami,Match Report,
38,Sat,2021-12-04,14:00 (06:00),FC Tokyo,0–0,Avispa Fukuoka,14364,Ajinomoto Stadium,Yudai Yamamoto,Match Report,
38,Sat,2021-12-04,14:00 (06:00),Kashiwa Reysol,2–3,Oita Trinita,6028,Sankyo Frontier Kashiwa Stadium,Koichiro Fukushima,Match Report,
38,Sat,2021-12-04,14:00 (06:00),Vegalta Sendai,0–1,Kashima Antlers,8569,Yurtec Stadium Sendai,Hajime Matsuo,Match Report,
38,Sat,2021-12-04,14:00 (06:00),Marinos,1–1,Kawa Frontale,30657,Nissan Stadium,Masaaki Iemoto,Match Report,
