wk,day,date,time,home,xg,score,xg1,away,attendance,venue,referee,match_report,notes
1,Fri,2024-08-16,20:00 (21:00),Manchester Utd,2.4,1–0,0.4,Fulham,73297,Old Trafford,Robert Jones,Match Report,
1,Sat,2024-08-17,12:30 (13:30),Ipswich Town,0.5,0–2,2.6,Liverpool,30014,Portman Road Stadium,Tim Robinson,Match Report,
1,Sat,2024-08-17,15:00 (16:00),Newcastle Utd,0.3,1–0,1.8,Southampton,52196,St James' Park,Craig Pawson,Match Report,
1,Sat,2024-08-17,15:00 (16:00),Everton,0.5,0–3,1.4,Brighton,39217,Goodison Park,Simon Hooper,Match Report,
1,Sat,2024-08-17,15:00 (16:00),Nott'ham Forest,1.3,1–1,1.2,Bournemouth,29763,The City Ground,Michael Oliver,Match Report,
1,Sat,2024-08-17,15:00 (16:00),Arsenal,1.2,2–0,0.5,Wolves,60261,Emirates Stadium,Jarred Gillett,Match Report,
1,Sat,2024-08-17,17:30 (18:30),West Ham,2.3,1–2,2.0,Aston Villa,62463,London Stadium,Tony Harrington,Match Report,
1,Sun,2024-08-18,14:00 (15:00),Brentford,1.6,2–1,1.2,Crystal Palace,16988,Gtech Community Stadium,Samuel Barrott,Match Report,
1,Sun,2024-08-18,16:30 (17:30),Chelsea,1.0,0–2,0.8,Manchester City,39818,Stamford Bridge,Anthony Taylor,Match Report,
1,Mon,2024-08-19,20:00 (21:00),Leicester City,1.0,1–1,1.2,Tottenham,31977,King Power Stadium,Chris Kavanagh,Match Report,
2,Sat,2024-08-24,12:30 (13:30),Brighton,2.1,2–1,1.4,Manchester Utd,31537,The American Express Stadium,Craig Pawson,Match Report,
2,Sat,2024-08-24,15:00 (16:00),Manchester City,3.3,4–1,0.3,Ipswich Town,53147,Etihad Stadium,Samuel Allison,Match Report,
2,Sat,2024-08-24,15:00 (16:00),Southampton,0.1,0–1,2.2,Nott'ham Forest,31150,St Mary's Stadium,Samuel Barrott,Match Report,
2,Sat,2024-08-24,15:00 (16:00),Tottenham,2.4,4–0,1.0,Everton,61357,Tottenham Hotspur Stadium,Anthony Taylor,Match Report,
2,Sat,2024-08-24,15:00 (16:00),Fulham,1.8,2–1,0.6,Leicester City,25401,Craven Cottage,Darren Bond,Match Report,
2,Sat,2024-08-24,15:00 (16:00),Crystal Palace,1.3,0–2,1.4,West Ham,25099,Selhurst Park,Robert Jones,Match Report,
2,Sat,2024-08-24,17:30 (18:30),Aston Villa,1.2,0–2,0.9,Arsenal,41587,Villa Park,Michael Oliver,Match Report,
2,Sun,2024-08-25,14:00 (15:00),Wolves,1.9,2–6,1.6,Chelsea,31235,Molineux Stadium,Darren England,Match Report,
2,Sun,2024-08-25,14:00 (15:00),Bournemouth,2.2,1–1,1.6,Newcastle Utd,11161,Vitality Stadium,David Coote,Match Report,
2,Sun,2024-08-25,16:30 (17:30),Liverpool,2.5,2–0,0.5,Brentford,60017,Anfield,Stuart Attwell,Match Report,
3,Sat,2024-08-31,12:30 (13:30),Arsenal,2.1,1–1,1.7,Brighton,60326,Emirates Stadium,Chris Kavanagh,Match Report,
3,Sat,2024-08-31,15:00 (16:00),Ipswich Town,0.4,1–1,0.9,Fulham,29517,Portman Road Stadium,Lewis Smith,Match Report,
3,Sat,2024-08-31,15:00 (16:00),Nott'ham Forest,1.0,1–1,0.7,Wolves,29918,The City Ground,Simon Hooper,Match Report,
3,Sat,2024-08-31,15:00 (16:00),Brentford,2.8,3–1,1.5,Southampton,16955,Gtech Community Stadium,Joshua Smith,Match Report,
3,Sat,2024-08-31,15:00 (16:00),Leicester City,0.4,1–2,1.4,Aston Villa,31725,King Power Stadium,David Coote,Match Report,
3,Sat,2024-08-31,15:00 (16:00),Everton,1.8,2–3,2.4,Bournemouth,38805,Goodison Park,Stuart Attwell,Match Report,
3,Sat,2024-08-31,17:30 (18:30),West Ham,0.7,1–3,3.0,Manchester City,62469,London Stadium,Michael Oliver,Match Report,
3,Sun,2024-09-01,13:30 (14:30),Newcastle Utd,1.8,2–1,1.2,Tottenham,52211,St James' Park,Robert Jones,Match Report,
3,Sun,2024-09-01,13:30 (14:30),Chelsea,2.4,1–1,0.5,Crystal Palace,39298,Stamford Bridge,Jarred Gillett,Match Report,
3,Sun,2024-09-01,16:00 (17:00),Manchester Utd,1.4,0–3,1.8,Liverpool,73738,Old Trafford,Anthony Taylor,Match Report,
4,Sat,2024-09-14,12:30 (13:30),Southampton,1.1,0–3,2.6,Manchester Utd,31144,St Mary's Stadium,Stuart Attwell,Match Report,
4,Sat,2024-09-14,15:00 (16:00),Manchester City,2.1,2–1,1.0,Brentford,52148,Etihad Stadium,Darren Bond,Match Report,
Wk,Day,Date,Time,Home,xG,Score,xG,Away,Attendance,Venue,Referee,Match Report,Notes
4,Sat,2024-09-14,15:00 (16:00),Liverpool,0.9,0–1,0.4,Nott'ham Forest,60344,Anfield,Michael Oliver,Match Report,
4,Sat,2024-09-14,15:00 (16:00),Crystal Palace,2.5,2–2,1.2,Leicester City,25147,Selhurst Park,Tony Harrington,Match Report,
4,Sat,2024-09-14,15:00 (16:00),Fulham,1.5,1–1,0.8,West Ham,26528,Craven Cottage,Tim Robinson,Match Report,
4,Sat,2024-09-14,15:00 (16:00),Brighton,1.6,0–0,0.3,Ipswich Town,41573,The American Express Stadium,Samuel Barrott,Match Report,
4,Sat,2024-09-14,17:30 (18:30),Aston Villa,2.1,3–2,0.9,Everton,41573,Villa Park,Craig Pawson,Match Report,
4,Sat,2024-09-14,20:00 (21:00),Bournemouth,1.7,0–1,0.8,Chelsea,11235,Vitality Stadium,Anthony Taylor,Match Report,
4,Sun,2024-09-15,14:00 (15:00),Tottenham,0.7,0–1,0.7,Arsenal,61645,Tottenham Hotspur Stadium,Jarred Gillett,Match Report,
4,Sun,2024-09-15,16:30 (17:30),Wolves,1.2,1–2,1.5,Newcastle Utd,30255,Molineux Stadium,Chris Kavanagh,Match Report,
5,Sat,2024-09-21,12:30 (13:30),West Ham,0.9,0–3,2.2,Chelsea,62473,London Stadium,Samuel Barrott,Match Report,
5,Sat,2024-09-21,15:00 (16:00),Tottenham,3.5,3–1,0.8,Brentford,61246,Tottenham Hotspur Stadium,John Brooks,Match Report,
5,Sat,2024-09-21,15:00 (16:00),Aston Villa,1.7,3–1,0.5,Wolves,39978,Villa Park,Tim Robinson,Match Report,
5,Sat,2024-09-21,15:00 (16:00),Fulham,2.2,3–1,1.5,Newcastle Utd,25700,Craven Cottage,Peter Bankes,Match Report,
5,Sat,2024-09-21,15:00 (16:00),Southampton,2.4,1–1,1.6,Ipswich Town,31117,St Mary's Stadium,Samuel Allison,Match Report,
5,Sat,2024-09-21,15:00 (16:00),Leicester City,0.7,1–1,1.1,Everton,31765,King Power Stadium,Darren England,Match Report,
5,Sat,2024-09-21,15:00 (16:00),Liverpool,2.0,3–0,1.1,Bournemouth,60347,Anfield,Tony Harrington,Match Report,
5,Sat,2024-09-21,17:30 (18:30),Crystal Palace,1.0,0–0,1.6,Manchester Utd,25172,Selhurst Park,David Coote,Match Report,
5,Sun,2024-09-22,14:00 (15:00),Brighton,1.0,2–2,1.4,Nott'ham Forest,31444,The American Express Stadium,Robert Jones,Match Report,
5,Sun,2024-09-22,16:30 (17:30),Manchester City,2.1,2–2,0.7,Arsenal,52846,Etihad Stadium,Michael Oliver,Match Report,
6,Sat,2024-09-28,12:30 (13:30),Newcastle Utd,1.6,1–1,0.9,Manchester City,52248,St James' Park,Jarred Gillett,Match Report,
6,Sat,2024-09-28,15:00 (16:00),Brentford,0.4,1–1,1.0,West Ham,17050,Gtech Community Stadium,Simon Hooper,Match Report,
6,Sat,2024-09-28,15:00 (16:00),Everton,0.9,2–1,0.9,Crystal Palace,38954,Goodison Park,Andy Madley,Match Report,
6,Sat,2024-09-28,15:00 (16:00),Arsenal,4.4,4–2,0.3,Leicester City,60323,Emirates Stadium,Samuel Barrott,Match Report,
6,Sat,2024-09-28,15:00 (16:00),Chelsea,4.2,4–2,1.1,Brighton,39495,Stamford Bridge,Peter Bankes,Match Report,
6,Sat,2024-09-28,15:00 (16:00),Nott'ham Forest,0.8,0–1,1.3,Fulham,30139,The City Ground,Joshua Smith,Match Report,
6,Sat,2024-09-28,17:30 (18:30),Wolves,0.6,1–2,2.5,Liverpool,31413,Molineux Stadium,Anthony Taylor,Match Report,
6,Sun,2024-09-29,14:00 (15:00),Ipswich Town,1.2,2–2,0.8,Aston Villa,29943,Portman Road Stadium,Stuart Attwell,Match Report,
6,Sun,2024-09-29,16:30 (17:30),Manchester Utd,1.0,0–3,4.4,Tottenham,73587,Old Trafford,Chris Kavanagh,Match Report,
6,Mon,2024-09-30,20:00 (21:00),Bournemouth,1.3,3–1,0.6,Southampton,11243,Vitality Stadium,Michael Oliver,Match Report,
7,Sat,2024-10-05,12:30 (13:30),Crystal Palace,0.6,0–1,1.4,Liverpool,25185,Selhurst Park,Simon Hooper,Match Report,
7,Sat,2024-10-05,15:00 (16:00),Brentford,4.2,5–3,1.0,Wolves,16960,Gtech Community Stadium,Andy Madley,Match Report,
7,Sat,2024-10-05,15:00 (16:00),Leicester City,0.8,1–0,2.1,Bournemouth,31706,King Power Stadium,Darren Bond,Match Report,
7,Sat,2024-10-05,15:00 (16:00),Manchester City,1.6,3–2,2.6,Fulham,53017,Etihad Stadium,Peter Bankes,Match Report,
Wk,Day,Date,Time,Home,xG,Score,xG,Away,Attendance,Venue,Referee,Match Report,Notes
7,Sat,2024-10-05,15:00 (16:00),West Ham,3.6,4–1,0.6,Ipswich Town,62467,London Stadium,Anthony Taylor,Match Report,
7,Sat,2024-10-05,15:00 (16:00),Arsenal,2.8,3–1,0.6,Southampton,60307,Emirates Stadium,Tony Harrington,Match Report,
7,Sat,2024-10-05,17:30 (18:30),Everton,0.7,0–0,2.1,Newcastle Utd,39265,Goodison Park,Craig Pawson,Match Report,
7,Sun,2024-10-06,14:00 (15:00),Aston Villa,0.5,0–0,0.6,Manchester Utd,42682,Villa Park,Robert Jones,Match Report,
7,Sun,2024-10-06,14:00 (15:00),Chelsea,2.3,1–1,0.9,Nott'ham Forest,39501,Stamford Bridge,Chris Kavanagh,Match Report,
7,Sun,2024-10-06,16:30 (17:30),Brighton,1.8,3–2,1.3,Tottenham,31487,The American Express Stadium,David Coote,Match Report,
8,Sat,2024-10-19,12:30 (13:30),Tottenham,1.9,4–1,0.8,West Ham,61381,Tottenham Hotspur Stadium,Andy Madley,Match Report,
8,Sat,2024-10-19,15:00 (16:00),Fulham,1.8,1–3,1.6,Aston Villa,26743,Craven Cottage,Darren England,Match Report,
8,Sat,2024-10-19,15:00 (16:00),Ipswich Town,1.3,0–2,1.7,Everton,29862,Portman Road Stadium,Michael Oliver,Match Report,
8,Sat,2024-10-19,15:00 (16:00),Southampton,2.1,2–3,3.1,Leicester City,31145,St Mary's Stadium,Anthony Taylor,Match Report,
8,Sat,2024-10-19,15:00 (16:00),Manchester Utd,1.3,2–1,0.9,Brentford,73738,Old Trafford,Samuel Barrott,Match Report,
8,Sat,2024-10-19,15:00 (16:00),Newcastle Utd,2.0,0–1,1.1,Brighton,52220,St James' Park,Peter Bankes,Match Report,
8,Sat,2024-10-19,17:30 (18:30),Bournemouth,1.8,2–0,0.7,Arsenal,11235,Vitality Stadium,Robert Jones,Match Report,
8,Sun,2024-10-20,14:00 (15:00),Wolves,0.8,1–2,1.6,Manchester City,31319,Molineux Stadium,Chris Kavanagh,Match Report,
8,Sun,2024-10-20,16:30 (17:30),Liverpool,1.9,2–1,1.0,Chelsea,60277,Anfield,John Brooks,Match Report,
8,Mon,2024-10-21,20:00 (21:00),Nott'ham Forest,1.7,1–0,1.0,Crystal Palace,29443,The City Ground,Tim Robinson,Match Report,
9,Fri,2024-10-25,20:00 (21:00),Leicester City,0.8,1–3,1.7,Nott'ham Forest,31879,King Power Stadium,Craig Pawson,Match Report,
9,Sat,2024-10-26,15:00 (16:00),Brighton,1.3,2–2,1.3,Wolves,31840,The American Express Stadium,Michael Oliver,Match Report,
9,Sat,2024-10-26,15:00 (16:00),Manchester City,2.9,1–0,0.2,Southampton,52844,Etihad Stadium,Tony Harrington,Match Report,
9,Sat,2024-10-26,15:00 (16:00),Brentford,4.0,4–3,1.3,Ipswich Town,17109,Gtech Community Stadium,Lewis Smith,Match Report,
9,Sat,2024-10-26,15:00 (16:00),Aston Villa,1.8,1–1,0.3,Bournemouth,42165,Villa Park,Chris Kavanagh,Match Report,
9,Sat,2024-10-26,17:30 (18:30),Everton,0.8,1–1,1.2,Fulham,38742,Goodison Park,John Brooks,Match Report,
9,Sun,2024-10-27,14:00 (15:00),West Ham,2.8,2–1,2.3,Manchester Utd,62474,London Stadium,David Coote,Match Report,
9,Sun,2024-10-27,14:00 (15:00),Chelsea,1.6,2–1,1.8,Newcastle Utd,39526,Stamford Bridge,Simon Hooper,Match Report,
9,Sun,2024-10-27,14:00 (15:00),Crystal Palace,0.8,1–0,0.7,Tottenham,25108,Selhurst Park,Darren Bond,Match Report,
9,Sun,2024-10-27,16:30 (17:30),Arsenal,0.9,2–2,0.8,Liverpool,60383,Emirates Stadium,Anthony Taylor,Match Report,
10,Sat,2024-11-02,12:30 (13:30),Newcastle Utd,0.5,1–0,1.1,Arsenal,52249,St James' Park,John Brooks,Match Report,
10,Sat,2024-11-02,15:00 (16:00),Liverpool,1.6,2–1,1.0,Brighton,60331,Anfield,Tony Harrington,Match Report,
10,Sat,2024-11-02,15:00 (16:00),Southampton,0.7,1–0,1.6,Everton,31143,St Mary's Stadium,Andy Madley,Match Report,
10,Sat,2024-11-02,15:00 (16:00),Nott'ham Forest,2.2,3–0,0.1,West Ham,30112,The City Ground,Peter Bankes,Match Report,
10,Sat,2024-11-02,15:00 (16:00),Ipswich Town,1.0,1–1,1.5,Leicester City,29874,Portman Road Stadium,Tim Robinson,Match Report,
10,Sat,2024-11-02,15:00 (16:00),Bournemouth,2.0,2–1,1.6,Manchester City,11231,Vitality Stadium,Michael Oliver,Match Report,
Wk,Day,Date,Time,Home,xG,Score,xG,Away,Attendance,Venue,Referee,Match Report,Notes
10,Sat,2024-11-02,17:30 (18:30),Wolves,1.5,2–2,2.4,Crystal Palace,31124,Molineux Stadium,Anthony Taylor,Match Report,
10,Sun,2024-11-03,14:00 (15:00),Tottenham,2.4,4–1,1.8,Aston Villa,61253,Tottenham Hotspur Stadium,Craig Pawson,Match Report,
10,Sun,2024-11-03,16:30 (17:30),Manchester Utd,2.0,1–1,1.1,Chelsea,73813,Old Trafford,Robert Jones,Match Report,
10,Mon,2024-11-04,20:00 (21:00),Fulham,1.3,2–1,0.6,Brentford,24931,Craven Cottage,Stuart Attwell,Match Report,
11,Sat,2024-11-09,15:00 (16:00),West Ham,0.8,0–0,1.1,Everton,62463,London Stadium,Stuart Attwell,Match Report,
11,Sat,2024-11-09,15:00 (16:00),Crystal Palace,1.5,0–2,1.8,Fulham,25142,Selhurst Park,Michael Salisbury,Match Report,
11,Sat,2024-11-09,15:00 (16:00),Wolves,1.3,2–0,0.6,Southampton,31403,Molineux Stadium,Thomas Bramall,Match Report,
11,Sat,2024-11-09,15:00 (16:00),Brentford,1.5,3–2,2.6,Bournemouth,16587,Gtech Community Stadium,Darren Bond,Match Report,
11,Sat,2024-11-09,17:30 (18:30),Brighton,2.3,2–1,2.1,Manchester City,31715,The American Express Stadium,Samuel Barrott,Match Report,
11,Sat,2024-11-09,20:00 (21:00),Liverpool,2.0,2–0,1.2,Aston Villa,60292,Anfield,David Coote,Match Report,
11,Sun,2024-11-10,14:00 (15:00),Tottenham,1.5,1–2,1.6,Ipswich Town,61505,Tottenham Hotspur Stadium,Darren England,Match Report,
11,Sun,2024-11-10,14:00 (15:00),Nott'ham Forest,0.6,1–3,1.6,Newcastle Utd,30145,The City Ground,Anthony Taylor,Match Report,
11,Sun,2024-11-10,14:00 (15:00),Manchester Utd,0.8,3–0,0.6,Leicester City,73829,Old Trafford,Peter Bankes,Match Report,
11,Sun,2024-11-10,16:30 (17:30),Chelsea,1.5,1–1,1.5,Arsenal,39780,Stamford Bridge,Michael Oliver,Match Report,
12,Sat,2024-11-23,12:30 (13:30),Leicester City,1.1,1–2,2.7,Chelsea,31880,King Power Stadium,Andy Madley,Match Report,
12,Sat,2024-11-23,15:00 (16:00),Aston Villa,3.0,2–2,1.3,Crystal Palace,42175,Villa Park,Tim Robinson,Match Report,
12,Sat,2024-11-23,15:00 (16:00),Fulham,1.0,1–4,1.3,Wolves,26685,Craven Cottage,Robert Jones,Match Report,
12,Sat,2024-11-23,15:00 (16:00),Bournemouth,1.6,1–2,0.9,Brighton,11196,Vitality Stadium,Stuart Attwell,Match Report,
12,Sat,2024-11-23,15:00 (16:00),Arsenal,1.2,3–0,0.3,Nott'ham Forest,60298,Emirates Stadium,Simon Hooper,Match Report,
12,Sat,2024-11-23,15:00 (16:00),Everton,1.2,0–0,1.1,Brentford,38915,Goodison Park,Chris Kavanagh,Match Report,
12,Sat,2024-11-23,17:30 (18:30),Manchester City,2.1,0–4,2.5,Tottenham,52478,Etihad Stadium,John Brooks,Match Report,
12,Sun,2024-11-24,14:00 (15:00),Southampton,1.3,2–3,3.1,Liverpool,31278,St Mary's Stadium,Samuel Barrott,Match Report,
12,Sun,2024-11-24,16:30 (17:30),Ipswich Town,1.6,1–1,0.8,Manchester Utd,30017,Portman Road Stadium,Anthony Taylor,Match Report,
12,Mon,2024-11-25,20:00 (21:00),Newcastle Utd,1.6,0–2,0.9,West Ham,52094,St James' Park,Craig Pawson,Match Report,
13,Fri,2024-11-29,20:00 (21:00),Brighton,1.7,1–1,1.0,Southampton,31542,The American Express Stadium,Robert Jones,Match Report,
13,Sat,2024-11-30,15:00 (16:00),Wolves,0.5,2–4,3.3,Bournemouth,26685,Molineux Stadium,Peter Bankes,Match Report,
13,Sat,2024-11-30,15:00 (16:00),Nott'ham Forest,1.6,1–0,0.6,Ipswich Town,30237,The City Ground,Tony Harrington,Match Report,
13,Sat,2024-11-30,15:00 (16:00),Brentford,2.4,4–1,1.1,Leicester City,17084,Gtech Community Stadium,Michael Oliver,Match Report,
13,Sat,2024-11-30,15:00 (16:00),Crystal Palace,1.7,1–1,0.0,Newcastle Utd,25101,Selhurst Park,Darren England,Match Report,
13,Sat,2024-11-30,17:30 (18:30),West Ham,1.5,2–5,3.5,Arsenal,62475,London Stadium,Anthony Taylor,Match Report,
13,Sun,2024-12-01,13:30 (14:30),Manchester Utd,1.1,4–0,0.6,Everton,73817,Old Trafford,John Brooks,Match Report,
13,Sun,2024-12-01,13:30 (14:30),Tottenham,0.8,1–1,1.5,Fulham,61141,Tottenham Hotspur Stadium,Darren Bond,Match Report,
Wk,Day,Date,Time,Home,xG,Score,xG,Away,Attendance,Venue,Referee,Match Report,Notes
13,Sun,2024-12-01,13:30 (14:30),Chelsea,1.6,3–0,1.2,Aston Villa,40853,Stamford Bridge,Stuart Attwell,Match Report,
13,Sun,2024-12-01,16:00 (17:00),Liverpool,3.4,2–0,0.8,Manchester City,60248,Anfield,Chris Kavanagh,Match Report,
14,Tue,2024-12-03,19:30 (20:30),Ipswich Town,0.5,0–1,1.6,Crystal Palace,29533,Portman Road Stadium,Craig Pawson,Match Report,
14,Tue,2024-12-03,20:15 (21:15),Leicester City,1.7,3–1,3.0,West Ham,30947,King Power Stadium,Joshua Smith,Match Report,
14,Wed,2024-12-04,19:30 (20:30),Newcastle Utd,2.1,3–3,1.9,Liverpool,52237,St James' Park,Andy Madley,Match Report,
14,Wed,2024-12-04,19:30 (20:30),Everton,1.0,4–0,0.8,Wolves,38820,Goodison Park,Michael Salisbury,Match Report,
14,Wed,2024-12-04,19:30 (20:30),Manchester City,2.4,3–0,1.0,Nott'ham Forest,51764,Etihad Stadium,Michael Oliver,Match Report,
14,Wed,2024-12-04,19:30 (20:30),Southampton,1.6,1–5,5.2,Chelsea,31193,St Mary's Stadium,Tony Harrington,Match Report,
14,Wed,2024-12-04,20:15 (21:15),Arsenal,2.1,2–0,0.2,Manchester Utd,60256,Emirates Stadium,Samuel Barrott,Match Report,
14,Wed,2024-12-04,20:15 (21:15),Aston Villa,2.4,3–1,0.9,Brentford,42148,Villa Park,Lewis Smith,Match Report,
14,Thu,2024-12-05,19:30 (20:30),Fulham,1.1,3–1,1.4,Brighton,26368,Craven Cottage,Peter Bankes,Match Report,
14,Thu,2024-12-05,20:15 (21:15),Bournemouth,3.5,1–0,0.9,Tottenham,11234,Vitality Stadium,Simon Hooper,Match Report,
15,Sat,2024-12-07,15:00 (16:00),Aston Villa,2.3,1–0,0.3,Southampton,42453,Villa Park,Darren Bond,Match Report,
15,Sat,2024-12-07,15:00 (16:00),Crystal Palace,1.3,2–2,1.4,Manchester City,25142,Selhurst Park,Robert Jones,Match Report,
15,Sat,2024-12-07,15:00 (16:00),Brentford,1.2,4–2,1.5,Newcastle Utd,17078,Gtech Community Stadium,Simon Hooper,Match Report,
15,Sat,2024-12-07,17:30 (18:30),Manchester Utd,1.6,2–3,0.8,Nott'ham Forest,73778,Old Trafford,Darren England,Match Report,
15,Sun,2024-12-08,14:00 (15:00),Leicester City,1.3,2–2,1.5,Brighton,31647,King Power Stadium,Stuart Attwell,Match Report,
15,Sun,2024-12-08,14:00 (15:00),Ipswich Town,1.3,1–2,3.2,Bournemouth,29180,Portman Road Stadium,Michael Salisbury,Match Report,
15,Sun,2024-12-08,14:00 (15:00),Fulham,0.2,1–1,1.8,Arsenal,26954,Craven Cottage,Chris Kavanagh,Match Report,
15,Sun,2024-12-08,16:30 (17:30),Tottenham,2.8,3–4,2.8,Chelsea,61184,Tottenham Hotspur Stadium,Anthony Taylor,Match Report,
15,Mon,2024-12-09,20:00 (21:00),West Ham,1.0,2–1,1.4,Wolves,62474,London Stadium,John Brooks,Match Report,
16,Sat,2024-12-14,15:00 (16:00),Liverpool,2.1,2–2,1.2,Fulham,60333,Anfield,Tony Harrington,Match Report,
16,Sat,2024-12-14,15:00 (16:00),Wolves,1.3,1–2,1.1,Ipswich Town,30866,Molineux Stadium,Simon Hooper,Match Report,
16,Sat,2024-12-14,15:00 (16:00),Newcastle Utd,3.8,4–0,0.2,Leicester City,52235,St James' Park,Thomas Bramall,Match Report,
16,Sat,2024-12-14,15:00 (16:00),Arsenal,1.2,0–0,0.1,Everton,60176,Emirates Stadium,Craig Pawson,Match Report,
16,Sat,2024-12-14,17:30 (18:30),Nott'ham Forest,1.7,2–1,0.4,Aston Villa,30117,The City Ground,Samuel Barrott,Match Report,
16,Sun,2024-12-15,14:00 (15:00),Brighton,1.0,1–3,2.2,Crystal Palace,30893,The American Express Stadium,Michael Oliver,Match Report,
16,Sun,2024-12-15,16:30 (17:30),Manchester City,0.9,1–2,2.1,Manchester Utd,53184,Etihad Stadium,Anthony Taylor,Match Report,
16,Sun,2024-12-15,19:00 (20:00),Southampton,0.8,0–5,2.3,Tottenham,31090,St Mary's Stadium,Darren England,Match Report,
16,Sun,2024-12-15,19:00 (20:00),Chelsea,2.2,2–1,1.6,Brentford,39571,Stamford Bridge,Peter Bankes,Match Report,
16,Mon,2024-12-16,20:00 (21:00),Bournemouth,1.9,1–1,2.1,West Ham,11204,Vitality Stadium,Chris Kavanagh,Match Report,
Wk,Day,Date,Time,Home,xG,Score,xG,Away,Attendance,Venue,Referee,Match Report,Notes
17,Sat,2024-12-21,12:30 (13:30),Aston Villa,1.6,2–1,1.0,Manchester City,42345,Villa Park,Peter Bankes,Match Report,
17,Sat,2024-12-21,15:00 (16:00),Ipswich Town,0.7,0–4,2.3,Newcastle Utd,29774,Portman Road Stadium,Stuart Attwell,Match Report,
17,Sat,2024-12-21,15:00 (16:00),Brentford,0.7,0–2,0.9,Nott'ham Forest,17115,Gtech Community Stadium,Michael Oliver,Match Report,
17,Sat,2024-12-21,15:00 (16:00),West Ham,1.2,1–1,0.9,Brighton,62460,London Stadium,Robert Jones,Match Report,
17,Sat,2024-12-21,17:30 (18:30),Crystal Palace,1.6,1–5,2.5,Arsenal,25167,Selhurst Park,Simon Hooper,Match Report,
17,Sun,2024-12-22,14:00 (15:00),Manchester Utd,2.2,0–3,1.6,Bournemouth,73720,Old Trafford,Craig Pawson,Match Report,
17,Sun,2024-12-22,14:00 (15:00),Leicester City,0.8,0–3,1.1,Wolves,31818,King Power Stadium,Anthony Taylor,Match Report,
17,Sun,2024-12-22,14:00 (15:00),Everton,1.0,0–0,1.2,Chelsea,39358,Goodison Park,Chris Kavanagh,Match Report,
17,Sun,2024-12-22,14:00 (15:00),Fulham,0.9,0–0,0.3,Southampton,26819,Craven Cottage,Tim Robinson,Match Report,
17,Sun,2024-12-22,16:30 (17:30),Tottenham,1.3,3–6,5.6,Liverpool,61439,Tottenham Hotspur Stadium,Samuel Barrott,Match Report,
18,Thu,2024-12-26,12:30 (13:30),Manchester City,2.1,1–1,0.7,Everton,55527,Etihad Stadium,Simon Hooper,Match Report,
18,Thu,2024-12-26,15:00 (16:00),Southampton,1.4,0–1,1.7,West Ham,31059,St Mary's Stadium,Lewis Smith,Match Report,
18,Thu,2024-12-26,15:00 (16:00),Newcastle Utd,2.7,3–0,0.3,Aston Villa,52168,St James' Park,Anthony Taylor,Match Report,
18,Thu,2024-12-26,15:00 (16:00),Nott'ham Forest,1.1,1–0,0.9,Tottenham,30200,The City Ground,Craig Pawson,Match Report,
18,Thu,2024-12-26,15:00 (16:00),Bournemouth,1.4,0–0,0.4,Crystal Palace,11129,Vitality Stadium,Thomas Bramall,Match Report,
18,Thu,2024-12-26,15:00 (16:00),Chelsea,1.1,1–2,1.8,Fulham,39687,Stamford Bridge,Samuel Barrott,Match Report,
18,Thu,2024-12-26,17:30 (18:30),Wolves,0.9,2–0,0.4,Manchester Utd,31407,Molineux Stadium,Tony Harrington,Match Report,
18,Thu,2024-12-26,20:00 (21:00),Liverpool,2.0,3–1,0.3,Leicester City,60300,Anfield,Darren Bond,Match Report,
18,Fri,2024-12-27,19:30 (20:30),Brighton,1.3,0–0,1.1,Brentford,31548,The American Express Stadium,Andy Madley,Match Report,
18,Fri,2024-12-27,20:15 (21:15),Arsenal,1.8,1–0,0.2,Ipswich Town,60271,Emirates Stadium,Darren England,Match Report,
19,Sun,2024-12-29,14:30 (15:30),Leicester City,1.3,0–2,1.3,Manchester City,32057,King Power Stadium,Michael Oliver,Match Report,
19,Sun,2024-12-29,15:00 (16:00),Everton,0.9,0–2,1.5,Nott'ham Forest,25414,Goodison Park,Tony Harrington,Match Report,
19,Sun,2024-12-29,15:00 (16:00),Tottenham,2.2,2–2,0.7,Wolves,61284,Tottenham Hotspur Stadium,Chris Kavanagh,Match Report,
19,Sun,2024-12-29,15:00 (16:00),Fulham,1.1,2–2,2.0,Bournemouth,27301,Craven Cottage,Robert Jones,Match Report,
19,Sun,2024-12-29,15:00 (16:00),Crystal Palace,2.0,2–1,0.9,Southampton,25130,Selhurst Park,Michael Salisbury,Match Report,
19,Sun,2024-12-29,17:15 (18:15),West Ham,0.4,0–5,3.1,Liverpool,62476,London Stadium,Anthony Taylor,Match Report,
19,Mon,2024-12-30,19:45 (20:45),Aston Villa,1.8,2–2,1.1,Brighton,41414,Villa Park,Craig Pawson,Match Report,
19,Mon,2024-12-30,19:45 (20:45),Ipswich Town,1.6,2–0,2.0,Chelsea,29968,Portman Road Stadium,John Brooks,Match Report,
19,Mon,2024-12-30,20:00 (21:00),Manchester Utd,0.8,0–2,1.9,Newcastle Utd,73809,Old Trafford,Simon Hooper,Match Report,
19,Wed,2025-01-01,17:30 (18:30),Brentford,0.3,1–3,1.9,Arsenal,47190,Gtech Community Stadium,Peter Bankes,Match Report,
20,Sat,2025-01-04,12:30 (13:30),Tottenham,0.9,1–2,2.5,Newcastle Utd,61293,Tottenham Hotspur Stadium,Andy Madley,Match Report,
20,Sat,2025-01-04,15:00 (16:00),Aston Villa,1.4,2–1,0.4,Leicester City,42386,Villa Park,Jarred Gillett,Match Report,
Wk,Day,Date,Time,Home,xG,Score,xG,Away,Attendance,Venue,Referee,Match Report,Notes
20,Sat,2025-01-04,15:00 (16:00),Bournemouth,1.8,1–0,0.7,Everton,11223,Vitality Stadium,John Brooks,Match Report,
20,Sat,2025-01-04,15:00 (16:00),Crystal Palace,1.1,1–1,1.2,Chelsea,25179,Selhurst Park,Tim Robinson,Match Report,
20,Sat,2025-01-04,15:00 (16:00),Southampton,0.3,0–5,4.4,Brentford,31001,St Mary's Stadium,Stuart Attwell,Match Report,
20,Sat,2025-01-04,15:00 (16:00),Manchester City,1.9,4–1,1.4,West Ham,52737,Etihad Stadium,Michael Salisbury,Match Report,
20,Sat,2025-01-04,17:30 (18:30),Brighton,1.5,1–1,0.9,Arsenal,31714,The American Express Stadium,Anthony Taylor,Match Report,
20,Sun,2025-01-05,14:00 (15:00),Fulham,2.2,2–2,1.5,Ipswich Town,27042,Craven Cottage,Darren Bond,Match Report,
20,Sun,2025-01-05,16:30 (17:30),Liverpool,2.7,2–2,1.0,Manchester Utd,60275,Anfield,Michael Oliver,Match Report,
20,Mon,2025-01-06,20:00 (21:00),Wolves,1.5,0–3,2.1,Nott'ham Forest,29940,Molineux Stadium,Peter Bankes,Match Report,
21,Tue,2025-01-14,19:30 (20:30),West Ham,1.0,3–2,1.7,Fulham,62456,London Stadium,Craig Pawson,Match Report,
21,Tue,2025-01-14,19:30 (20:30),Chelsea,2.5,2–2,1.2,Bournemouth,39092,Stamford Bridge,Robert Jones,Match Report,
21,Tue,2025-01-14,19:30 (20:30),Brentford,2.5,2–2,2.2,Manchester City,17048,Gtech Community Stadium,Anthony Taylor,Match Report,
21,Tue,2025-01-14,20:00 (21:00),Nott'ham Forest,0.3,1–1,2.0,Liverpool,30249,The City Ground,Chris Kavanagh,Match Report,
21,Wed,2025-01-15,19:30 (20:30),Leicester City,1.7,0–2,1.8,Crystal Palace,29766,King Power Stadium,Andy Madley,Match Report,
21,Wed,2025-01-15,19:30 (20:30),Everton,1.1,0–1,1.2,Aston Villa,39085,Goodison Park,Samuel Barrott,Match Report,
21,Wed,2025-01-15,19:30 (20:30),Newcastle Utd,2.1,3–0,1.6,Wolves,51975,St James' Park,Darren England,Match Report,
21,Wed,2025-01-15,20:00 (21:00),Arsenal,1.4,2–1,0.8,Tottenham,60287,Emirates Stadium,Simon Hooper,Match Report,
21,Thu,2025-01-16,19:30 (20:30),Ipswich Town,0.3,0–2,1.0,Brighton,29403,Portman Road Stadium,Tony Harrington,Match Report,
21,Thu,2025-01-16,20:00 (21:00),Manchester Utd,3.4,3–1,1.4,Southampton,73722,Old Trafford,John Brooks,Match Report,
22,Sat,2025-01-18,12:30 (13:30),Newcastle Utd,0.8,1–4,2.0,Bournemouth,52227,St James' Park,Stuart Attwell,Match Report,
22,Sat,2025-01-18,15:00 (16:00),Leicester City,0.6,0–2,2.0,Fulham,31500,King Power Stadium,Michael Salisbury,Match Report,
22,Sat,2025-01-18,15:00 (16:00),West Ham,0.3,0–2,1.3,Crystal Palace,62469,London Stadium,Thomas Bramall,Match Report,
22,Sat,2025-01-18,15:00 (16:00),Brentford,0.7,0–2,3.4,Liverpool,17215,Gtech Community Stadium,Andy Madley,Match Report,
22,Sat,2025-01-18,17:30 (18:30),Arsenal,1.3,2–2,1.0,Aston Villa,60067,Emirates Stadium,Chris Kavanagh,Match Report,
22,Sun,2025-01-19,14:00 (15:00),Everton,1.8,3–2,1.1,Tottenham,39326,Goodison Park,Darren England,Match Report,
22,Sun,2025-01-19,14:00 (15:00),Manchester Utd,1.5,1–3,1.9,Brighton,73758,Old Trafford,Peter Bankes,Match Report,
22,Sun,2025-01-19,14:00 (15:00),Nott'ham Forest,1.8,3–2,0.9,Southampton,30180,The City Ground,Anthony Taylor,Match Report,
22,Sun,2025-01-19,16:30 (17:30),Ipswich Town,0.5,0–6,3.0,Manchester City,29841,Portman Road Stadium,Samuel Barrott,Match Report,
22,Mon,2025-01-20,20:00 (21:00),Chelsea,3.1,3–1,0.8,Wolves,39221,Stamford Bridge,Simon Hooper,Match Report,
23,Sat,2025-01-25,15:00 (16:00),Southampton,0.8,1–3,2.9,Newcastle Utd,31141,St Mary's Stadium,Samuel Barrott,Match Report,
23,Sat,2025-01-25,15:00 (16:00),Brighton,0.7,0–1,0.8,Everton,31087,The American Express Stadium,Tim Robinson,Match Report,
23,Sat,2025-01-25,15:00 (16:00),Liverpool,2.0,4–1,0.5,Ipswich Town,60420,Anfield,Michael Salisbury,Match Report,
23,Sat,2025-01-25,15:00 (16:00),Bournemouth,1.7,5–0,1.0,Nott'ham Forest,11228,Vitality Stadium,Craig Pawson,Match Report,
Wk,Day,Date,Time,Home,xG,Score,xG,Away,Attendance,Venue,Referee,Match Report,Notes
23,Sat,2025-01-25,15:00 (16:00),Wolves,0.7,0–1,1.0,Arsenal,31503,Molineux Stadium,Michael Oliver,Match Report,
23,Sat,2025-01-25,17:30 (18:30),Manchester City,2.2,3–1,1.8,Chelsea,52687,Etihad Stadium,John Brooks,Match Report,
23,Sun,2025-01-26,14:00 (15:00),Crystal Palace,1.1,1–2,1.3,Brentford,25066,Selhurst Park,Tony Harrington,Match Report,
23,Sun,2025-01-26,14:00 (15:00),Tottenham,1.0,1–2,1.6,Leicester City,61295,Tottenham Hotspur Stadium,Robert Jones,Match Report,
23,Sun,2025-01-26,16:30 (17:30),Aston Villa,0.9,1–1,1.3,West Ham,41628,Villa Park,Peter Bankes,Match Report,
23,Sun,2025-01-26,19:00 (20:00),Fulham,0.7,0–1,0.3,Manchester Utd,27288,Craven Cottage,Anthony Taylor,Match Report,
24,Sat,2025-02-01,12:30 (13:30),Nott'ham Forest,3.3,7–0,0.9,Brighton,30164,The City Ground,Simon Hooper,Match Report,
24,Sat,2025-02-01,15:00 (16:00),Everton,2.5,4–0,0.3,Leicester City,39376,Goodison Park,Darren Bond,Match Report,
24,Sat,2025-02-01,15:00 (16:00),Newcastle Utd,0.8,1–2,1.6,Fulham,52173,St James' Park,Chris Kavanagh,Match Report,
24,Sat,2025-02-01,15:00 (16:00),Bournemouth,1.6,0–2,2.5,Liverpool,11239,Vitality Stadium,Darren England,Match Report,
24,Sat,2025-02-01,15:00 (16:00),Ipswich Town,1.8,1–2,0.9,Southampton,29902,Portman Road Stadium,Michael Oliver,Match Report,
24,Sat,2025-02-01,17:30 (18:30),Wolves,1.6,2–0,0.4,Aston Villa,31385,Molineux Stadium,Andy Madley,Match Report,
24,Sun,2025-02-02,14:00 (15:00),Manchester Utd,1.1,0–2,2.6,Crystal Palace,73751,Old Trafford,John Brooks,Match Report,
24,Sun,2025-02-02,14:00 (15:00),Brentford,2.1,0–2,0.8,Tottenham,17154,Gtech Community Stadium,Jarred Gillett,Match Report,
24,Sun,2025-02-02,16:30 (17:30),Arsenal,1.0,5–1,0.8,Manchester City,60355,Emirates Stadium,Peter Bankes,Match Report,
24,Mon,2025-02-03,20:00 (21:00),Chelsea,1.6,2–1,1.2,West Ham,39459,Stamford Bridge,Stuart Attwell,Match Report,
15,Wed,2025-02-12,19:30 (20:30),Everton,1.0,2–2,0.6,Liverpool,39280,Goodison Park,Michael Oliver,Match Report,
25,Fri,2025-02-14,20:00 (21:00),Brighton,1.4,3–0,0.5,Chelsea,31324,The American Express Stadium,Chris Kavanagh,Match Report,
25,Sat,2025-02-15,12:30 (13:30),Leicester City,0.2,0–2,1.4,Arsenal,31968,King Power Stadium,Samuel Barrott,Match Report,
25,Sat,2025-02-15,15:00 (16:00),Fulham,2.1,2–1,0.4,Nott'ham Forest,27164,Craven Cottage,Thomas Bramall,Match Report,
25,Sat,2025-02-15,15:00 (16:00),Manchester City,1.9,4–0,0.5,Newcastle Utd,52479,Etihad Stadium,Andy Madley,Match Report,
25,Sat,2025-02-15,15:00 (16:00),Southampton,0.8,1–3,1.2,Bournemouth,31037,St Mary's Stadium,Jarred Gillett,Match Report,
25,Sat,2025-02-15,15:00 (16:00),Aston Villa,2.4,1–1,0.4,Ipswich Town,42510,Villa Park,Robert Jones,Match Report,
25,Sat,2025-02-15,15:00 (16:00),West Ham,0.8,0–1,1.6,Brentford,62415,London Stadium,Darren England,Match Report,
25,Sat,2025-02-15,17:30 (18:30),Crystal Palace,1.6,1–2,0.9,Everton,25108,Selhurst Park,Anthony Taylor,Match Report,
25,Sun,2025-02-16,14:00 (15:00),Liverpool,1.7,2–1,1.5,Wolves,60248,Anfield,Simon Hooper,Match Report,
25,Sun,2025-02-16,16:30 (17:30),Tottenham,2.2,1–0,1.5,Manchester Utd,61383,Tottenham Hotspur Stadium,Peter Bankes,Match Report,
29,Wed,2025-02-19,19:30 (20:30),Aston Villa,0.6,2–2,2.5,Liverpool,41910,Villa Park,Craig Pawson,Match Report,
26,Fri,2025-02-21,20:00 (21:00),Leicester City,0.5,0–4,1.5,Brentford,31077,King Power Stadium,Tony Harrington,Match Report,
26,Sat,2025-02-22,12:30 (13:30),Everton,1.6,2–2,0.4,Manchester Utd,39290,Goodison Park,Andy Madley,Match Report,
Wk,Day,Date,Time,Home,xG,Score,xG,Away,Attendance,Venue,Referee,Match Report,Notes
26,Sat,2025-02-22,15:00 (16:00),Fulham,0.2,0–2,1.3,Crystal Palace,26777,Craven Cottage,Robert Jones,Match Report,
26,Sat,2025-02-22,15:00 (16:00),Bournemouth,0.9,0–1,2.0,Wolves,11206,Vitality Stadium,Michael Salisbury,Match Report,
26,Sat,2025-02-22,15:00 (16:00),Ipswich Town,1.1,1–4,1.7,Tottenham,30003,Portman Road Stadium,Tim Robinson,Match Report,
26,Sat,2025-02-22,15:00 (16:00),Arsenal,1.2,0–1,1.1,West Ham,60262,Emirates Stadium,Craig Pawson,Match Report,
26,Sat,2025-02-22,15:00 (16:00),Southampton,0.1,0–4,3.9,Brighton,30775,St Mary's Stadium,Darren Bond,Match Report,
26,Sat,2025-02-22,17:30 (18:30),Aston Villa,2.3,2–1,2.3,Chelsea,42423,Villa Park,Michael Oliver,Match Report,
26,Sun,2025-02-23,14:00 (15:00),Newcastle Utd,2.9,4–3,1.7,Nott'ham Forest,52223,St James' Park,Jarred Gillett,Match Report,
26,Sun,2025-02-23,16:30 (17:30),Manchester City,0.6,0–2,0.7,Liverpool,52803,Etihad Stadium,Anthony Taylor,Match Report,
27,Tue,2025-02-25,19:30 (20:30),Brighton,2.4,2–1,1.5,Bournemouth,31138,The American Express Stadium,Michael Oliver,Match Report,
27,Tue,2025-02-25,19:30 (20:30),Crystal Palace,4.3,4–1,0.4,Aston Villa,24712,Selhurst Park,Samuel Barrott,Match Report,
27,Tue,2025-02-25,19:30 (20:30),Wolves,1.3,1–2,1.7,Fulham,28708,Molineux Stadium,Peter Bankes,Match Report,
27,Tue,2025-02-25,20:15 (21:15),Chelsea,2.4,4–0,0.7,Southampton,39485,Stamford Bridge,Thomas Bramall,Match Report,
27,Wed,2025-02-26,19:30 (20:30),Tottenham,1.3,0–1,2.1,Manchester City,60820,Tottenham Hotspur Stadium,Jarred Gillett,Match Report,
27,Wed,2025-02-26,19:30 (20:30),Nott'ham Forest,0.4,0–0,1.0,Arsenal,30200,The City Ground,Andy Madley,Match Report,
27,Wed,2025-02-26,19:30 (20:30),Manchester Utd,0.7,3–2,1.4,Ipswich Town,73827,Old Trafford,Darren England,Match Report,
27,Wed,2025-02-26,19:30 (20:30),Brentford,1.4,1–1,1.5,Everton,17082,Gtech Community Stadium,Simon Hooper,Match Report,
27,Wed,2025-02-26,20:15 (21:15),Liverpool,1.7,2–0,0.2,Newcastle Utd,60374,Anfield,Stuart Attwell,Match Report,
27,Thu,2025-02-27,20:00 (21:00),West Ham,1.3,2–0,0.4,Leicester City,62455,London Stadium,Anthony Taylor,Match Report,
28,Sat,2025-03-08,12:30 (13:30),Nott'ham Forest,0.7,1–0,0.9,Manchester City,30252,The City Ground,Chris Kavanagh,Match Report,
28,Sat,2025-03-08,15:00 (16:00),Liverpool,3.9,3–1,0.4,Southampton,60399,Anfield,Lewis Smith,Match Report,
28,Sat,2025-03-08,15:00 (16:00),Brighton,1.5,2–1,0.9,Fulham,31584,The American Express Stadium,Samuel Barrott,Match Report,
28,Sat,2025-03-08,15:00 (16:00),Crystal Palace,3.2,1–0,1.5,Ipswich Town,25155,Selhurst Park,Simon Hooper,Match Report,
28,Sat,2025-03-08,17:30 (18:30),Brentford,0.8,0–1,1.3,Aston Villa,17171,Gtech Community Stadium,Jarred Gillett,Match Report,
28,Sat,2025-03-08,20:00 (21:00),Wolves,0.8,1–1,1.2,Everton,30738,Molineux Stadium,Stuart Attwell,Match Report,
28,Sun,2025-03-09,14:00 (15:00),Chelsea,1.7,1–0,0.1,Leicester City,39750,Stamford Bridge,Tim Robinson,Match Report,
28,Sun,2025-03-09,14:00 (15:00),Tottenham,1.5,2–2,2.2,Bournemouth,61178,Tottenham Hotspur Stadium,John Brooks,Match Report,
28,Sun,2025-03-09,16:30 (17:30),Manchester Utd,1.5,1–1,1.6,Arsenal,73812,Old Trafford,Anthony Taylor,Match Report,
28,Mon,2025-03-10,20:00 (21:00),West Ham,0.7,0–1,1.4,Newcastle Utd,62463,London Stadium,Michael Salisbury,Match Report,
29,Sat,2025-03-15,15:00 (16:00),Everton,1.0,1–1,0.8,West Ham,39343,Goodison Park,Darren Bond,Match Report,
29,Sat,2025-03-15,15:00 (16:00),Southampton,1.3,1–2,0.4,Wolves,30950,St Mary's Stadium,Robert Jones,Match Report,
29,Sat,2025-03-15,15:00 (16:00),Ipswich Town,0.4,2–4,1.5,Nott'ham Forest,29878,Portman Road Stadium,Michael Salisbury,Match Report,
29,Sat,2025-03-15,15:00 (16:00),Manchester City,1.7,2–2,2.0,Brighton,52471,Etihad Stadium,Simon Hooper,Match Report,
Wk,Day,Date,Time,Home,xG,Score,xG,Away,Attendance,Venue,Referee,Match Report,Notes
29,Sat,2025-03-15,17:30 (18:30),Bournemouth,1.6,1–2,0.8,Brentford,11180,Vitality Stadium,Craig Pawson,Match Report,
29,Sun,2025-03-16,13:30 (14:30),Arsenal,0.7,1–0,0.4,Chelsea,60311,Emirates Stadium,Chris Kavanagh,Match Report,
29,Sun,2025-03-16,13:30 (14:30),Fulham,1.0,2–0,0.9,Tottenham,27182,Craven Cottage,Andy Madley,Match Report,
29,Sun,2025-03-16,19:00 (20:00),Leicester City,1.0,0–3,0.9,Manchester Utd,31773,King Power Stadium,Thomas Bramall,Match Report,
30,Tue,2025-04-01,19:45 (20:45),Arsenal,2.2,2–1,1.0,Fulham,60256,Emirates Stadium,John Brooks,Match Report,
30,Tue,2025-04-01,19:45 (20:45),Wolves,1.2,1–0,1.3,West Ham,29587,Molineux Stadium,Tony Harrington,Match Report,
30,Tue,2025-04-01,20:00 (21:00),Nott'ham Forest,0.5,1–0,1.6,Manchester Utd,30249,The City Ground,Jarred Gillett,Match Report,
30,Wed,2025-04-02,19:45 (20:45),Newcastle Utd,1.3,2–1,1.5,Brentford,52021,St James' Park,Peter Bankes,Match Report,
30,Wed,2025-04-02,19:45 (20:45),Manchester City,2.2,2–0,0.1,Leicester City,52148,Etihad Stadium,Darren England,Match Report,
30,Wed,2025-04-02,19:45 (20:45),Southampton,0.7,1–1,0.7,Crystal Palace,30158,St Mary's Stadium,Andy Madley,Match Report,
30,Wed,2025-04-02,19:45 (20:45),Bournemouth,1.8,1–2,1.2,Ipswich Town,11192,Vitality Stadium,Robert Jones,Match Report,
30,Wed,2025-04-02,19:45 (20:45),Brighton,0.9,0–3,1.2,Aston Villa,27895,The American Express Stadium,Stuart Attwell,Match Report,
30,Wed,2025-04-02,20:00 (21:00),Liverpool,1.5,1–0,0.9,Everton,60457,Anfield,Samuel Barrott,Match Report,
30,Thu,2025-04-03,20:00 (21:00),Chelsea,1.0,1–0,0.9,Tottenham,39852,Stamford Bridge,Craig Pawson,Match Report,
31,Sat,2025-04-05,12:30 (13:30),Everton,1.1,1–1,1.8,Arsenal,39316,Goodison Park,Darren England,Match Report,
31,Sat,2025-04-05,15:00 (16:00),Crystal Palace,0.6,2–1,1.0,Brighton,24564,Selhurst Park,Anthony Taylor,Match Report,
31,Sat,2025-04-05,15:00 (16:00),Ipswich Town,0.8,1–2,2.6,Wolves,29549,Portman Road Stadium,Peter Bankes,Match Report,
31,Sat,2025-04-05,15:00 (16:00),West Ham,0.7,2–2,2.1,Bournemouth,62459,London Stadium,Tim Robinson,Match Report,
31,Sat,2025-04-05,17:30 (18:30),Aston Villa,3.0,2–1,1.5,Nott'ham Forest,42743,Villa Park,Simon Hooper,Match Report,
31,Sun,2025-04-06,14:00 (15:00),Fulham,0.7,3–2,1.5,Liverpool,27770,Craven Cottage,Chris Kavanagh,Match Report,
31,Sun,2025-04-06,14:00 (15:00),Brentford,1.1,0–0,1.2,Chelsea,17183,Gtech Community Stadium,Michael Oliver,Match Report,
31,Sun,2025-04-06,14:00 (15:00),Tottenham,2.1,3–1,1.0,Southampton,60984,Tottenham Hotspur Stadium,Michael Salisbury,Match Report,
31,Sun,2025-04-06,16:30 (17:30),Manchester Utd,0.9,0–0,0.5,Manchester City,73738,Old Trafford,John Brooks,Match Report,
31,Mon,2025-04-07,20:00 (21:00),Leicester City,0.5,0–3,3.2,Newcastle Utd,30403,King Power Stadium,Robert Jones,Match Report,
32,Sat,2025-04-12,12:30 (13:30),Manchester City,3.7,5–2,1.8,Crystal Palace,52489,Etihad Stadium,Jarred Gillett,Match Report,
32,Sat,2025-04-12,15:00 (16:00),Brighton,3.8,2–2,1.5,Leicester City,31150,The American Express Stadium,Darren Bond,Match Report,
32,Sat,2025-04-12,15:00 (16:00),Southampton,0.3,0–3,3.0,Aston Villa,30199,St Mary's Stadium,Thomas Bramall,Match Report,
32,Sat,2025-04-12,15:00 (16:00),Nott'ham Forest,0.5,0–1,1.4,Everton,30199,The City Ground,Craig Pawson,Match Report,
32,Sat,2025-04-12,17:30 (18:30),Arsenal,1.0,1–1,0.2,Brentford,60184,Emirates Stadium,Simon Hooper,Match Report,
32,Sun,2025-04-13,14:00 (15:00),Liverpool,1.8,2–1,1.4,West Ham,60376,Anfield,Andy Madley,Match Report,
32,Sun,2025-04-13,14:00 (15:00),Chelsea,2.2,2–2,1.1,Ipswich Town,39805,Stamford Bridge,Stuart Attwell,Match Report,
32,Sun,2025-04-13,14:00 (15:00),Wolves,2.4,4–2,2.0,Tottenham,31463,Molineux Stadium,Anthony Taylor,Match Report,
Wk,Day,Date,Time,Home,xG,Score,xG,Away,Attendance,Venue,Referee,Match Report,Notes
32,Sun,2025-04-13,16:30 (17:30),Newcastle Utd,2.2,4–1,0.7,Manchester Utd,52252,St James' Park,Chris Kavanagh,Match Report,
32,Mon,2025-04-14,20:00 (21:00),Bournemouth,1.4,1–0,1.0,Fulham,11195,Vitality Stadium,Michael Oliver,Match Report,
29,Wed,2025-04-16,19:30 (20:30),Newcastle Utd,1.5,5–0,2.0,Crystal Palace,52197,St James' Park,Darren England,Match Report,
33,Sat,2025-04-19,15:00 (16:00),Everton,0.9,0–2,2.0,Manchester City,39332,Goodison Park,Simon Hooper,Match Report,
33,Sat,2025-04-19,15:00 (16:00),West Ham,0.9,1–1,0.6,Southampton,62461,London Stadium,Andrew Kitchen,Match Report,
33,Sat,2025-04-19,15:00 (16:00),Crystal Palace,0.4,0–0,0.7,Bournemouth,25185,Selhurst Park,Samuel Barrott,Match Report,
33,Sat,2025-04-19,15:00 (16:00),Brentford,2.1,4–2,1.4,Brighton,17083,Gtech Community Stadium,Tim Robinson,Match Report,
33,Sat,2025-04-19,17:30 (18:30),Aston Villa,2.2,4–1,1.0,Newcastle Utd,42618,Villa Park,Jarred Gillett,Match Report,
33,Sun,2025-04-20,14:00 (15:00),Fulham,0.3,1–2,0.9,Chelsea,27712,Craven Cottage,Anthony Taylor,Match Report,
33,Sun,2025-04-20,14:00 (15:00),Ipswich Town,0.2,0–4,2.4,Arsenal,29549,Portman Road Stadium,Chris Kavanagh,Match Report,
33,Sun,2025-04-20,14:00 (15:00),Manchester Utd,1.3,0–1,0.2,Wolves,73819,Old Trafford,Robert Jones,Match Report,
33,Sun,2025-04-20,16:30 (17:30),Leicester City,0.3,0–1,2.5,Liverpool,30402,King Power Stadium,Stuart Attwell,Match Report,
33,Mon,2025-04-21,20:00 (21:00),Tottenham,2.1,1–2,0.5,Nott'ham Forest,59314,Tottenham Hotspur Stadium,Peter Bankes,Match Report,
34,Tue,2025-04-22,20:00 (21:00),Manchester City,1.3,2–1,1.8,Aston Villa,51834,Etihad Stadium,Craig Pawson,Match Report,
34,Wed,2025-04-23,20:00 (21:00),Arsenal,1.2,2–2,1.7,Crystal Palace,60167,Emirates Stadium,Michael Salisbury,Match Report,
34,Sat,2025-04-26,12:30 (13:30),Chelsea,0.8,1–0,0.4,Everton,39894,Stamford Bridge,Chris Kavanagh,Match Report,
34,Sat,2025-04-26,15:00 (16:00),Brighton,1.3,3–2,1.3,West Ham,31499,The American Express Stadium,Darren England,Match Report,
34,Sat,2025-04-26,15:00 (16:00),Wolves,2.0,3–0,1.1,Leicester City,31518,Molineux Stadium,Samuel Barrott,Match Report,
34,Sat,2025-04-26,15:00 (16:00),Southampton,0.6,1–2,2.4,Fulham,28946,St Mary's Stadium,Tony Harrington,Match Report,
34,Sat,2025-04-26,15:00 (16:00),Newcastle Utd,2.4,3–0,0.1,Ipswich Town,52171,St James' Park,Michael Salisbury,Match Report,
34,Sun,2025-04-27,14:00 (15:00),Bournemouth,0.5,1–1,2.3,Manchester Utd,11241,Vitality Stadium,Peter Bankes,Match Report,
34,Sun,2025-04-27,16:30 (17:30),Liverpool,2.2,5–1,0.5,Tottenham,60415,Anfield,Thomas Bramall,Match Report,
34,Thu,2025-05-01,19:30 (20:30),Nott'ham Forest,0.9,0–2,1.3,Brentford,29040,The City Ground,Darren England,Match Report,
35,Fri,2025-05-02,20:00 (21:00),Manchester City,0.7,1–0,0.4,Wolves,53282,Etihad Stadium,Peter Bankes,Match Report,
35,Sat,2025-05-03,12:30 (13:30),Aston Villa,1.0,1–0,0.9,Fulham,42515,Villa Park,Robert Jones,Match Report,
35,Sat,2025-05-03,15:00 (16:00),Leicester City,1.4,2–0,0.5,Southampton,31240,King Power Stadium,David Webb,Match Report,
35,Sat,2025-05-03,15:00 (16:00),Everton,0.6,2–2,0.8,Ipswich Town,39305,Goodison Park,Lewis Smith,Match Report,
35,Sat,2025-05-03,17:30 (18:30),Arsenal,1.4,1–2,0.9,Bournemouth,60110,Emirates Stadium,Jarred Gillett,Match Report,
35,Sun,2025-05-04,14:00 (15:00),Brighton,0.7,1–1,1.7,Newcastle Utd,31580,The American Express Stadium,Craig Pawson,Match Report,
35,Sun,2025-05-04,14:00 (15:00),West Ham,0.8,1–1,0.8,Tottenham,62468,London Stadium,Michael Oliver,Match Report,
35,Sun,2025-05-04,14:00 (15:00),Brentford,2.8,4–3,1.5,Manchester Utd,18915,Gtech Community Stadium,Anthony Taylor,Match Report,
Wk,Day,Date,Time,Home,xG,Score,xG,Away,Attendance,Venue,Referee,Match Report,Notes
35,Sun,2025-05-04,16:30 (17:30),Chelsea,3.1,3–1,1.0,Liverpool,39829,Stamford Bridge,Simon Hooper,Match Report,
35,Mon,2025-05-05,20:00 (21:00),Crystal Palace,2.3,1–1,0.7,Nott'ham Forest,25096,Selhurst Park,Andy Madley,Match Report,
36,Sat,2025-05-10,15:00 (16:00),Ipswich Town,0.9,0–1,1.4,Brentford,29511,Portman Road Stadium,Samuel Barrott,Match Report,
36,Sat,2025-05-10,15:00 (16:00),Fulham,0.8,1–3,1.1,Everton,27653,Craven Cottage,Darren England,Match Report,
36,Sat,2025-05-10,15:00 (16:00),Wolves,0.9,0–2,1.6,Brighton,31279,Molineux Stadium,Michael Oliver,Match Report,
36,Sat,2025-05-10,15:00 (16:00),Southampton,0.1,0–0,1.7,Manchester City,30937,St Mary's Stadium,Tim Robinson,Match Report,
36,Sat,2025-05-10,17:30 (18:30),Bournemouth,0.8,0–1,1.0,Aston Villa,11187,Vitality Stadium,Stuart Attwell,Match Report,
36,Sun,2025-05-11,12:00 (13:00),Newcastle Utd,1.6,2–0,0.7,Chelsea,52231,St James' Park,John Brooks,Match Report,
36,Sun,2025-05-11,14:15 (15:15),Nott'ham Forest,1.3,2–2,1.1,Leicester City,30245,The City Ground,Tony Harrington,Match Report,
36,Sun,2025-05-11,14:15 (15:15),Tottenham,0.7,0–2,3.3,Crystal Palace,60254,Tottenham Hotspur Stadium,Chris Kavanagh,Match Report,
36,Sun,2025-05-11,14:15 (15:15),Manchester Utd,2.1,0–2,1.7,West Ham,73804,Old Trafford,Jarred Gillett,Match Report,
36,Sun,2025-05-11,16:30 (17:30),Liverpool,2.4,2–2,2.6,Arsenal,60324,Anfield,Anthony Taylor,Match Report,
37,Fri,2025-05-16,19:30 (20:30),Aston Villa,1.4,2–0,0.5,Tottenham,42239,Villa Park,Peter Bankes,Match Report,
37,Fri,2025-05-16,20:15 (21:15),Chelsea,0.8,1–0,0.3,Manchester Utd,39849,Stamford Bridge,Chris Kavanagh,Match Report,
37,Sun,2025-05-18,12:00 (13:00),Everton,2.7,2–0,1.2,Southampton,39201,Goodison Park,Michael Oliver,Match Report,
37,Sun,2025-05-18,14:15 (15:15),West Ham,1.1,1–2,1.9,Nott'ham Forest,62466,London Stadium,Samuel Barrott,Match Report,
37,Sun,2025-05-18,15:00 (16:00),Brentford,2.5,2–3,1.0,Fulham,17136,Gtech Community Stadium,Jarred Gillett,Match Report,
37,Sun,2025-05-18,15:00 (16:00),Leicester City,0.8,2–0,1.4,Ipswich Town,31986,King Power Stadium,Andrew Kitchen,Match Report,
37,Sun,2025-05-18,16:30 (17:30),Arsenal,0.6,1–0,1.5,Newcastle Utd,60160,Emirates Stadium,Simon Hooper,Match Report,
37,Mon,2025-05-19,20:00 (21:00),Brighton,2.2,3–2,2.2,Liverpool,31611,The American Express Stadium,Andy Madley,Match Report,
37,Tue,2025-05-20,20:00 (21:00),Manchester City,1.5,3–1,1.1,Bournemouth,52487,Etihad Stadium,Thomas Bramall,Match Report,
37,Tue,2025-05-20,20:00 (21:00),Crystal Palace,1.7,4–2,1.4,Wolves,24766,Selhurst Park,David Webb,Match Report,
38,Sun,2025-05-25,16:00 (17:00),Manchester Utd,2.9,2–0,0.4,Aston Villa,73839,Old Trafford,Thomas Bramall,Match Report,
38,Sun,2025-05-25,16:00 (17:00),Ipswich Town,0.7,1–3,1.1,West Ham,29771,Portman Road Stadium,Tim Robinson,Match Report,
38,Sun,2025-05-25,16:00 (17:00),Wolves,1.0,1–1,1.4,Brentford,31382,Molineux Stadium,Craig Pawson,Match Report,
38,Sun,2025-05-25,16:00 (17:00),Southampton,0.6,1–2,2.3,Arsenal,31289,St Mary's Stadium,Darren Bond,Match Report,
38,Sun,2025-05-25,16:00 (17:00),Liverpool,2.1,1–1,1.8,Crystal Palace,60382,Anfield,Darren England,Match Report,
38,Sun,2025-05-25,16:00 (17:00),Nott'ham Forest,1.2,0–1,1.1,Chelsea,30263,The City Ground,Anthony Taylor,Match Report,
38,Sun,2025-05-25,16:00 (17:00),Fulham,1.3,0–2,3.0,Manchester City,27671,Craven Cottage,Andy Madley,Match Report,
38,Sun,2025-05-25,16:00 (17:00),Newcastle Utd,1.2,0–1,1.2,Everton,52221,St James' Park,Tony Harrington,Match Report,
38,Sun,2025-05-25,16:00 (17:00),Bournemouth,1.6,2–0,0.3,Leicester City,11238,Vitality Stadium,Lewis Smith,Match Report,
38,Sun,2025-05-25,16:00 (17:00),Tottenham,2.0,1–4,2.2,Brighton,61449,Tottenham Hotspur Stadium,Robert Jones,Match Report,
