rk,player,nation,pos,squad,age,born,90s,touches,def_pen,def_3rd,mid_3rd,att_3rd,att_pen,live,att,succ,succ_take_o,tkld,tkld_take_o,carries,totdist,prgdist,prgc,1_3,cpa,mis,dis,rec,prgr,matches
1,Rodrigo Abascal,uy URU,DF,Boavista,28,1994,25.5,1723,203,907,715,109,17,1723,7,3,42.9,4,57.1,968,4044,2229,10,12,0,12,2,1118,13,Matches
2,Giorgi Aburjania,ge GEO,MF,Gil Vicente FC,27,1995,17.9,1129,30,200,688,255,18,1129,23,12,52.2,7,30.4,649,3280,1709,33,30,3,26,18,806,37,Matches
3,Elias Achouri,tn TUN,MF,Estoril,23,1999,0.1,9,1,3,2,4,0,9,0,0,,0,,4,31,19,1,1,0,1,0,6,1,Matches
4,Antonio Adán,es ESP,GK,Sporting CP,35,1987,31.0,1075,965,1070,4,1,1,1075,0,0,,0,,665,2833,1647,0,0,0,1,0,588,0,Matches
5,Adriano,br BRA,"MF,DF",Santa Clara,22,1999,24.5,1230,119,458,693,103,13,1230,33,21,63.6,10,30.3,631,3262,1608,16,19,1,15,18,698,17,Matches
6,João Afonso Crispim,br BRA,MF,Marítimo,27,1995,16.3,835,55,261,510,71,4,835,9,3,33.3,5,55.6,309,1407,496,3,5,0,21,12,432,8,Matches
7,Lucas Áfrico,br BRA,DF,Estoril,27,1995,3.9,199,32,124,67,9,5,199,1,0,0.0,1,100.0,140,838,584,1,2,0,1,0,151,0,Matches
8,Martin Agirregabiria,es ESP,"DF,FW",Famalicão,26,1996,4.5,251,18,93,118,46,3,251,7,4,57.1,3,42.9,137,776,414,10,6,2,5,0,157,14,Matches
9,Salvador Agra,pt POR,"FW,MF",Boavista,30,1991,18.3,837,13,102,367,375,29,837,44,15,34.1,23,52.3,468,2689,1317,46,26,9,28,17,574,132,Matches
10,Mohamed Aidara,ci CIV,"DF,FW",Vizela,25,1996,2.7,124,25,88,36,1,1,124,0,0,,0,,74,330,160,1,0,0,2,0,77,0,Matches
11,Alemão,br BRA,DF,Portimonense,19,2002,4.0,297,46,172,122,4,1,297,0,0,,0,,161,977,460,1,1,0,5,1,182,0,Matches
12,Sotiris Alexandropoulos,gr GRE,MF,Sporting CP,20,2001,1.2,84,3,17,48,20,2,84,4,1,25.0,3,75.0,40,241,154,7,3,1,2,0,47,3,Matches
13,Ali Alipour,ir IRN,"FW,MF",Gil Vicente FC,26,1995,5.9,224,4,19,78,131,34,224,16,4,25.0,7,43.8,138,540,188,7,4,2,12,11,168,61,Matches
14,Allano,br BRA,"FW,MF",Santa Clara,27,1995,12.6,684,12,109,351,238,27,683,53,22,41.5,21,39.6,395,2488,1182,37,33,9,58,14,460,96,Matches
15,Domingos André Ribeiro Almeida,pt POR,MF,Vitória,22,2000,2.6,152,5,36,82,36,5,152,9,4,44.4,5,55.6,85,398,183,6,4,0,6,10,91,2,Matches
16,Jordi Almeida,br BRA,GK,Paços de Ferreira,28,1993,6.0,215,202,215,0,0,0,215,0,0,,0,,96,522,297,0,0,0,1,0,64,0,Matches
17,Alejandro Alvarado Jr.,us USA,"FW,MF",Vizela,19,2003,0.8,36,1,7,14,17,4,36,8,4,50.0,4,50.0,21,161,74,3,2,0,3,0,23,4,Matches
18,Pedro Álvaro,pt POR,DF,Estoril,22,2000,28.6,1791,330,1061,687,49,20,1791,9,5,55.6,4,44.4,1105,5949,3698,14,10,4,4,5,1258,5,Matches
19,Pedro Amaral,pt POR,DF,Rio Ave,24,1997,11.0,774,32,221,345,212,7,774,20,7,35.0,11,55.0,392,1714,974,11,11,0,7,7,476,43,Matches
20,André Amaro,pt POR,DF,Vitória,19,2002,26.2,1433,163,734,656,54,20,1433,13,5,38.5,6,46.2,793,4211,2477,22,14,0,8,7,879,2,Matches
21,Anderson,br BRA,FW,Vitória,24,1997,15.0,412,19,32,174,210,71,412,45,15,33.3,28,62.2,251,1256,550,23,18,13,62,27,312,78,Matches
22,Anderson,br BRA,"FW,MF",Portimonense,24,1998,4.2,184,1,18,81,88,10,184,18,9,50.0,6,33.3,133,906,455,11,12,2,12,6,136,23,Matches
23,Léo Andrade,br BRA,DF,Marítimo,24,1998,11.8,629,68,357,250,28,11,629,3,1,33.3,0,0.0,237,986,466,2,1,0,7,1,346,5,Matches
24,André André,pt POR,MF,Vitória,32,1989,15.0,877,22,162,561,163,18,877,26,15,57.7,8,30.8,483,2352,1150,24,12,4,32,16,591,32,Matches
25,Andrew,br BRA,GK,Gil Vicente FC,21,2001,23.7,1013,835,1009,5,0,0,1013,0,0,,0,,539,2517,1649,0,0,0,1,0,410,0,Matches
Rk,Player,Nation,Pos,Squad,Age,Born,90s,Touches,Def Pen,Def 3rd,Mid 3rd,Att 3rd,Att Pen,Live,Att,Succ,Succ%,Tkld,Tkld%,Carries,TotDist,PrgDist,PrgC,1/3,CPA,Mis,Dis,Rec,PrgR,Matches
26,Andrezinho,pt POR,"FW,MF",Santa Clara,25,1996,6.0,282,5,43,135,112,21,282,25,9,36.0,12,48.0,167,1267,595,17,12,3,15,9,173,39,Matches
27,Paulo Vítor Fagundes dos Anjos,br BRA,GK,Chaves,33,1988,30.0,1130,995,1126,6,0,0,1130,2,2,100.0,0,0.0,530,3283,2139,0,2,2,3,0,324,0,Matches
28,Carnejy Antoine,ht HAI,"FW,MF",Casa Pia,31,1991,1.4,71,3,5,30,38,7,71,3,0,0.0,3,100.0,41,199,116,4,4,2,7,3,45,7,Matches
29,Antony,br BRA,"FW,MF",Arouca,20,2001,26.4,974,10,172,408,415,63,974,68,33,48.5,32,47.1,569,3981,1763,52,50,16,69,36,624,166,Matches
30,Vitorino Antunes,pt POR,DF,Paços de Ferreira,35,1987,29.6,2061,97,714,908,460,17,2060,44,24,54.5,16,36.4,995,5309,2822,62,48,5,35,19,1090,62,Matches
31,Bilel Aouacheria,fr FRA,"FW,MF",Gil Vicente FC,28,1994,8.3,339,4,37,138,174,19,339,39,12,30.8,20,51.3,219,1434,716,25,21,10,24,14,250,71,Matches
32,Wilinton Aponzá,co COL,MF,Portimonense,22,2000,0.0,2,0,0,0,2,0,2,0,0,,0,,1,30,10,1,0,0,1,0,1,1,Matches
33,Mizuki Arai,jp JPN,"FW,MF",Gil Vicente FC,25,1997,3.3,155,1,18,48,91,14,155,11,3,27.3,8,72.7,90,649,331,14,5,4,7,8,103,43,Matches
34,Henrique Araújo,pt POR,"MF,FW",Benfica,20,2002,0.8,25,1,1,10,14,7,25,1,1,100.0,0,0.0,14,69,47,2,2,1,1,1,19,8,Matches
35,Tiago Araújo,pt POR,"DF,FW",Estoril,21,2001,9.8,554,34,179,202,180,15,554,23,11,47.8,11,47.8,265,1693,892,26,18,3,19,8,287,67,Matches
36,Tomás Araújo,pt POR,DF,Gil Vicente FC,20,2002,20.8,1542,165,796,683,77,28,1542,22,11,50.0,8,36.4,920,5032,3432,27,17,0,11,6,1015,7,Matches
37,Arthur,br BRA,"FW,MF",Estoril,24,1998,3.1,96,2,15,43,39,7,96,9,5,55.6,4,44.4,63,463,240,10,2,4,6,6,72,18,Matches
38,Arthur,br BRA,"MF,DF",Sporting CP,24,1998,8.9,644,7,77,226,351,31,644,51,26,51.0,20,39.2,374,2695,1342,46,24,8,23,7,422,100,Matches
39,Gustavo Assuncao,pt POR,MF,Famalicão,22,2000,10.6,637,18,190,374,79,2,637,14,5,35.7,8,57.1,297,1473,774,14,10,1,10,4,383,11,Matches
40,Otavio Ataide,br BRA,DF,Famalicão,20,2002,7.9,475,61,298,165,14,9,475,3,3,100.0,0,0.0,237,1071,475,2,0,0,5,1,309,2,Matches
41,Leo Augusto Pereira,br BRA,"MF,FW",Marítimo,22,2000,5.9,202,1,32,65,107,16,202,26,8,30.8,18,69.2,124,797,351,14,4,5,14,7,128,42,Matches
42,Fredrik Aursnes,no NOR,"FW,MF",Benfica,26,1995,23.9,1867,26,263,985,627,57,1866,36,17,47.2,16,44.4,1056,4546,2285,48,39,7,26,17,1394,135,Matches
43,Matheus Babi,br BRA,FW,Santa Clara,25,1997,15.1,490,21,42,272,179,53,487,24,11,45.8,10,41.7,238,841,261,6,12,1,60,14,350,61,Matches
44,Miguel Baeza,es ESP,"MF,FW",Rio Ave,22,2000,12.0,538,11,83,291,166,13,538,20,5,25.0,14,70.0,274,1584,882,26,17,2,24,8,385,53,Matches
45,Alexander Bah,dk DEN,DF,Benfica,24,1997,20.9,1812,51,363,826,634,27,1812,37,9,24.3,17,45.9,849,4058,2136,59,43,6,27,9,1117,163,Matches
46,Jason Bahamboula,cg CGO,MF,Vitória,21,2001,0.1,7,1,1,4,2,1,7,0,0,,0,,3,4,0,0,0,0,1,0,3,1,Matches
47,Ibrahima Bamba,ci CIV,"DF,MF",Vitória,20,2002,25.8,1337,190,707,586,55,11,1337,17,6,35.3,6,35.3,677,3284,1436,5,7,0,21,7,687,4,Matches
48,Daniel Bandeira,pt POR,MF,Vitória,22,2000,18.3,1124,45,276,676,188,11,1124,32,18,56.3,12,37.5,566,3119,1545,22,21,2,19,15,673,24,Matches
49,Simon Banza,cd COD,FW,Braga,25,1996,16.1,496,14,39,198,265,82,496,41,22,53.7,17,41.5,273,1440,476,20,11,10,56,25,390,88,Matches
50,Romário Baró,pt POR,"MF,FW",Casa Pia,22,2000,10.4,410,9,59,237,124,14,410,35,15,42.9,16,45.7,238,1428,655,15,12,3,19,25,262,34,Matches
Rk,Player,Nation,Pos,Squad,Age,Born,90s,Touches,Def Pen,Def 3rd,Mid 3rd,Att 3rd,Att Pen,Live,Att,Succ,Succ%,Tkld,Tkld%,Carries,TotDist,PrgDist,PrgC,1/3,CPA,Mis,Dis,Rec,PrgR,Matches
51,Luís Bastos,pt POR,DF,Paços de Ferreira,20,2001,4.1,219,20,84,98,39,0,219,5,1,20.0,4,80.0,97,455,230,8,5,0,4,3,119,5,Matches
52,Gabriel Batista,br BRA,GK,Santa Clara,24,1998,26.0,966,796,953,14,0,0,966,1,1,100.0,0,0.0,461,2449,1698,0,0,0,0,0,332,0,Matches
53,Ricardo Batista,pt POR,GK,Casa Pia,35,1986,31.0,1093,983,1088,5,1,0,1093,1,1,100.0,0,0.0,493,2795,1623,1,1,0,1,0,410,0,Matches
54,Dylan Batubinsika,cd COD,DF,Famalicão,26,1996,2.0,126,13,69,58,1,1,126,0,0,,0,,82,309,124,0,0,0,0,0,82,0,Matches
55,Batxi,ao ANG,"FW,MF",Chaves,24,1998,3.6,117,4,13,47,59,9,117,11,5,45.5,5,45.5,69,523,284,14,8,2,9,3,75,18,Matches
56,Clésio Baúque,mz MOZ,"MF,DF",Marítimo,27,1994,0.7,27,1,3,9,15,1,27,5,1,20.0,4,80.0,16,171,47,2,3,0,4,1,15,3,Matches
57,Héctor Bellerín,es ESP,"DF,MF",Sporting CP,27,1995,4.9,359,9,77,148,136,13,359,12,6,50.0,6,50.0,199,940,409,9,8,2,4,7,226,46,Matches
58,Stefano Beltrame,it ITA,MF,Marítimo,29,1993,11.7,493,6,77,287,139,9,493,26,16,61.5,8,30.8,267,1534,712,15,16,4,18,11,309,26,Matches
59,Gilson Benchimol,cv CPV,FW,Estoril,20,2001,3.4,123,6,20,63,42,10,123,11,1,9.1,7,63.6,61,265,109,2,4,0,12,9,76,15,Matches
60,Beni,ao ANG,MF,Casa Pia,20,2002,10.4,508,17,119,307,93,4,508,37,23,62.2,13,35.1,278,1615,590,13,19,0,11,12,310,11,Matches
61,Benny,pt POR,"FW,MF",Chaves,22,2000,13.6,546,9,71,207,276,26,546,34,10,29.4,18,52.9,331,1699,782,29,21,11,32,13,372,111,Matches
62,Berna,ao ANG,MF,Boavista,18,2003,0.1,2,0,0,0,2,0,2,0,0,,0,,1,10,0,0,0,0,0,1,0,0,Matches
63,Paulo Bernardo,pt POR,MF,Paços de Ferreira,20,2002,8.4,361,8,56,221,89,20,361,11,8,72.7,2,18.2,182,687,308,6,3,1,10,4,224,21,Matches
64,Celton Biai,pt POR,GK,Vitória,21,2000,5.0,166,135,162,4,0,0,166,0,0,,0,,92,534,255,0,0,0,0,0,63,0,Matches
65,Pedro Bicalho,br BRA,"MF,FW",Santa Clara,21,2001,2.1,96,2,16,67,14,4,96,1,0,0.0,1,100.0,45,167,37,0,0,0,5,1,58,6,Matches
66,Emmanuel Boateng,gh GHA,"FW,MF",Rio Ave,26,1996,20.7,494,13,64,193,246,73,493,35,4,11.4,20,57.1,290,1357,563,15,13,6,55,22,363,97,Matches
67,Kennedy Boateng,tg TOG,DF,Santa Clara,25,1996,25.7,1359,187,808,491,71,46,1359,5,3,60.0,2,40.0,620,2784,1063,4,2,0,13,5,739,8,Matches
68,Victor Bobsin,br BRA,MF,Santa Clara,22,2000,17.9,905,42,236,587,99,9,905,27,17,63.0,6,22.2,452,2100,924,11,10,1,13,21,534,11,Matches
69,Bolgado,br BRA,DF,Casa Pia,23,1998,5.4,269,60,160,101,9,4,269,0,0,,0,,104,427,228,0,1,0,2,1,132,0,Matches
70,Kiko Bondoso,pt POR,"FW,MF",Vizela,26,1995,31.6,1245,8,136,601,535,90,1245,91,40,44.0,40,44.0,724,4553,2419,74,52,20,68,29,927,214,Matches
71,Gonçalo Borges,pt POR,"FW,MF",Porto,21,2001,1.3,72,1,11,20,44,8,72,14,5,35.7,6,42.9,54,499,243,12,7,1,4,2,53,13,Matches
72,Cristian Borja,co COL,DF,Braga,29,1993,7.6,520,30,142,255,129,7,520,12,9,75.0,2,16.7,243,1187,622,17,8,3,10,0,295,42,Matches
73,Róbert Boženík,sk SVK,FW,Boavista,22,1999,10.8,276,2,14,128,138,40,276,16,8,50.0,7,43.8,166,706,180,9,4,6,26,12,217,57,Matches
74,Rafael Bracalli,br BRA,GK,Boavista,41,1981,28.0,869,750,868,1,0,0,869,2,2,100.0,0,0.0,378,2287,1471,0,1,1,0,0,239,0,Matches
75,Pedro Brazão,pt POR,"MF,FW",Famalicão,19,2002,3.4,157,2,13,69,76,5,157,15,6,40.0,8,53.3,92,473,257,8,9,3,7,6,103,14,Matches
Rk,Player,Nation,Pos,Squad,Age,Born,90s,Touches,Def Pen,Def 3rd,Mid 3rd,Att 3rd,Att Pen,Live,Att,Succ,Succ%,Tkld,Tkld%,Carries,TotDist,PrgDist,PrgC,1/3,CPA,Mis,Dis,Rec,PrgR,Matches
76,Yan Brice Eteki,cm CMR,MF,Casa Pia,24,1997,6.6,337,10,81,215,43,0,337,16,5,31.3,4,25.0,171,761,311,1,6,0,4,15,227,9,Matches
77,Rafael Brito,pt POR,"MF,DF",Marítimo,20,2002,7.1,376,18,110,219,50,4,376,8,3,37.5,5,62.5,166,862,390,4,1,0,7,4,231,8,Matches
78,John Brooks,us USA,"MF,DF",Benfica,29,1993,0.0,4,0,1,0,3,2,4,0,0,,0,,0,0,0,0,0,0,0,0,1,0,Matches
79,Bruma,pt POR,"MF,FW",Braga,27,1994,11.3,626,12,57,225,362,80,626,80,40,50.0,30,37.5,424,3223,1903,72,37,39,23,20,464,91,Matches
80,Matheus Bueno,br BRA,MF,Gil Vicente FC,24,1998,6.2,402,7,77,236,91,7,402,15,9,60.0,6,40.0,222,1044,474,7,5,2,11,6,290,10,Matches
81,André Bukia,cd COD,"FW,MF",Arouca,27,1995,11.4,421,5,67,179,188,19,421,51,22,43.1,23,45.1,288,1920,907,33,16,12,36,11,305,66,Matches
82,Fabijan Buntić,hr CRO,GK,Vizela,25,1997,33.0,958,840,951,8,0,0,958,0,0,,0,,379,2287,1342,0,0,0,0,0,206,0,Matches
83,Oriol Busquets,es ESP,MF,Arouca,23,1999,12.9,785,50,308,429,50,1,785,15,9,60.0,5,33.3,438,1736,685,2,12,0,7,7,512,8,Matches
84,Adrián Butzke,es ESP,FW,Paços de Ferreira,23,1999,14.8,505,15,33,251,229,83,504,20,8,40.0,9,45.0,286,1165,499,13,13,6,30,18,381,61,Matches
85,Jovane Cabral,cv CPV,MF,Sporting CP,24,1998,0.6,51,0,8,32,12,3,51,3,1,33.3,2,66.7,34,187,75,1,1,0,4,3,38,8,Matches
86,Paulo Henrique Rodrigues Cabral,pt POR,DF,Santa Clara,25,1996,15.9,959,49,345,459,165,22,959,17,8,47.1,6,35.3,388,1897,981,18,8,1,20,10,490,39,Matches
87,Jhonder Cádiz,ve VEN,FW,Famalicão,27,1995,14.7,461,24,40,230,192,74,461,19,7,36.8,11,57.9,234,925,293,17,10,11,47,19,375,73,Matches
88,Diogo Calila,mz MOZ,"DF,MF",Santa Clara,23,1998,7.2,402,11,131,196,84,4,402,9,4,44.4,3,33.3,175,1090,551,18,16,1,9,9,197,25,Matches
89,Ibrahima Camará,gn GUI,MF,Boavista,23,1999,11.5,567,18,104,336,136,14,567,30,16,53.3,11,36.7,296,1341,651,17,7,4,22,11,371,19,Matches
90,Francis Cann,gh GHA,FW,Vizela,24,1998,0.4,26,1,7,9,10,2,26,1,0,0.0,1,100.0,16,71,29,0,0,0,2,2,10,5,Matches
91,Reggie Cannon,us USA,DF,Boavista,24,1998,25.7,1462,176,825,590,57,3,1462,13,7,53.8,6,46.2,773,3046,1345,15,10,0,5,13,937,8,Matches
92,Fábio Cardoso,pt POR,DF,Porto,28,1994,13.7,1001,94,470,494,40,22,1001,5,3,60.0,1,20.0,674,2949,1646,3,5,0,3,2,767,2,Matches
93,Felippe Cardoso,br BRA,FW,Casa Pia,23,1998,5.6,178,6,17,87,78,25,177,28,16,57.1,12,42.9,115,692,269,10,4,2,26,10,131,19,Matches
94,Yago Cariello,br BRA,FW,Portimonense,23,1999,15.2,477,21,35,213,230,59,477,24,8,33.3,14,58.3,244,1015,383,14,16,5,52,22,351,70,Matches
95,Carlinhos,br BRA,MF,Portimonense,28,1994,7.6,488,9,74,315,102,2,488,23,10,43.5,12,52.2,298,1948,751,10,8,1,17,14,366,18,Matches
96,João Carlos,br BRA,FW,Estoril,27,1995,7.9,249,11,20,112,120,32,249,17,5,29.4,11,64.7,124,550,183,7,7,2,24,19,163,37,Matches
97,Luíz Carlos,br BRA,MF,Paços de Ferreira,37,1985,12.6,660,18,158,393,116,8,660,12,8,66.7,2,16.7,356,1649,557,12,15,2,19,12,447,23,Matches
98,José Carlos Marafona,pt POR,GK,Paços de Ferreira,35,1987,15.8,516,453,514,2,0,0,516,0,0,,0,,253,1498,846,0,0,0,0,0,167,0,Matches
99,Zé Carlos,pt POR,"MF,DF",Vitória,20,2001,9.5,563,22,173,260,138,5,563,21,11,52.4,7,33.3,250,1040,500,13,9,1,18,6,290,39,Matches
100,Zé Carlos,pt POR,DF,Gil Vicente FC,24,1998,4.4,343,9,106,152,90,6,343,18,5,27.8,10,55.6,150,580,250,4,11,3,7,2,210,23,Matches
Rk,Player,Nation,Pos,Squad,Age,Born,90s,Touches,Def Pen,Def 3rd,Mid 3rd,Att 3rd,Att Pen,Live,Att,Succ,Succ%,Tkld,Tkld%,Carries,TotDist,PrgDist,PrgC,1/3,CPA,Mis,Dis,Rec,PrgR,Matches
101,David Carmo,ao ANG,DF,Porto,23,1999,7.1,478,64,279,186,13,9,478,0,0,,0,,337,1487,689,3,1,0,4,0,356,1,Matches
102,Marcelo Carné,br BRA,GK,Marítimo,32,1990,14.0,483,434,483,0,0,0,483,0,0,,0,,228,1195,748,0,0,0,0,0,172,0,Matches
103,Carraça,pt POR,DF,Gil Vicente FC,29,1993,20.6,1627,59,528,633,483,11,1627,22,10,45.5,9,40.9,798,3466,1623,29,18,1,19,14,973,96,Matches
104,Anderson Carvalho,br BRA,MF,Santa Clara,32,1990,5.5,256,14,80,129,48,5,256,8,5,62.5,3,37.5,120,595,215,6,2,1,4,5,128,7,Matches
105,João Carvalho,pt POR,MF,Estoril,25,1997,25.6,1307,51,277,708,337,31,1307,41,18,43.9,20,48.8,686,3326,1653,26,24,3,38,16,811,80,Matches
106,Vitor Carvalho,br BRA,MF,Gil Vicente FC,25,1997,30.0,2142,84,484,1333,343,29,2142,31,13,41.9,11,35.5,1139,4777,2450,32,30,1,31,27,1485,44,Matches
107,Cassiano,br BRA,FW,Estoril,33,1989,10.0,200,8,18,105,79,20,200,15,6,40.0,8,53.3,81,339,139,7,4,2,6,3,111,24,Matches
108,Moises Castillo,co COL,DF,Marítimo,21,2001,17.5,993,124,573,403,23,12,993,14,8,57.1,5,35.7,484,2657,1278,5,5,1,14,0,575,2,Matches
109,André Castro,pt POR,MF,Braga,34,1988,6.9,479,13,92,315,77,5,479,13,7,53.8,3,23.1,257,1256,604,9,8,2,5,1,304,9,Matches
110,Geny Catamo,mz MOZ,"FW,MF",Marítimo,21,2001,3.8,204,1,9,85,116,20,204,34,15,44.1,14,41.2,144,907,447,18,11,7,13,9,157,42,Matches
111,César,br BRA,GK,Boavista,30,1992,5.0,132,111,132,0,0,0,132,0,0,,0,,65,336,213,0,0,0,0,0,41,0,Matches
112,Kayky Chagas,br BRA,"MF,FW",Paços de Ferreira,19,2003,3.0,102,2,19,48,36,14,102,9,2,22.2,6,66.7,68,417,187,8,4,7,8,5,66,13,Matches
113,Youssef Chermiti,pt POR,FW,Sporting CP,18,2004,9.4,247,7,15,105,127,63,246,24,6,25.0,16,66.7,143,770,292,12,6,10,29,16,172,47,Matches
114,Fábio China,pt POR,"DF,MF",Marítimo,30,1992,4.4,266,14,97,136,40,1,266,8,3,37.5,3,37.5,133,723,470,7,8,0,4,3,139,14,Matches
115,Chiquinho,pt POR,MF,Benfica,27,1995,15.2,1277,17,228,738,326,26,1277,29,12,41.4,9,31.0,757,3756,1919,24,24,1,24,9,930,32,Matches
116,Clayton,br BRA,FW,Casa Pia,23,1999,13.2,414,11,22,227,170,54,414,35,17,48.6,12,34.3,253,1228,364,15,13,6,67,25,345,76,Matches
117,Sebastián Coates,uy URU,DF,Sporting CP,31,1990,28.4,2283,111,848,1391,55,31,2283,15,8,53.3,5,33.3,1510,6578,3781,13,8,0,7,2,1767,3,Matches
118,Dylan Collard,mu MRI,DF,Marítimo,22,2000,0.0,5,2,2,3,0,0,5,0,0,,0,,1,0,0,0,0,0,0,0,0,0,Matches
119,Santiago Colombatto,ar ARG,MF,Famalicão,25,1997,29.0,1654,46,412,907,353,34,1652,21,7,33.3,13,61.9,784,3136,1597,28,23,3,25,18,1007,42,Matches
120,Fábio Conceição,pt POR,"DF,MF",Rio Ave,21,2001,22.0,1047,31,207,486,370,52,1047,114,38,33.3,63,55.3,627,3795,2202,61,35,15,45,34,685,143,Matches
121,Rodrigo Conceição,pt POR,DF,Porto,22,2000,6.1,430,9,110,191,138,12,430,27,11,40.7,12,44.4,231,1439,827,29,17,5,12,4,246,47,Matches
122,Sérgio Conceição,pt POR,"DF,FW",Portimonense,25,1996,1.3,92,4,26,38,31,1,92,1,0,0.0,1,100.0,38,175,103,2,2,0,2,0,46,11,Matches
123,Anderson Cordeiro,br BRA,"MF,FW",Casa Pia,23,1998,0.3,10,0,1,6,3,0,10,0,0,,0,,6,17,2,0,0,0,2,0,4,0,Matches
124,Félix Correia,pt POR,FW,Marítimo,21,2001,8.4,359,2,35,143,189,36,359,34,18,52.9,15,44.1,219,1599,739,28,9,15,16,9,263,68,Matches
125,João Pedro Araújo Correia,cv CPV,"DF,FW",Chaves,25,1996,19.9,1135,81,389,462,301,38,1135,43,18,41.9,21,48.8,582,3236,2004,54,27,12,41,8,608,98,Matches
Rk,Player,Nation,Pos,Squad,Age,Born,90s,Touches,Def Pen,Def 3rd,Mid 3rd,Att 3rd,Att Pen,Live,Att,Succ,Succ%,Tkld,Tkld%,Carries,TotDist,PrgDist,PrgC,1/3,CPA,Mis,Dis,Rec,PrgR,Matches
126,Antonio Cortés,es ESP,FW,Vitória,22,2000,0.6,20,0,0,12,8,0,20,2,2,100.0,0,0.0,15,61,17,1,0,0,3,0,16,6,Matches
127,Bruno Xavier Almeida Costa,pt POR,MF,Porto,25,1997,2.9,178,1,21,98,61,8,178,7,3,42.9,2,28.6,101,537,269,6,4,1,4,3,112,13,Matches
128,Diogo Costa,pt POR,GK,Porto,22,1999,33.0,1330,1113,1322,8,0,0,1330,1,1,100.0,0,0.0,865,3465,2139,0,0,0,0,0,791,0,Matches
129,Edgar Costa,pt POR,"FW,MF",Marítimo,35,1987,5.3,324,5,41,192,96,4,324,7,1,14.3,4,57.1,156,834,366,7,6,0,6,9,204,19,Matches
130,Gonçalo Costa,pt POR,"DF,FW",Portimonense,22,2000,2.6,156,7,43,66,48,7,156,8,2,25.0,4,50.0,76,288,125,4,2,2,10,1,90,16,Matches
131,Matheus Costa,br BRA,DF,Marítimo,27,1995,12.0,664,106,407,241,20,11,664,3,1,33.3,2,66.7,292,1454,744,5,2,0,2,1,399,0,Matches
132,Murilo Costa,br BRA,FW,Gil Vicente FC,27,1994,24.2,1193,23,145,478,593,70,1191,118,46,39.0,64,54.2,767,5525,2461,89,69,23,70,52,828,187,Matches
133,Rui Costa,pt POR,MF,Santa Clara,26,1996,0.5,16,0,0,3,13,0,16,4,2,50.0,2,50.0,10,38,3,0,0,0,1,0,13,2,Matches
134,Tomás Costa Silva,pt POR,DF,Vizela,22,1999,13.1,789,45,255,314,232,15,789,21,9,42.9,8,38.1,336,1664,891,25,18,3,20,7,408,65,Matches
135,Vitor Costa,br BRA,"DF,MF",Marítimo,28,1994,26.7,1658,82,508,769,398,27,1658,44,24,54.5,12,27.3,753,4265,2394,56,42,8,17,17,874,139,Matches
136,Costinha,pt POR,"DF,MF",Rio Ave,22,2000,31.1,1960,102,548,867,564,52,1960,79,23,29.1,41,51.9,845,5197,2564,74,64,7,60,42,946,201,Matches
137,Costinha,pt POR,"MF,FW",Santa Clara,29,1992,7.5,342,5,39,184,121,12,342,14,4,28.6,8,57.1,163,669,323,7,9,3,19,9,223,29,Matches
138,Sandro Cruz,ao ANG,"DF,FW",Chaves,21,2001,5.9,393,29,128,189,77,7,393,15,7,46.7,8,53.3,193,844,424,8,5,1,7,4,216,28,Matches
139,Cuca,cv CPV,MF,Casa Pia,31,1991,4.3,249,9,72,144,36,1,249,5,3,60.0,1,20.0,105,412,206,3,5,1,6,3,138,5,Matches
140,Lucas Cunha,br BRA,DF,Gil Vicente FC,25,1997,15.0,1102,140,529,553,23,4,1102,2,2,100.0,0,0.0,661,3043,1930,12,3,1,8,2,759,1,Matches
141,Oday Dabbagh,ps PLE,FW,Arouca,23,1998,10.2,343,10,21,156,171,46,343,16,9,56.3,6,37.5,188,966,406,16,7,8,35,5,246,71,Matches
142,Augusto Dabo,gw GNB,"DF,FW",Boavista,18,2004,0.1,11,0,2,5,4,0,11,0,0,,0,,6,29,0,0,0,0,2,0,6,1,Matches
143,Ignacio De Arruabarrena,uy URU,GK,Arouca,25,1997,30.0,1113,995,1111,2,0,0,1113,0,0,,0,,523,2619,1502,0,0,0,1,0,362,0,Matches
144,Hernán De La Fuente,ar ARG,DF,Famalicão,25,1997,6.0,410,27,127,173,111,10,410,15,6,40.0,8,53.3,175,1036,523,20,7,2,8,10,191,23,Matches
145,Dele,ng NGA,"FW,MF",Estoril,21,2001,0.9,40,1,5,13,23,4,40,2,1,50.0,1,50.0,22,145,81,3,2,2,7,4,26,9,Matches
146,Juan Delgado,cl CHI,DF,Paços de Ferreira,29,1993,29.9,1766,78,488,873,423,33,1766,74,34,45.9,27,36.5,1019,6293,3592,100,55,7,45,15,1060,123,Matches
147,Shaquil Delos,fr FRA,DF,Estoril,23,1999,4.6,241,13,73,99,73,3,241,13,6,46.2,6,46.2,104,772,437,11,12,0,8,2,122,17,Matches
148,Denílson,br BRA,FW,Famalicão,27,1995,4.0,133,17,29,61,43,4,133,9,4,44.4,4,44.4,78,431,205,7,3,1,6,12,90,24,Matches
149,Depú,ao ANG,"FW,MF",Gil Vicente FC,22,2000,0.9,34,3,3,19,13,3,34,2,1,50.0,1,50.0,23,131,75,2,3,1,4,1,26,7,Matches
150,Derick,br BRA,"MF,DF",Casa Pia,28,1993,16.0,798,46,241,326,243,16,798,23,10,43.5,11,47.8,352,2142,1062,31,30,4,22,12,381,81,Matches
Rk,Player,Nation,Pos,Squad,Age,Born,90s,Touches,Def Pen,Def 3rd,Mid 3rd,Att 3rd,Att Pen,Live,Att,Succ,Succ%,Tkld,Tkld%,Carries,TotDist,PrgDist,PrgC,1/3,CPA,Mis,Dis,Rec,PrgR,Matches
151,Lamine Diaby,fr FRA,MF,Portimonense,25,1996,15.7,761,69,238,439,101,16,761,38,27,71.1,8,21.1,404,1874,795,12,7,3,30,18,445,12,Matches
152,Ousmane Diomande,ci CIV,DF,Sporting CP,18,2003,9.8,971,64,344,557,78,9,971,8,6,75.0,2,25.0,665,3578,2272,17,22,0,5,2,780,7,Matches
153,Álvaro djaló,gw GNB,"FW,MF",Braga,22,1999,7.1,356,11,56,119,186,48,356,46,18,39.1,27,58.7,210,1359,684,28,17,15,32,16,220,74,Matches
154,Matchoi Djaló,pt POR,"MF,FW",Paços de Ferreira,19,2003,14.5,617,9,90,281,258,24,617,51,26,51.0,14,27.5,407,2249,992,22,18,4,31,29,421,67,Matches
155,Mihai Dobre,ro ROU,"FW,DF",Famalicão,23,1998,10.4,379,13,88,118,175,47,379,25,12,48.0,12,48.0,198,1473,839,33,16,10,23,5,234,79,Matches
156,Julian Draxler,de GER,"MF,FW",Benfica,28,1993,4.5,270,1,11,117,144,19,270,3,2,66.7,1,33.3,147,784,314,10,5,2,11,9,208,44,Matches
157,Edu,pt POR,MF,Chaves,20,2002,0.4,22,2,10,10,2,0,22,0,0,,0,,11,28,16,0,0,0,0,0,15,1,Matches
158,Carlos Eduardo,br BRA,"FW,MF",Estoril,25,1996,8.0,287,14,68,113,114,9,286,38,17,44.7,17,44.7,173,1258,649,27,22,5,32,8,178,49,Matches
159,Paulo Eduardo,br BRA,DF,Santa Clara,20,2002,5.3,323,46,197,123,4,2,323,0,0,,0,,173,971,489,4,1,0,4,0,198,0,Matches
160,Marcus Edwards,eng ENG,"FW,MF",Sporting CP,23,1998,25.0,1258,4,62,433,787,142,1258,145,69,47.6,65,44.8,898,6108,3196,110,75,51,74,40,981,248,Matches
161,Erison,br BRA,FW,Estoril,23,1999,7.6,149,7,11,64,74,30,149,5,2,40.0,3,60.0,73,317,104,4,4,2,23,16,106,24,Matches
162,Ricardo Esgaio,pt POR,"DF,MF",Sporting CP,29,1993,14.6,1010,30,221,459,336,36,1010,15,7,46.7,8,53.3,477,2106,1113,27,16,5,12,5,594,116,Matches
163,Tiago Esgaio,pt POR,DF,Arouca,26,1995,25.4,1478,99,584,589,313,28,1478,7,4,57.1,2,28.6,597,2135,1061,16,13,1,17,5,763,79,Matches
164,Dario Essugo,pt POR,MF,Sporting CP,17,2005,2.2,130,3,22,91,20,1,130,3,1,33.3,2,66.7,56,262,159,2,1,0,1,1,81,0,Matches
165,Gonçalo Esteves,pt POR,DF,Estoril,18,2004,2.0,121,4,37,60,25,0,121,6,3,50.0,1,16.7,53,405,155,3,3,0,2,4,57,6,Matches
166,Paulo Estrela Moreira,pt POR,MF,Portimonense,23,1999,16.8,1027,33,186,664,184,4,1025,4,2,50.0,1,25.0,446,1996,981,5,4,0,9,5,577,8,Matches
167,Friday Etim,ng NGA,FW,Vizela,20,2002,4.9,193,2,7,83,104,36,193,20,6,30.0,12,60.0,108,519,177,6,6,3,23,14,136,30,Matches
168,Euller,br BRA,"FW,MF",Chaves,27,1995,11.8,533,9,88,210,242,26,533,47,24,51.1,19,40.4,310,1704,924,26,12,10,24,9,346,86,Matches
169,Stephen Eustáquio,ca CAN,MF,Porto,25,1996,18.6,1245,28,220,680,350,41,1245,6,4,66.7,2,33.3,680,2411,948,8,12,3,20,8,825,46,Matches
170,Evanilson,br BRA,FW,Porto,22,1999,15.0,488,7,50,204,243,79,488,35,13,37.1,17,48.6,301,1390,466,16,12,7,40,17,356,92,Matches
171,Ewerton,br BRA,MF,Portimonense,29,1992,6.5,279,6,39,173,68,11,279,10,3,30.0,6,60.0,140,582,261,2,7,0,4,7,176,12,Matches
172,Fábio,br BRA,"FW,MF",Paços de Ferreira,25,1997,3.0,100,7,13,31,58,22,100,14,2,14.3,12,85.7,54,298,93,4,4,3,7,1,61,15,Matches
173,Abdul Fatawu Issahaku,gh GHA,"DF,MF",Sporting CP,18,2004,1.3,99,3,13,19,68,5,99,15,6,40.0,7,46.7,61,376,174,8,3,4,4,1,60,21,Matches
174,Luiz Felipe,br BRA,GK,Vizela,25,1997,1.0,28,23,28,0,0,0,28,0,0,,0,,8,35,21,0,0,0,0,0,5,0,Matches
175,Volnei Feltes,br BRA,DF,Estoril,22,2000,0.1,6,2,6,0,0,0,6,0,0,,0,,3,5,1,0,0,0,0,0,3,0,Matches
Rk,Player,Nation,Pos,Squad,Age,Born,90s,Touches,Def Pen,Def 3rd,Mid 3rd,Att 3rd,Att Pen,Live,Att,Succ,Succ%,Tkld,Tkld%,Carries,TotDist,PrgDist,PrgC,1/3,CPA,Mis,Dis,Rec,PrgR,Matches
176,Eduardo Fereira,ve VEN,"FW,MF",Casa Pia,21,2000,0.6,28,1,7,16,5,0,28,0,0,,0,,10,24,7,0,1,0,0,0,9,0,Matches
177,Erick Ferigra,ec ECU,DF,Paços de Ferreira,23,1999,12.9,742,111,473,257,15,7,742,7,6,85.7,1,14.3,444,1894,1002,0,2,0,13,0,486,1,Matches
178,Ivanildo Fernandes,cv CPV,DF,Vizela,26,1996,16.5,780,158,468,295,19,13,780,4,3,75.0,1,25.0,347,1246,570,3,0,0,7,4,453,2,Matches
179,Jorge Filipe Oliveira Fernandes,pt POR,DF,Vitória,25,1997,2.3,108,13,55,53,0,0,108,0,0,,0,,65,382,241,2,0,0,1,0,63,0,Matches
180,Mateus Fernandes,pt POR,MF,Sporting CP,18,2004,1.0,65,0,10,43,12,1,65,4,1,25.0,2,50.0,46,264,101,4,1,0,2,0,48,2,Matches
181,Patrick Fernandes,cv CPV,"FW,MF",Chaves,28,1993,0.6,29,0,2,12,16,6,29,3,1,33.3,2,66.7,17,91,21,1,1,1,5,0,23,5,Matches
182,Rafael Fernandes,pt POR,"DF,FW",Arouca,20,2002,1.5,72,17,52,19,2,2,72,0,0,,0,,44,186,83,1,0,0,1,0,41,0,Matches
183,Rúben Fernandes,pt POR,DF,Gil Vicente FC,36,1986,24.2,1604,189,940,629,39,21,1604,7,4,57.1,2,28.6,898,4006,2306,13,6,3,8,1,1092,4,Matches
184,Vasco Fernandes,pt POR,DF,Casa Pia,35,1986,27.5,1517,190,830,652,42,21,1517,6,2,33.3,2,33.3,769,3477,1748,4,2,1,12,4,938,5,Matches
185,Enzo Fernández,ar ARG,MF,Benfica,21,2001,15.4,1820,17,300,1156,372,18,1820,18,10,55.6,6,33.3,1103,4691,2353,29,33,2,15,15,1475,27,Matches
186,Diogo Ferreira,pt POR,MF,Vitória,20,2001,0.0,5,1,3,1,1,0,5,1,0,0.0,1,100.0,1,8,0,0,0,0,1,0,0,0,Matches
187,Filipe Ferreira,pt POR,"DF,MF",Boavista,31,1990,3.4,211,16,88,92,32,0,211,2,1,50.0,1,50.0,117,474,346,3,3,0,3,1,123,8,Matches
188,Fernando Ferreira Fonseca,pt POR,"DF,FW",Paços de Ferreira,25,1997,1.8,113,5,38,52,25,0,113,6,2,33.3,4,66.7,59,364,193,6,4,0,3,1,55,10,Matches
189,João Ferreira,pt POR,"DF,MF",Rio Ave,21,2001,1.8,110,2,21,51,40,1,110,7,2,28.6,5,71.4,62,348,166,3,6,0,7,2,69,15,Matches
190,Vitó Ferreira,pt POR,"MF,FW",Casa Pia,24,1997,0.8,35,3,5,11,19,2,35,0,0,,0,,20,95,3,0,1,0,1,1,24,4,Matches
191,Daniel Figueira,pt POR,GK,Estoril,24,1998,31.7,1222,1086,1217,5,0,0,1222,0,0,,0,,608,2979,1498,0,0,0,0,0,512,0,Matches
192,Bernardo Folha,pt POR,"MF,FW",Porto,20,2002,0.6,51,1,14,29,8,2,51,5,2,40.0,2,40.0,25,196,122,4,1,1,1,1,34,2,Matches
193,Tiago Fonseca Morais,pt POR,FW,Boavista,18,2003,0.3,17,0,3,10,4,1,17,2,0,0.0,1,50.0,8,43,5,0,0,0,1,0,8,1,Matches
194,Théo Fonseca,fr FRA,"MF,FW",Famalicão,22,2000,1.2,38,1,9,16,13,2,38,4,3,75.0,0,0.0,23,151,62,2,1,0,1,2,26,8,Matches
195,Rui Fonte,pt POR,"FW,MF",Famalicão,32,1990,5.1,175,4,18,97,62,14,175,7,3,42.9,4,57.1,81,375,128,2,7,0,14,5,106,9,Matches
196,Hernâni Fortes,pt POR,"FW,MF",Rio Ave,30,1991,7.5,254,3,34,73,150,23,253,26,7,26.9,12,46.2,144,902,481,19,7,6,20,7,167,60,Matches
197,André Franco,pt POR,"MF,FW",Porto,24,1998,7.7,444,3,47,219,179,26,444,14,4,28.6,7,50.0,268,1250,601,20,15,1,17,9,321,41,Matches
198,Afonso Freitas,pt POR,"DF,MF",Vitória,22,2000,21.4,1012,63,270,480,272,20,1012,13,6,46.2,7,53.8,462,2304,1312,36,25,1,23,5,556,81,Matches
199,Kanya Fujimoto,jp JPN,MF,Gil Vicente FC,23,1999,29.1,1360,12,117,688,562,63,1360,45,17,37.8,23,51.1,872,4026,1800,46,29,13,43,27,1083,181,Matches
200,Nicolás Gaitán,ar ARG,"FW,MF",Paços de Ferreira,34,1988,19.9,919,23,103,458,370,45,919,46,22,47.8,17,37.0,532,2709,1175,33,37,3,36,18,614,103,Matches
Rk,Player,Nation,Pos,Squad,Age,Born,90s,Touches,Def Pen,Def 3rd,Mid 3rd,Att 3rd,Att Pen,Live,Att,Succ,Succ%,Tkld,Tkld%,Carries,TotDist,PrgDist,PrgC,1/3,CPA,Mis,Dis,Rec,PrgR,Matches
201,Galeno,br BRA,"MF,FW",Porto,24,1997,22.2,1125,23,123,290,727,140,1124,86,41,47.7,33,38.4,703,5651,3260,129,61,63,59,21,773,293,Matches
202,Nino Galović,hr CRO,DF,Arouca,30,1992,14.5,745,154,493,246,8,4,745,0,0,,0,,376,1489,659,3,3,0,2,0,505,1,Matches
203,João Gamboa,pt POR,MF,Estoril,25,1996,11.6,482,37,151,297,37,5,482,7,2,28.6,5,71.4,199,851,314,4,2,0,9,2,264,6,Matches
204,Pedro Ganchas,pt POR,DF,Paços de Ferreira,22,2000,3.0,166,32,106,54,6,4,166,0,0,,0,,74,397,278,0,1,0,1,0,103,1,Matches
205,Bruno Gaspar,ao ANG,"DF,MF",Vitória,29,1993,2.4,151,6,38,72,41,5,151,4,0,0.0,4,100.0,67,264,101,4,0,0,2,1,74,9,Matches
206,Francisco Geraldes,pt POR,MF,Estoril,27,1995,20.3,1091,21,177,577,360,38,1088,76,37,48.7,33,43.4,651,4002,1776,38,44,2,54,24,742,82,Matches
207,Gilberto,br BRA,DF,Benfica,29,1993,8.9,887,19,156,368,367,19,887,45,19,42.2,18,40.0,492,2908,1587,50,42,5,16,11,574,95,Matches
208,Saviour Godwin,ng NGA,"FW,MF",Casa Pia,25,1996,26.7,908,3,87,334,525,107,907,120,43,35.8,61,50.8,629,5485,2935,122,71,47,93,36,653,247,Matches
209,Eulânio Ângelo Chipela Gomes,gw GNB,DF,Santa Clara,28,1994,6.4,346,22,95,165,93,11,346,32,16,50.0,13,40.6,171,1247,712,15,10,4,14,5,179,23,Matches
210,Henrique Gomes,pt POR,DF,Gil Vicente FC,26,1995,5.3,368,18,101,162,106,5,368,11,1,9.1,10,90.9,135,648,370,8,5,1,6,4,197,27,Matches
211,Nito Gomes,gw GNB,MF,Marítimo,20,2002,0.8,33,2,8,19,6,0,33,0,0,,0,,17,71,36,0,0,0,1,0,21,0,Matches
212,Rodrigo Gomes,pt POR,"FW,MF",Braga,19,2003,3.8,153,3,21,49,86,13,153,15,3,20.0,10,66.7,91,882,488,18,8,5,14,4,104,32,Matches
213,Rui Gomes,pt POR,"MF,FW",Portimonense,24,1997,11.9,590,9,81,238,286,34,590,65,29,44.6,33,50.8,321,2278,1087,38,29,10,29,28,367,83,Matches
214,Vítor Gomes,pt POR,MF,Rio Ave,34,1987,8.4,609,23,104,426,84,4,609,7,5,71.4,1,14.3,272,1112,477,5,4,0,8,4,434,6,Matches
215,Victor Gomez,es ESP,DF,Braga,22,2000,22.9,1510,59,332,673,516,26,1510,15,8,53.3,6,40.0,736,3549,1882,48,45,5,19,5,947,172,Matches
216,Nuno Gonçalo Moreira,pt POR,"FW,MF",Vizela,23,1999,20.4,931,26,162,365,414,56,931,52,24,46.2,22,42.3,500,2949,1387,43,28,10,47,21,581,135,Matches
217,Diogo Gonçalves,pt POR,FW,Benfica,25,1997,3.4,207,0,12,73,125,20,207,11,2,18.2,7,63.6,124,946,457,18,12,6,4,6,156,47,Matches
218,João Gonçalves,pt POR,GK,Boavista,21,2000,1.0,29,24,29,0,0,0,29,0,0,,0,,16,95,75,0,0,0,0,0,14,0,Matches
219,Pedro Gonçalves,pt POR,"MF,FW",Sporting CP,24,1998,31.2,1688,15,135,726,845,138,1680,111,44,39.6,59,53.2,982,5523,2726,93,75,36,63,47,1189,233,Matches
220,Cristian González,uy URU,DF,Santa Clara,26,1996,11.7,562,99,379,163,25,14,562,3,1,33.3,1,33.3,259,1007,334,0,1,0,5,3,296,1,Matches
221,Walter González,py PAR,FW,Santa Clara,27,1995,4.4,126,7,12,71,46,13,126,8,3,37.5,5,62.5,60,313,126,5,4,1,8,5,93,11,Matches
222,Yony González,co COL,"FW,MF",Portimonense,28,1994,10.8,352,10,56,119,180,30,352,37,13,35.1,16,43.2,201,1012,409,12,9,7,22,14,242,57,Matches
223,Jean Gorby,fr FRA,MF,Braga,20,2002,1.3,105,0,19,76,11,1,105,1,1,100.0,0,0.0,65,298,121,0,0,1,2,1,75,1,Matches
224,Kenji Gorré,cw CUW,"FW,MF",Boavista,27,1994,16.4,755,1,71,296,407,58,755,114,48,42.1,51,44.7,493,4514,2670,93,73,33,39,29,542,148,Matches
225,Tiago Gouveia,pt POR,"FW,MF",Estoril,21,2001,26.5,877,22,140,325,432,92,877,103,39,37.9,50,48.5,526,3285,1800,61,41,34,46,37,612,162,Matches
Rk,Player,Nation,Pos,Squad,Age,Born,90s,Touches,Def Pen,Def 3rd,Mid 3rd,Att 3rd,Att Pen,Live,Att,Succ,Succ%,Tkld,Tkld%,Carries,TotDist,PrgDist,PrgC,1/3,CPA,Mis,Dis,Rec,PrgR,Matches
226,João Graça,pt POR,"MF,FW",Rio Ave,27,1995,12.8,635,8,92,368,186,12,635,44,21,47.7,18,40.9,389,2206,986,27,25,1,23,25,450,43,Matches
227,Álex Grimaldo,es ESP,DF,Benfica,26,1995,32.7,2813,50,526,1079,1231,68,2811,77,36,46.8,36,46.8,1527,7229,4094,102,69,11,34,18,1904,400,Matches
228,Marko Grujić,rs SRB,MF,Porto,26,1996,12.5,893,41,180,569,147,30,893,16,9,56.3,7,43.8,478,2480,1338,21,18,2,6,11,582,18,Matches
229,Alexandre Guedes,pt POR,FW,Paços de Ferreira,28,1994,8.8,258,6,25,128,107,39,257,15,4,26.7,11,73.3,161,754,272,7,9,5,26,20,196,29,Matches
230,Gonçalo Guedes,pt POR,"FW,MF",Benfica,25,1996,4.5,241,1,15,78,152,26,241,17,8,47.1,6,35.3,157,990,483,21,7,8,16,5,180,52,Matches
231,Ricardo Guimarães,mz MOZ,MF,Chaves,26,1995,21.8,1213,65,283,750,196,14,1213,75,41,54.7,29,38.7,654,3372,1436,32,14,4,41,28,770,55,Matches
232,Rafik Guitane,fr FRA,"MF,FW",Estoril,23,1999,8.7,358,3,53,183,133,12,358,61,33,54.1,23,37.7,249,1995,997,28,20,4,18,9,264,25,Matches
233,Raphael Guzzo,pt POR,MF,Vizela,27,1995,26.2,1900,83,461,1075,379,30,1900,26,11,42.3,11,42.3,927,4320,2121,27,15,5,31,21,1294,67,Matches
234,Emmanuel Hackman,tg TOG,DF,Gil Vicente FC,27,1995,1.5,73,6,27,36,11,3,73,3,1,33.3,1,33.3,38,116,44,0,1,0,0,1,40,3,Matches
235,Yanis Hamache,dz ALG,MF,Boavista,23,1999,2.0,137,5,24,65,49,3,137,2,1,50.0,0,0.0,73,641,308,13,3,1,0,3,84,12,Matches
236,Tomás Händel,pt POR,MF,Vitória,21,2000,4.8,285,4,60,201,27,4,285,6,3,50.0,1,16.7,175,915,471,7,1,1,1,5,196,3,Matches
237,Boubacar Hanne,pt POR,"FW,DF",Gil Vicente FC,23,1999,0.4,27,0,2,9,16,1,27,1,1,100.0,0,0.0,13,104,64,2,0,0,0,1,18,7,Matches
238,Héctor,es ESP,FW,Chaves,26,1995,16.4,404,21,33,207,166,58,404,13,8,61.5,5,38.5,240,981,394,9,8,4,36,21,288,52,Matches
239,Jordan Holsgrove,sct SCO,MF,Paços de Ferreira,22,1999,19.8,1221,36,288,674,278,35,1221,46,27,58.7,15,32.6,695,3597,1619,48,27,8,43,11,875,72,Matches
240,Lukáš Horníček,cz CZE,GK,Braga,20,2002,0.2,5,5,5,0,0,0,5,0,0,,0,,3,24,24,0,0,0,0,0,0,0,Matches
241,André Horta,pt POR,MF,Braga,25,1996,23.1,1882,31,271,1081,546,29,1882,37,19,51.4,13,35.1,1146,6406,3406,66,59,8,17,18,1376,73,Matches
242,Ricardo Horta,pt POR,"MF,FW",Braga,27,1994,29.0,1529,17,128,658,761,123,1526,53,19,35.8,30,56.6,892,4031,2162,56,71,11,57,30,1104,196,Matches
243,Abbas Ibrahim,ng NGA,"MF,DF",Paços de Ferreira,24,1998,3.6,220,5,47,149,29,0,220,4,4,100.0,0,0.0,122,661,288,7,4,0,6,2,148,6,Matches
244,Tiago Ilori,pt POR,DF,Paços de Ferreira,29,1993,2.3,111,12,69,39,3,1,111,0,0,,0,,80,371,204,3,1,0,0,0,75,0,Matches
245,Gonçalo Inácio,pt POR,DF,Sporting CP,20,2001,26.3,2532,190,914,1491,140,19,2532,20,17,85.0,2,10.0,1733,9159,5857,50,31,1,10,6,1989,7,Matches
246,Índio,br BRA,MF,Vitória,22,1999,0.8,40,6,17,21,2,0,40,2,0,0.0,1,50.0,11,69,31,1,1,0,0,0,19,0,Matches
247,Hernani Infande,pt POR,"MF,FW",Braga,21,2001,0.9,39,1,6,18,16,3,39,4,2,50.0,2,50.0,29,198,80,3,4,2,0,1,30,1,Matches
248,Hernani Infande,pt POR,"FW,MF",Paços de Ferreira,21,2001,3.9,133,2,19,52,66,15,133,21,10,47.6,7,33.3,98,720,417,14,8,6,7,7,97,31,Matches
249,Carlos Isaac,es ESP,DF,Vizela,24,1998,3.9,217,15,73,109,37,2,217,1,0,0.0,1,100.0,67,324,182,7,2,1,5,1,79,9,Matches
250,Franco Israel,uy URU,GK,Sporting CP,22,2000,3.0,103,96,103,0,0,0,103,0,0,,0,,52,177,60,0,0,0,0,0,60,0,Matches
Rk,Player,Nation,Pos,Squad,Age,Born,90s,Touches,Def Pen,Def 3rd,Mid 3rd,Att 3rd,Att Pen,Live,Att,Succ,Succ%,Tkld,Tkld%,Carries,TotDist,PrgDist,PrgC,1/3,CPA,Mis,Dis,Rec,PrgR,Matches
251,Abass Issah,gh GHA,"FW,MF",Chaves,23,1998,15.2,528,8,101,186,248,67,528,47,17,36.2,27,57.4,341,2091,936,31,20,15,32,16,368,113,Matches
252,Ítalo,br BRA,DF,Santa Clara,20,2002,11.9,572,87,316,239,19,6,572,7,5,71.4,2,28.6,278,1419,796,0,2,1,11,4,315,3,Matches
253,Ivan Jaime Pajuelo,es ESP,"FW,MF",Famalicão,21,2000,20.8,901,9,115,416,386,71,900,106,48,45.3,37,34.9,597,4258,2206,72,45,15,54,35,687,102,Matches
254,Nicolas Janvier,fr FRA,MF,Vitória,23,1998,7.0,481,3,58,289,138,5,481,10,4,40.0,6,60.0,249,1057,560,13,13,0,5,3,319,21,Matches
255,Anderson Jesus,br BRA,DF,Vizela,27,1995,29.6,1352,284,856,456,45,28,1352,3,2,66.7,1,33.3,604,2530,1224,4,3,2,13,4,782,10,Matches
256,Jhonatan,br BRA,GK,Rio Ave,31,1991,32.0,1112,1013,1107,6,0,0,1112,0,0,,0,,585,3233,1885,0,0,0,0,0,392,0,Matches
257,Park Ji-soo,kr KOR,DF,Portimonense,28,1994,13.3,783,115,443,323,19,7,783,4,2,50.0,0,0.0,408,1780,880,2,4,0,6,2,505,2,Matches
258,Jo,br BRA,"FW,MF",Chaves,27,1995,3.3,134,12,15,61,59,21,134,13,7,53.8,4,30.8,58,309,128,5,4,2,15,2,87,18,Matches
259,João,br BRA,GK,Casa Pia,24,1998,1.0,26,26,26,0,0,0,26,0,0,,0,,13,56,32,0,0,0,0,0,9,0,Matches
260,Joãozinho,pt POR,DF,Estoril,33,1989,28.6,1720,93,562,795,377,14,1720,26,10,38.5,13,50.0,811,3452,1845,29,33,1,15,7,984,65,Matches
261,Joca,pt POR,"MF,FW",Rio Ave,26,1996,4.6,174,2,18,86,75,9,174,14,7,50.0,5,35.7,112,681,327,8,12,2,11,9,120,15,Matches
262,Henrique Jocú,pt POR,"MF,FW",Portimonense,20,2001,5.1,268,9,60,169,43,0,268,2,0,0.0,1,50.0,133,569,275,2,4,0,6,2,150,4,Matches
263,Diederrick Joel,cm CMR,FW,Marítimo,28,1993,10.5,326,2,14,162,155,41,324,24,11,45.8,10,41.7,156,586,182,6,5,2,33,14,219,42,Matches
264,Michael Johnston,ie IRL,"FW,MF",Vitória,23,1999,15.2,620,7,52,269,311,36,620,74,38,51.4,32,43.2,405,3149,1649,55,37,22,31,23,460,91,Matches
265,Bruno Jordão,pt POR,MF,Santa Clara,23,1998,9.4,395,10,93,231,79,11,395,35,20,57.1,12,34.3,190,1255,555,19,10,2,21,7,226,16,Matches
266,Igor Julião,br BRA,DF,Vizela,27,1994,17.9,870,47,296,379,207,19,870,27,10,37.0,9,33.3,436,2611,1153,28,27,1,13,8,481,62,Matches
267,Juninho,br BRA,FW,Chaves,25,1996,20.1,545,13,48,228,280,83,545,47,18,38.3,26,55.3,327,2054,925,34,23,16,54,28,375,91,Matches
268,Luiz Lúcio Reis Júnior,br BRA,GK,Famalicão,21,2001,33.0,1136,1002,1129,7,0,0,1136,0,0,,0,,563,2842,1760,0,0,0,0,0,421,0,Matches
269,Welinton Júnior,br BRA,FW,Portimonense,29,1993,22.9,753,9,40,309,408,96,751,72,25,34.7,40,55.6,460,2428,1022,40,30,13,93,40,558,153,Matches
270,Zainadine Júnior,mz MOZ,DF,Marítimo,34,1988,23.1,1396,154,761,599,41,21,1396,7,5,71.4,0,0.0,742,3198,1467,7,4,1,7,1,897,5,Matches
271,Junior Kadile,fr FRA,"FW,MF",Famalicão,19,2002,7.4,284,5,46,95,152,24,284,43,17,39.5,25,58.1,183,1570,855,33,22,8,27,11,182,66,Matches
272,Stanley Kanu,ng NGA,"FW,DF",Marítimo,23,1999,0.8,45,0,5,17,23,3,45,3,2,66.7,1,33.3,25,92,33,1,0,1,6,1,32,11,Matches
273,Jorge Karse,ge GEO,"MF,DF",Rio Ave,17,2005,0.2,27,1,5,8,14,0,27,4,2,50.0,2,50.0,11,59,44,1,0,0,0,0,14,8,Matches
274,Francisco Kiki,pt POR,MF,Casa Pia,24,1998,0.1,7,0,1,1,5,0,7,0,0,,0,,6,41,31,1,0,0,0,0,5,2,Matches
275,Gustavo Klismahn,br BRA,MF,Portimonense,22,1999,7.8,319,12,62,149,114,8,319,11,3,27.3,7,63.6,155,839,370,7,7,1,18,2,178,26,Matches
Rk,Player,Nation,Pos,Squad,Age,Born,90s,Touches,Def Pen,Def 3rd,Mid 3rd,Att 3rd,Att Pen,Live,Att,Succ,Succ%,Tkld,Tkld%,Carries,TotDist,PrgDist,PrgC,1/3,CPA,Mis,Dis,Rec,PrgR,Matches
276,Philippe Koffi,ci CIV,FW,Paços de Ferreira,20,2002,7.4,193,5,22,75,102,26,193,19,8,42.1,9,47.4,117,856,413,24,9,6,32,15,132,34,Matches
277,Stanislav Kritsyuk,ru RUS,GK,Gil Vicente FC,31,1990,10.3,429,332,428,2,0,0,429,0,0,,0,,234,1259,756,0,0,0,0,0,178,0,Matches
278,Takahiro Kunimoto,jp JPN,"FW,MF",Casa Pia,24,1997,14.1,656,10,98,290,272,27,656,26,11,42.3,13,50.0,329,1453,630,16,15,3,27,17,416,66,Matches
279,Matías Lacava,ve VEN,"FW,MF",Vizela,19,2002,3.9,179,3,28,69,88,12,179,32,15,46.9,10,31.3,109,917,475,17,6,3,7,8,122,29,Matches
280,Diego Lainez,mx MEX,MF,Braga,22,2000,1.7,116,0,5,42,70,10,116,10,3,30.0,5,50.0,70,472,264,8,8,3,6,3,89,20,Matches
281,Chico Lamba,pt POR,DF,Sporting CP,19,2003,0.5,41,4,11,29,1,0,41,0,0,,0,,34,139,63,2,0,0,0,0,35,0,Matches
282,Rúben Lameiras,pt POR,"FW,MF",Vitória,27,1994,12.6,564,4,54,192,329,43,563,41,15,36.6,19,46.3,360,2278,1018,49,28,18,34,19,405,111,Matches
283,Bruno Langa,mz MOZ,DF,Chaves,24,1997,27.5,1668,111,619,748,334,14,1668,99,56,56.6,30,30.3,848,5489,3145,63,55,5,35,13,886,89,Matches
284,Yusuf Lawal,ng NGA,"MF,FW",Arouca,24,1998,0.9,46,7,8,15,23,2,46,2,0,0.0,1,50.0,28,146,68,2,1,1,1,0,26,10,Matches
285,James Lea Siliki,cm CMR,"MF,FW",Estoril,26,1996,8.9,381,10,42,171,170,19,381,30,11,36.7,15,50.0,203,1244,470,10,9,3,19,10,245,46,Matches
286,Leonardo Lelo,pt POR,"MF,DF",Casa Pia,22,2000,25.4,1528,55,432,719,392,25,1526,52,18,34.6,28,53.8,752,3905,2140,53,43,6,36,15,830,135,Matches
287,Nuno Lima,pt POR,DF,Paços de Ferreira,21,2001,27.2,1589,253,985,581,27,18,1589,3,1,33.3,1,33.3,859,2978,1253,1,3,0,6,1,1037,3,Matches
288,Rúben Lima,pt POR,DF,Famalicão,32,1989,13.2,831,45,273,392,168,3,831,11,2,18.2,8,72.7,304,1297,646,15,21,0,15,4,395,36,Matches
289,Percy Liza,pe PER,"FW,MF",Marítimo,22,2000,4.7,114,5,14,56,45,8,114,9,2,22.2,5,55.6,63,219,63,2,1,0,12,7,75,22,Matches
290,Danny Loader,cm CMR,"FW,MF",Porto,21,2000,5.0,225,4,20,92,114,27,225,22,10,45.5,12,54.5,136,846,434,17,9,5,13,5,164,36,Matches
291,Julien Lomboto,,MF,Rio Ave,20,2002,0.1,10,0,4,5,1,0,10,0,0,,0,,4,7,4,0,0,0,0,0,5,0,Matches
292,Né lopes,pt POR,DF,Gil Vicente FC,22,2000,5.0,341,50,182,144,17,8,341,3,2,66.7,0,0.0,197,916,525,1,2,0,1,2,249,0,Matches
293,Bruno Lourenço,pt POR,"MF,FW",Boavista,24,1998,20.9,934,11,130,458,360,40,933,50,24,48.0,22,44.0,534,2867,1296,30,26,6,40,27,637,97,Matches
294,Lucão,br BRA,DF,Portimonense,30,1992,5.9,338,40,193,144,4,2,338,0,0,,0,,176,731,254,1,0,0,0,0,209,0,Matches
295,Florentino Luís,pt POR,MF,Benfica,22,1999,23.6,2130,52,346,1418,382,19,2130,22,13,59.1,5,22.7,1202,4284,1763,11,22,0,23,13,1558,30,Matches
296,José Luis Rodríguez,pa PAN,"FW,MF",Famalicão,24,1998,5.6,181,0,22,72,91,12,181,23,11,47.8,8,34.8,114,745,343,16,13,3,18,8,125,44,Matches
297,Luquinha,br BRA,"MF,FW",Portimonense,21,2000,13.0,652,5,52,329,279,28,651,22,11,50.0,10,45.5,356,1764,889,20,22,3,24,16,440,61,Matches
298,Tiago Machado,pt POR,"MF,FW",Boavista,18,2004,0.1,3,0,0,3,0,0,3,0,0,,0,,1,2,1,0,0,0,0,0,0,0,Matches
299,Miguel Maga,pt POR,"DF,MF",Vitória,19,2002,21.7,1317,62,393,538,393,26,1317,12,2,16.7,9,75.0,563,2535,1211,34,16,4,18,11,655,142,Matches
300,Magrão,br BRA,GK,Rio Ave,22,2000,2.0,64,59,64,0,0,0,64,0,0,,0,,29,159,70,0,0,0,0,0,25,0,Matches
Rk,Player,Nation,Pos,Squad,Age,Born,90s,Touches,Def Pen,Def 3rd,Mid 3rd,Att 3rd,Att Pen,Live,Att,Succ,Succ%,Tkld,Tkld%,Carries,TotDist,PrgDist,PrgC,1/3,CPA,Mis,Dis,Rec,PrgR,Matches
301,Giorgi Makaridze,ge GEO,GK,Marítimo,32,1990,6.0,232,200,232,0,0,0,232,0,0,,0,,116,539,273,0,0,0,0,0,92,0,Matches
302,Gaius Makouta,cg CGO,MF,Boavista,25,1997,30.4,1644,63,332,997,334,35,1644,64,31,48.4,27,42.2,890,5222,2056,37,43,5,50,38,1116,86,Matches
303,Pedro Malheiro,pt POR,"DF,MF",Boavista,21,2001,31.0,2147,88,707,1072,404,21,2147,70,38,54.3,28,40.0,1035,5287,2641,47,33,5,34,15,1206,79,Matches
304,Wilson Manafá,pt POR,DF,Porto,28,1994,3.4,226,9,53,105,69,4,226,8,4,50.0,4,50.0,123,606,320,10,7,2,8,4,150,27,Matches
305,Ricardo Mangas,pt POR,"MF,FW",Boavista,24,1998,20.6,783,30,189,314,289,50,783,53,16,30.2,23,43.4,441,2774,1451,40,30,11,43,27,516,117,Matches
306,Manuel Manu,pt POR,DF,Vitória,21,2001,0.8,61,0,29,28,4,1,61,0,0,,0,,42,173,71,1,0,0,0,0,41,0,Matches
307,Juan Manuel Boselli,uy URU,FW,Gil Vicente FC,22,1999,13.8,668,17,87,237,356,52,668,71,33,46.5,32,45.1,386,2450,1090,39,27,13,36,31,426,115,Matches
308,José Manuel Velázquez,ve VEN,"DF,MF",Arouca,31,1990,0.1,5,4,4,1,0,0,5,0,0,,0,,0,0,0,0,0,0,0,0,0,0,Matches
309,Zé Manuel,pt POR,FW,Rio Ave,31,1990,0.3,10,0,4,2,5,0,10,0,0,,0,,3,13,4,0,0,0,1,0,4,0,Matches
310,Maracás,br BRA,DF,Paços de Ferreira,28,1994,15.8,772,147,517,249,8,6,772,0,0,,0,,437,1669,779,2,1,1,1,1,473,0,Matches
311,Iván Marcano,es ESP,DF,Porto,35,1987,24.4,1746,169,871,823,63,31,1746,5,3,60.0,2,40.0,1069,4974,2839,11,9,0,6,2,1253,4,Matches
312,Joao Marcos,br BRA,"FW,MF",Santa Clara,22,2000,1.8,28,0,1,15,12,3,28,0,0,,0,,18,77,22,0,1,0,5,4,23,6,Matches
313,Abraham Marcus,ng NGA,FW,Porto,22,2000,0.0,3,0,0,0,3,0,3,1,1,100.0,0,0.0,3,33,15,1,0,0,0,0,3,2,Matches
314,Adrián Marín,es ESP,DF,Gil Vicente FC,25,1997,28.6,1921,110,528,932,468,24,1921,46,21,45.7,20,43.5,952,4387,2638,60,34,4,17,10,1065,122,Matches
315,João Mário,pt POR,FW,Benfica,29,1993,29.4,1929,15,161,715,1079,107,1919,82,32,39.0,31,37.8,1168,6070,2802,81,63,14,54,34,1450,248,Matches
316,João Mário Lopes,pt POR,DF,Porto,22,2000,13.2,823,26,183,383,269,34,823,45,18,40.0,18,40.0,473,2617,1530,47,28,14,20,10,534,108,Matches
317,Marlon,br BRA,FW,Gil Vicente FC,24,1997,4.2,182,0,28,69,89,14,182,22,4,18.2,15,68.2,111,720,346,12,10,1,10,6,114,34,Matches
318,Alejandro Marqués,ve VEN,FW,Estoril,21,2000,7.3,177,8,14,92,73,17,177,16,6,37.5,8,50.0,96,404,92,1,5,0,30,8,123,11,Matches
319,Bruno Marques,br BRA,FW,Arouca,23,1999,2.5,138,1,11,65,64,20,138,9,3,33.3,5,55.6,61,328,134,5,5,2,14,9,91,15,Matches
320,João Marques,pt POR,MF,Estoril,20,2002,4.3,160,4,25,84,53,9,160,20,9,45.0,9,45.0,105,753,356,14,2,3,7,7,106,20,Matches
321,Rúben Marques,pt POR,FW,Marítimo,19,2002,0.7,20,0,3,10,7,3,20,2,1,50.0,1,50.0,12,57,7,0,1,0,0,1,14,3,Matches
322,José Marsà,es ESP,DF,Sporting CP,20,2002,1.3,124,3,67,56,1,0,124,1,1,100.0,0,0.0,105,478,209,0,0,0,0,1,101,0,Matches
323,Toni Martínez,es ESP,FW,Porto,25,1997,12.8,329,4,23,107,203,83,329,14,6,42.9,5,35.7,169,887,427,21,4,9,19,9,243,61,Matches
324,Rafael Martins,br BRA,FW,Casa Pia,33,1989,15.9,517,16,60,304,158,44,517,8,4,50.0,4,50.0,234,1056,402,13,9,3,34,15,373,57,Matches
325,Rodrigo Martins,pt POR,"FW,MF",Estoril,23,1998,15.4,558,14,77,224,270,52,558,52,22,42.3,19,36.5,355,2567,1195,49,24,23,44,18,378,115,Matches
Rk,Player,Nation,Pos,Squad,Age,Born,90s,Touches,Def Pen,Def 3rd,Mid 3rd,Att 3rd,Att Pen,Live,Att,Succ,Succ%,Tkld,Tkld%,Carries,TotDist,PrgDist,PrgC,1/3,CPA,Mis,Dis,Rec,PrgR,Matches
326,Matheus,br BRA,GK,Braga,30,1992,31.9,1289,1012,1276,16,0,0,1289,7,5,71.4,1,14.3,715,3330,2101,0,0,0,0,0,614,0,Matches
327,Ricardo Matos,pt POR,"FW,MF",Portimonense,22,2000,3.3,78,1,7,36,38,9,77,3,3,100.0,0,0.0,43,243,113,5,4,2,5,0,48,11,Matches
328,Maurício,br BRA,MF,Portimonense,33,1988,11.0,614,19,138,394,89,5,614,12,3,25.0,4,33.3,305,1393,551,2,6,0,12,11,407,15,Matches
329,Iuri Medeiros,pt POR,"MF,FW",Braga,28,1994,22.9,1180,7,95,499,599,90,1178,75,40,53.3,31,41.3,727,3758,1728,58,45,25,33,24,866,154,Matches
330,Kevin Medina,es ESP,"FW,MF",Gil Vicente FC,21,2001,8.2,464,5,54,168,257,29,464,69,26,37.7,25,36.2,290,2100,985,39,32,13,34,21,314,91,Matches
331,Mauro Meireles Couto,pt POR,"MF,FW",Paços de Ferreira,16,2005,1.4,51,2,10,22,20,6,51,4,1,25.0,3,75.0,35,246,65,2,2,2,3,3,36,7,Matches
332,Diogo Mendes,cv CPV,MF,Marítimo,24,1998,13.7,597,21,125,400,78,15,597,14,3,21.4,7,50.0,281,1342,604,12,8,3,10,8,383,23,Matches
333,João Mendes,pt POR,MF,Chaves,27,1994,25.9,1334,9,150,734,472,59,1334,72,29,40.3,33,45.8,849,4450,1955,57,36,6,73,54,1022,168,Matches
334,Joe Mendes,se SWE,"DF,MF",Braga,19,2002,2.1,135,6,35,46,54,4,135,4,2,50.0,1,25.0,87,502,257,7,6,2,2,1,88,15,Matches
335,Alex Mendez,us USA,"MF,FW",Vizela,21,2000,15.8,831,22,156,450,231,15,831,25,13,52.0,10,40.0,388,1820,769,14,12,1,28,13,498,48,Matches
336,Bruno Messi,pt POR,"MF,FW",Santa Clara,25,1996,14.0,586,10,71,288,239,23,586,30,11,36.7,14,46.7,298,1836,897,26,16,5,28,19,321,50,Matches
337,Mexer,mz MOZ,DF,Estoril,33,1988,10.8,727,96,372,330,29,8,727,3,2,66.7,0,0.0,431,2369,1186,1,7,0,6,1,488,0,Matches
338,Benji Michel,us USA,FW,Arouca,24,1997,3.1,135,11,25,58,55,7,135,12,7,58.3,4,33.3,68,413,160,4,5,0,16,6,95,22,Matches
339,Enea Mihaj,al ALB,DF,Famalicão,24,1998,24.7,1467,204,898,551,24,12,1467,8,7,87.5,1,12.5,761,3065,1459,3,3,1,15,4,993,0,Matches
340,Álex Millán,es ESP,FW,Famalicão,22,1999,8.6,245,7,18,117,112,29,244,15,7,46.7,8,53.3,149,634,253,9,7,5,22,8,188,44,Matches
341,Bogdan Milovanov,ua UKR,DF,Arouca,24,1998,11.0,677,59,324,225,131,8,677,15,5,33.3,10,66.7,293,1381,602,15,6,3,19,3,304,32,Matches
342,Kento Misao,jp JPN,MF,Santa Clara,26,1996,11.7,522,23,134,324,66,2,522,13,5,38.5,6,46.2,226,979,340,1,7,0,9,9,273,14,Matches
343,Zié Mohamed Ouattara,ci CIV,"FW,MF",Portimonense,22,2000,12.9,674,22,172,290,220,21,674,20,12,60.0,7,35.0,363,2340,1201,32,22,5,25,15,401,57,Matches
344,Jonathan Monroy,es ESP,"FW,MF",Chaves,20,2001,7.4,280,7,43,123,117,19,280,6,3,50.0,3,50.0,146,827,494,15,4,6,10,12,175,45,Matches
345,Nélson Monte,pt POR,DF,Chaves,27,1995,28.7,1744,236,861,735,158,15,1744,10,3,30.0,6,60.0,873,4387,2694,24,20,1,9,6,1040,29,Matches
346,Miguel Monteiro,pt POR,FW,Gil Vicente FC,19,2003,0.1,3,0,0,1,2,2,3,1,0,0.0,0,0.0,3,32,28,1,0,0,0,0,2,2,Matches
347,Morato,br BRA,DF,Benfica,21,2001,7.2,547,56,265,274,9,3,547,1,1,100.0,0,0.0,340,1496,897,7,4,0,2,1,386,0,Matches
348,Pablo Moreno,es ESP,"FW,MF",Marítimo,20,2002,9.9,342,1,23,172,153,20,342,39,16,41.0,17,43.6,228,1612,601,23,20,3,32,19,237,48,Matches
349,Hélder Morim,pt POR,"MF,FW",Chaves,21,2001,1.0,48,3,15,21,13,1,48,1,1,100.0,0,0.0,22,179,120,2,1,0,2,0,27,4,Matches
350,Hidemasa Morita,jp JPN,MF,Sporting CP,27,1995,21.8,1280,26,221,788,291,48,1280,32,14,43.8,17,53.1,735,3608,1612,33,28,7,35,24,887,56,Matches
Rk,Player,Nation,Pos,Squad,Age,Born,90s,Touches,Def Pen,Def 3rd,Mid 3rd,Att 3rd,Att Pen,Live,Att,Succ,Succ%,Tkld,Tkld%,Carries,TotDist,PrgDist,PrgC,1/3,CPA,Mis,Dis,Rec,PrgR,Matches
351,Mosquito,br BRA,GK,Arouca,26,1996,1.0,30,29,30,0,0,0,30,0,0,,0,,15,74,54,0,0,0,0,0,8,0,Matches
352,Fahd Moufi,ma MAR,DF,Portimonense,26,1996,29.3,1759,110,462,729,580,47,1759,54,18,33.3,24,44.4,748,3789,1762,56,35,9,48,13,915,175,Matches
353,Moura,pt POR,DF,Famalicão,22,1999,23.6,1458,95,514,592,373,37,1458,32,11,34.4,16,50.0,648,4307,2149,58,45,8,36,13,767,142,Matches
354,Rodrigo Moura,br BRA,GK,Chaves,26,1996,4.0,117,103,116,1,0,0,117,0,0,,0,,46,235,187,0,0,0,0,0,30,0,Matches
355,MT,br BRA,"DF,MF",Santa Clara,21,2001,12.6,696,38,256,321,126,11,696,26,8,30.8,15,57.7,316,1675,820,11,13,4,15,11,347,35,Matches
356,Rafa Mújica,es ESP,FW,Arouca,23,1998,18.1,485,28,51,212,230,81,485,27,10,37.0,17,63.0,234,1350,477,18,16,9,58,22,318,79,Matches
357,Petar Musa,hr CRO,FW,Benfica,24,1998,7.4,303,6,25,110,174,75,303,12,7,58.3,4,33.3,149,605,315,10,6,6,23,12,219,40,Matches
358,Almoatasem Al Musrati,ly LBY,MF,Braga,26,1996,25.7,1863,54,397,1262,219,26,1863,16,10,62.5,5,31.3,1034,4320,1716,12,21,0,23,18,1286,12,Matches
359,Kosuke Nakamura,jp JPN,GK,Portimonense,27,1995,30.0,1297,1104,1290,7,0,0,1297,2,2,100.0,0,0.0,668,3173,1846,0,0,0,1,0,593,0,Matches
360,Léo Natel,br BRA,FW,Casa Pia,25,1997,0.6,37,0,6,13,18,5,37,5,4,80.0,1,20.0,20,163,82,4,2,2,4,0,24,9,Matches
361,Fran Navarro,es ESP,FW,Gil Vicente FC,24,1998,33.7,694,10,48,328,322,135,688,37,21,56.8,15,40.5,372,1657,501,19,15,11,84,32,481,134,Matches
362,Flávio Nazinho,pt POR,DF,Sporting CP,19,2003,1.1,67,1,11,21,35,3,67,3,2,66.7,1,33.3,30,166,87,5,3,0,3,0,39,14,Matches
363,Mor Ndiaye,sn SEN,MF,Estoril,21,2000,15.6,787,78,288,445,61,19,787,6,2,33.3,2,33.3,337,1617,672,6,3,1,17,10,426,5,Matches
364,Cher Ndour,it ITA,MF,Benfica,18,2004,0.0,5,0,1,4,0,0,5,0,0,,0,,3,8,3,0,0,0,0,0,5,0,Matches
365,Christian Neiva Afonso,pt POR,DF,Vizela,27,1994,24.7,1546,93,516,661,386,26,1546,37,15,40.5,14,37.8,600,2581,1293,25,21,1,20,6,749,91,Matches
366,Nelson,ao ANG,"FW,MF",Vitória,24,1998,12.9,594,10,102,247,260,35,594,98,44,44.9,43,43.9,364,2549,1189,40,27,11,37,24,390,108,Matches
367,David Neres,br BRA,"FW,MF",Benfica,25,1997,21.8,1370,2,52,472,864,122,1370,115,57,49.6,53,46.1,838,5354,2529,94,66,33,57,31,1091,211,Matches
368,Neto,br BRA,MF,Casa Pia,30,1991,17.0,919,46,197,526,208,6,919,21,15,71.4,4,19.0,414,2261,893,25,18,2,38,20,509,15,Matches
369,Luís Neto,pt POR,DF,Sporting CP,34,1988,3.0,280,23,124,152,6,2,280,2,2,100.0,0,0.0,168,771,450,3,1,0,0,0,215,0,Matches
370,João Neves,pt POR,"MF,FW",Benfica,17,2004,6.8,600,10,115,356,135,16,600,19,8,42.1,7,36.8,332,1487,672,5,9,2,8,8,428,12,Matches
371,Sikou Niakaté,ml MLI,DF,Braga,23,1999,23.6,1684,172,876,777,48,15,1684,20,13,65.0,3,15.0,930,4423,2190,15,7,3,6,7,1152,6,Matches
372,Yusupha Njie,gm GAM,FW,Boavista,28,1994,23.6,745,23,56,378,318,87,742,55,25,45.5,17,30.9,439,2177,861,36,18,14,93,32,559,123,Matches
373,Miguel Nóbrega,pt POR,DF,Rio Ave,22,2000,6.2,422,49,199,200,23,6,422,4,1,25.0,3,75.0,237,1132,629,3,2,0,3,1,295,4,Matches
374,Gonçalo Nogueira,pt POR,MF,Vitória,18,2003,0.2,7,1,2,3,2,0,7,0,0,,0,,4,15,3,0,0,0,0,0,3,0,Matches
375,Ygor Nogueira,br BRA,DF,Santa Clara,27,1995,11.3,482,81,276,192,23,16,482,9,6,66.7,1,11.1,206,1075,604,4,2,0,5,2,238,1,Matches
Rk,Player,Nation,Pos,Squad,Age,Born,90s,Touches,Def Pen,Def 3rd,Mid 3rd,Att 3rd,Att Pen,Live,Att,Succ,Succ%,Tkld,Tkld%,Carries,TotDist,PrgDist,PrgC,1/3,CPA,Mis,Dis,Rec,PrgR,Matches
376,Nonoca,br BRA,MF,Portimonense,24,1998,6.3,255,5,60,155,46,5,255,12,6,50.0,3,25.0,128,763,332,5,3,1,8,9,139,5,Matches
377,Arsénio Martins Lafuente Nunes,pt POR,"FW,MF",Arouca,32,1989,10.8,495,10,86,208,206,11,495,23,9,39.1,13,56.5,295,1475,663,26,15,6,17,21,366,57,Matches
378,João Nunes,pt POR,DF,Casa Pia,26,1995,18.3,1020,146,541,421,63,17,1020,7,6,85.7,1,14.3,486,2283,1070,10,9,1,14,0,588,7,Matches
379,Matheus Nunes,pt POR,MF,Sporting CP,23,1998,2.0,116,0,10,61,46,1,116,9,6,66.7,3,33.3,77,438,160,3,4,0,2,0,88,3,Matches
380,Nwankwo Obiora,ng NGA,MF,Chaves,31,1991,6.9,339,17,80,227,34,5,339,1,1,100.0,0,0.0,176,739,278,2,0,0,2,10,219,4,Matches
381,Ryoya Ogawa,jp JPN,"DF,MF",Vitória,25,1996,2.3,115,6,29,60,28,2,115,4,1,25.0,1,25.0,53,153,70,2,1,0,7,2,61,12,Matches
382,Hugo Oliveira,pt POR,DF,Vizela,20,2002,0.1,5,0,0,4,1,1,5,0,0,,0,,4,24,18,1,0,1,0,0,5,1,Matches
383,Paulo Oliveira,pt POR,DF,Braga,30,1992,16.4,1105,117,530,553,26,13,1105,1,0,0.0,1,100.0,579,2589,1211,2,3,0,2,0,683,1,Matches
384,Rúben Alexandre Gomes Oliveira,pt POR,MF,Santa Clara,27,1994,0.2,14,1,3,9,2,0,14,0,0,,0,,3,18,10,0,1,0,1,0,8,1,Matches
385,Bruno Onyemaechi,ng NGA,DF,Boavista,23,1999,28.1,1736,101,594,779,386,21,1736,48,23,47.9,18,37.5,844,5162,2880,74,58,1,45,11,937,84,Matches
386,Monsuru Opeyemi,ng NGA,FW,Vizela,18,2003,0.5,16,0,2,8,6,2,16,1,0,0.0,1,100.0,8,53,30,0,0,0,3,1,11,2,Matches
387,Jerome Opoku,gh GHA,DF,Arouca,23,1998,21.3,1004,189,628,355,29,8,1004,19,9,47.4,6,31.6,567,3028,1695,13,8,0,12,1,626,3,Matches
388,Pedro Ortiz,es ESP,MF,Vizela,21,2000,5.3,337,14,92,224,23,5,337,6,4,66.7,2,33.3,158,607,245,3,2,0,5,6,220,2,Matches
389,Milutin Osmajić,me MNE,FW,Vizela,23,1999,22.7,580,17,33,261,295,72,579,34,13,38.2,19,55.9,301,1701,775,26,18,15,70,16,460,120,Matches
390,Nicolás Otamendi,ar ARG,DF,Benfica,34,1988,30.8,2589,211,1085,1387,130,47,2589,15,7,46.7,6,40.0,1549,7611,4194,25,22,1,18,4,1825,7,Matches
391,Otávio,pt POR,MF,Porto,27,1995,25.2,1897,23,192,1004,735,66,1896,87,41,47.1,31,35.6,1139,5357,3081,63,61,12,47,26,1328,113,Matches
392,João Othavio Basso,br BRA,DF,Arouca,25,1997,31.6,1961,370,1205,705,70,29,1958,22,13,59.1,7,31.8,1050,5255,2908,9,8,0,11,2,1215,7,Matches
393,Amine Oudrhiri,ma MAR,MF,Rio Ave,29,1992,8.7,519,18,119,333,71,2,519,5,3,60.0,0,0.0,304,1493,747,12,7,0,7,8,380,9,Matches
394,Pablo,br BRA,FW,Famalicão,18,2004,7.9,275,9,36,141,100,25,275,30,17,56.7,9,30.0,164,721,318,8,10,4,21,16,197,37,Matches
395,Lucas Paes,br BRA,GK,Casa Pia,24,1997,2.0,81,73,80,1,0,0,81,0,0,,0,,47,219,109,0,0,0,0,0,30,0,Matches
396,Renato Pantalon,hr CRO,DF,Rio Ave,24,1997,19.9,1124,110,561,537,31,12,1124,1,1,100.0,0,0.0,546,2273,1189,6,4,0,12,2,720,3,Matches
397,David Pastor,br BRA,MF,Portimonense,22,2000,0.0,3,0,1,1,1,0,3,0,0,,0,,1,14,12,0,0,0,0,0,1,0,Matches
398,Patrick,br BRA,DF,Rio Ave,25,1997,21.1,1511,127,663,755,102,17,1511,16,7,43.8,8,50.0,813,4214,2398,24,21,0,14,7,1028,10,Matches
399,Paulinho,pt POR,FW,Sporting CP,29,1992,15.1,474,9,43,225,214,76,474,20,9,45.0,8,40.0,251,1271,523,26,14,11,25,21,321,63,Matches
400,Pedrão,br BRA,DF,Portimonense,25,1997,28.7,1834,221,959,766,129,30,1834,22,17,77.3,4,18.2,1033,5136,2931,22,23,7,11,9,1165,23,Matches
Rk,Player,Nation,Pos,Squad,Age,Born,90s,Touches,Def Pen,Def 3rd,Mid 3rd,Att 3rd,Att Pen,Live,Att,Succ,Succ%,Tkld,Tkld%,Carries,TotDist,PrgDist,PrgC,1/3,CPA,Mis,Dis,Rec,PrgR,Matches
401,João Pedro,pt POR,MF,Chaves,29,1993,6.6,310,15,69,203,40,3,310,10,4,40.0,5,50.0,136,617,228,4,2,0,6,12,169,8,Matches
402,Zé Pedro,pt POR,GK,Paços de Ferreira,20,2002,3.0,106,100,106,0,0,0,106,0,0,,0,,44,177,69,0,0,0,0,0,33,0,Matches
403,Pelé,gw GNB,MF,Famalicão,30,1991,6.8,375,7,132,212,37,2,375,19,10,52.6,6,31.6,200,1034,451,9,7,1,12,13,252,1,Matches
404,Alexandre Penetra,pt POR,DF,Famalicão,20,2001,27.9,1661,105,677,727,268,25,1661,10,5,50.0,5,50.0,704,2718,1396,22,14,0,16,3,986,75,Matches
405,Pepe,pt POR,DF,Porto,39,1983,21.8,1645,149,728,868,57,17,1645,10,5,50.0,4,40.0,1085,4970,2920,12,10,0,10,6,1144,6,Matches
406,Pepê,br BRA,"MF,DF",Porto,25,1997,29.4,1787,39,332,820,665,74,1787,165,75,45.5,67,40.6,1126,6999,3625,101,77,28,67,38,1188,191,Matches
407,André Pereira,pt POR,FW,Rio Ave,27,1995,11.1,453,14,59,251,153,37,451,37,20,54.1,13,35.1,268,1712,754,22,17,2,33,24,345,56,Matches
408,Gabriel Pereira,br BRA,DF,Gil Vicente FC,22,2000,4.6,321,52,199,119,6,2,321,3,1,33.3,2,66.7,166,868,491,0,1,0,6,0,205,0,Matches
409,Marco André Rocha Pereira,pt POR,GK,Santa Clara,35,1987,8.0,297,247,295,2,0,0,297,0,0,,0,,164,847,519,0,0,0,0,0,142,0,Matches
410,Matheus Pereira,br BRA,DF,Vizela,21,2000,9.0,670,31,217,307,150,6,670,18,8,44.4,7,38.9,317,1822,947,23,14,2,12,4,372,31,Matches
411,Sebastián Pérez Cardona,co COL,MF,Boavista,29,1993,27.3,1825,55,446,1212,173,14,1825,17,6,35.3,9,52.9,955,3672,1758,16,10,0,20,10,1238,13,Matches
412,Kevin Pina,cv CPV,MF,Chaves,24,1997,4.1,185,14,60,101,30,0,185,7,6,85.7,1,14.3,85,442,264,4,4,0,4,3,83,3,Matches
413,Rodrigo Pinho,br BRA,FW,Benfica,31,1991,0.5,19,0,1,9,9,2,19,2,0,0.0,2,100.0,6,18,8,0,0,0,1,1,13,4,Matches
414,Dinis Pinto,pt POR,DF,Braga,21,2000,0.1,6,0,3,2,1,0,6,0,0,,0,,4,29,23,1,1,0,0,0,4,1,Matches
415,Diogo Pinto,pt POR,"FW,MF",Casa Pia,23,1999,5.1,176,0,30,84,62,10,176,11,4,36.4,7,63.6,93,401,145,4,5,0,4,6,115,20,Matches
416,Gonçalo Pinto,pt POR,GK,Chaves,22,2000,0.0,6,6,6,0,0,0,6,0,0,,0,,1,15,15,0,0,0,0,0,0,0,Matches
417,Rui Pires,pt POR,MF,Paços de Ferreira,24,1998,26.8,1383,91,475,797,119,9,1383,7,5,71.4,1,14.3,669,2104,856,5,8,0,10,4,870,10,Matches
418,Pizzi,pt POR,"MF,FW",Braga,32,1989,5.4,395,7,55,198,144,21,395,14,6,42.9,7,50.0,222,1008,464,8,6,3,6,9,310,32,Matches
419,Carlos Ponck,cv CPV,DF,Chaves,27,1995,20.0,1118,170,601,491,35,15,1118,5,4,80.0,1,20.0,591,2404,1165,4,1,0,5,2,695,2,Matches
420,Pedro Porro,es ESP,"DF,MF",Sporting CP,22,1999,11.9,899,18,227,292,396,46,898,44,16,36.4,18,40.9,504,2905,1664,62,21,13,23,8,561,133,Matches
421,Samuel Portugal,br BRA,GK,Portimonense,28,1994,4.0,146,119,144,2,0,0,146,0,0,,0,,87,550,413,0,0,0,0,0,66,0,Matches
422,Quaresma,br BRA,DF,Arouca,25,1996,30.4,2093,133,855,871,399,17,2093,106,50,47.2,44,41.5,1077,6370,3100,65,43,4,54,36,1143,104,Matches
423,Diogo Queirós,pt POR,FW,Famalicão,23,1999,0.1,5,2,4,1,0,0,5,0,0,,0,,0,0,0,0,0,0,0,0,1,0,Matches
424,João Queirós,pt POR,DF,Chaves,24,1998,2.9,133,33,83,47,5,1,133,0,0,,0,,64,348,215,1,0,0,2,1,70,0,Matches
425,Xavi Quintillà,es ESP,DF,Santa Clara,25,1996,8.0,484,29,138,200,146,6,483,0,0,,0,,204,850,550,9,6,0,4,0,252,23,Matches
Rk,Player,Nation,Pos,Squad,Age,Born,90s,Touches,Def Pen,Def 3rd,Mid 3rd,Att 3rd,Att Pen,Live,Att,Succ,Succ%,Tkld,Tkld%,Carries,TotDist,PrgDist,PrgC,1/3,CPA,Mis,Dis,Rec,PrgR,Matches
426,Uroš Račić,rs SRB,MF,Braga,24,1998,12.4,788,34,131,515,151,16,787,15,8,53.3,4,26.7,406,2098,1003,16,8,2,14,10,510,17,Matches
427,Rafa,pt POR,GK,Vitória,18,2003,2.0,56,50,56,0,0,0,56,0,0,,0,,24,111,73,0,0,0,0,0,11,0,Matches
428,Jesús Ramírez,ve VEN,"FW,MF",Marítimo,24,1998,6.5,204,7,12,90,107,31,204,16,4,25.0,9,56.3,101,496,113,7,7,5,20,20,138,34,Matches
429,Cláudio Ramos,pt POR,GK,Porto,30,1991,1.0,24,18,24,0,0,0,24,0,0,,0,,15,48,23,0,0,0,1,0,10,0,Matches
430,Flávio Ramos,br BRA,DF,Paços de Ferreira,28,1994,8.3,447,90,303,136,9,8,447,0,0,,0,,248,977,389,0,1,1,2,1,265,0,Matches
431,Gonçalo Ramos,pt POR,FW,Benfica,21,2001,25.4,759,41,81,275,406,160,759,45,19,42.2,20,44.4,375,1572,676,30,14,15,54,26,532,125,Matches
432,Osama Rashid,iq IRQ,"MF,FW",Vizela,30,1992,4.2,256,10,51,155,51,3,256,1,1,100.0,0,0.0,121,632,205,4,2,1,2,2,140,3,Matches
433,Bruno Reis,pt POR,"MF,DF",Portimonense,23,1999,0.8,52,0,6,29,18,3,52,1,0,0.0,1,100.0,27,149,61,4,3,0,3,0,33,5,Matches
434,Matheus Reis,br BRA,DF,Sporting CP,27,1995,25.4,2469,118,654,1436,394,36,2469,33,19,57.6,12,36.4,1710,9166,5914,72,55,3,20,11,1944,94,Matches
435,Miguel Reisinho,pt POR,"DF,MF",Boavista,23,1999,0.2,20,1,3,11,7,1,20,2,1,50.0,1,50.0,9,29,5,0,0,0,2,0,15,2,Matches
436,Filipe Relvas,pt POR,DF,Portimonense,22,1999,31.9,2179,244,1079,944,168,28,2179,20,10,50.0,8,40.0,1070,4881,2683,15,7,2,18,4,1269,24,Matches
437,Brayan Riascos,co COL,"FW,MF",Marítimo,27,1994,9.7,364,17,40,137,192,57,364,28,12,42.9,12,42.9,218,1210,559,19,10,11,44,16,260,77,Matches
438,Rodrigo Ribeiro,pt POR,FW,Sporting CP,17,2005,0.3,16,0,2,4,11,2,16,1,0,0.0,0,0.0,10,70,33,1,1,0,0,0,10,5,Matches
439,Tiago Ribeiro,pt POR,MF,Paços de Ferreira,20,2002,2.0,105,4,23,56,26,0,105,0,0,,0,,36,143,49,1,2,0,5,0,73,4,Matches
440,Ricardinho,pt POR,"FW,MF",Santa Clara,23,1998,20.0,748,16,116,357,284,45,748,78,23,29.5,46,59.0,412,2765,1605,45,31,11,38,24,483,111,Matches
441,Riccieli,br BRA,DF,Famalicão,23,1998,28.7,1626,273,1034,568,29,23,1626,2,1,50.0,0,0.0,784,3219,1513,4,2,1,5,2,1036,1,Matches
442,Rildo,br BRA,"FW,MF",Santa Clara,22,2000,9.1,297,9,46,110,146,25,297,38,19,50.0,16,42.1,189,1126,515,17,7,11,27,10,197,56,Matches
443,Mihailo Ristić,rs SRB,DF,Benfica,26,1995,1.3,146,5,36,60,53,2,146,4,2,50.0,2,50.0,84,489,266,10,8,1,2,0,102,13,Matches
444,Robson,br BRA,DF,Boavista,22,2000,1.4,94,11,53,36,8,3,94,0,0,,0,,47,176,93,0,0,0,1,0,57,0,Matches
445,Bryan Róchez,hn HON,"FW,MF",Portimonense,27,1995,9.9,297,12,16,131,151,51,296,17,4,23.5,12,70.6,143,529,175,6,10,3,32,15,211,49,Matches
446,Rochinha,pt POR,"FW,MF",Sporting CP,27,1995,4.8,244,1,5,89,152,20,244,23,7,30.4,13,56.5,168,1057,556,14,11,7,8,3,191,53,Matches
447,Bruno Rodrigues,pt POR,DF,Braga,21,2001,1.0,69,8,46,21,2,1,69,0,0,,0,,36,133,35,0,0,0,1,0,42,0,Matches
448,Gonçalo Rodrigues,pt POR,MF,Rio Ave,25,1997,32.2,1830,35,289,1082,489,27,1830,58,27,46.6,15,25.9,1001,6279,3097,78,62,4,40,30,1223,88,Matches
449,Ivo Rodrigues,pt POR,"MF,FW",Famalicão,27,1995,26.3,1490,38,255,730,527,44,1489,116,46,39.7,51,44.0,888,5173,2385,72,58,9,56,42,1027,144,Matches
450,Diego Rosa,br BRA,"MF,FW",Vizela,19,2002,2.9,151,10,40,82,31,1,151,4,1,25.0,2,50.0,59,316,173,4,1,1,5,0,73,2,Matches
Rk,Player,Nation,Pos,Squad,Age,Born,90s,Touches,Def Pen,Def 3rd,Mid 3rd,Att 3rd,Att Pen,Live,Att,Succ,Succ%,Tkld,Tkld%,Carries,TotDist,PrgDist,PrgC,1/3,CPA,Mis,Dis,Rec,PrgR,Matches
451,Loreintz Rosier,fr FRA,MF,Estoril,23,1998,11.5,606,31,181,345,86,14,606,8,6,75.0,2,25.0,309,1727,792,10,11,1,5,6,374,10,Matches
452,Mabrouk Rouai,fr FRA,"FW,MF",Estoril,21,2000,0.4,14,2,4,7,3,0,14,0,0,,0,,6,35,30,1,0,0,1,0,8,0,Matches
453,Abel Ruiz,es ESP,FW,Braga,22,2000,23.0,707,13,39,194,479,156,707,28,13,46.4,14,50.0,414,2337,1080,51,24,30,53,25,535,180,Matches
454,Alan Ruiz,ar ARG,MF,Arouca,28,1993,27.7,1676,38,223,989,491,29,1676,99,51,51.5,38,38.4,1010,5070,2256,38,44,4,55,39,1274,96,Matches
455,Leonardo Ruíz,co COL,FW,Rio Ave,26,1996,10.3,358,6,28,201,132,26,358,18,11,61.1,5,27.8,185,814,277,8,7,1,30,25,281,52,Matches
456,Gustavo sá,pt POR,"MF,FW",Famalicão,17,2004,4.3,242,9,36,145,65,6,242,16,6,37.5,8,50.0,140,683,208,5,8,0,7,7,177,15,Matches
457,Helder Sá,pt POR,"DF,MF",Vitória,19,2002,8.9,582,27,154,255,177,10,582,24,13,54.2,9,37.5,252,1640,802,22,9,1,10,6,313,56,Matches
458,Josué Sá,pt POR,DF,Rio Ave,30,1992,15.0,958,80,430,490,43,5,958,3,2,66.7,0,0.0,553,3010,1884,22,17,0,6,1,660,4,Matches
459,Pedro Sá,pt POR,MF,Portimonense,28,1993,8.2,417,18,78,293,47,3,417,4,2,50.0,1,25.0,174,600,264,1,3,0,5,6,267,7,Matches
460,Tiago Sá,pt POR,GK,Braga,27,1995,1.9,58,51,58,0,0,0,58,0,0,,0,,20,66,35,0,0,0,0,0,31,0,Matches
461,Serdar Saatçı,tr TUR,DF,Braga,19,2003,2.4,160,14,68,91,2,0,160,1,0,0.0,0,0.0,102,515,174,1,1,0,2,1,105,0,Matches
462,Safira,br BRA,FW,Vitória,27,1995,9.1,306,9,29,140,140,38,306,12,5,41.7,6,50.0,145,556,218,6,5,2,17,8,242,34,Matches
463,Pierre Sagna,sn SEN,DF,Santa Clara,31,1990,19.5,1032,83,375,474,196,4,1032,24,10,41.7,11,45.8,425,2470,1221,33,21,2,19,3,458,41,Matches
464,Arthur Sales,br BRA,"FW,MF",Paços de Ferreira,20,2002,4.0,148,3,18,67,64,12,148,7,2,28.6,4,57.1,86,354,134,0,4,0,20,5,109,23,Matches
465,Andreas Samaris,gr GRE,MF,Rio Ave,33,1989,15.6,980,48,248,636,106,2,980,23,10,43.5,9,39.1,476,1843,777,6,9,1,17,19,650,12,Matches
466,Samu,pt POR,MF,Vizela,26,1996,29.8,1814,67,352,962,519,63,1812,39,18,46.2,17,43.6,885,3853,1912,46,28,8,47,33,1177,110,Matches
467,Leandro Sanca,gw GNB,"FW,MF",Famalicão,22,2000,4.9,232,4,47,78,115,13,232,36,16,44.4,16,44.4,141,818,294,6,6,2,20,8,152,40,Matches
468,Elder Santana,br BRA,"MF,FW",Gil Vicente FC,29,1993,0.5,20,1,2,5,13,3,20,0,0,,0,,14,53,25,1,0,0,3,4,17,6,Matches
469,Aderlan Santos,br BRA,DF,Rio Ave,33,1989,31.3,2177,268,1174,970,39,25,2177,7,4,57.1,1,14.3,1114,4525,2221,3,3,0,9,2,1440,0,Matches
470,Luís Santos,pt POR,"FW,MF",Boavista,22,2000,3.2,160,3,24,70,66,9,160,7,1,14.3,6,85.7,90,442,212,7,7,0,11,3,104,16,Matches
471,Nuno Santos,pt POR,"DF,MF",Sporting CP,27,1995,25.2,1783,31,271,646,881,91,1783,29,12,41.4,11,37.9,993,5187,2969,93,61,28,24,11,1192,337,Matches
472,Pedro Santos,pt POR,"FW,MF",Braga,21,2000,0.1,11,0,3,3,5,0,11,0,0,,0,,5,34,11,0,0,0,0,0,4,0,Matches
473,Rene Santos,br BRA,"DF,MF",Marítimo,30,1992,12.1,740,114,429,296,23,11,740,4,3,75.0,0,0.0,388,1605,657,1,3,0,10,0,458,0,Matches
474,Tiago Santos,pt POR,DF,Estoril,20,2002,26.9,1558,62,523,686,378,39,1558,90,32,35.6,37,41.1,799,5943,3315,87,62,13,42,15,824,101,Matches
475,Zaidu Sanusi,ng NGA,DF,Porto,25,1997,11.7,731,34,206,287,245,18,731,15,5,33.3,8,53.3,350,1582,869,27,21,2,24,4,409,81,Matches
Rk,Player,Nation,Pos,Squad,Age,Born,90s,Touches,Def Pen,Def 3rd,Mid 3rd,Att 3rd,Att Pen,Live,Att,Succ,Succ%,Tkld,Tkld%,Carries,TotDist,PrgDist,PrgC,1/3,CPA,Mis,Dis,Rec,PrgR,Matches
476,Adewele Sapara,ng NGA,"FW,MF",Portimonense,27,1995,1.3,56,3,17,25,14,2,56,2,0,0.0,2,100.0,33,141,51,1,2,0,3,2,26,4,Matches
477,Andrés Sarmiento,co COL,"FW,MF",Vizela,24,1998,0.4,18,0,0,11,7,2,18,3,2,66.7,1,33.3,11,123,41,2,1,0,2,1,10,2,Matches
478,Sidy Sarr,sn SEN,MF,Chaves,26,1996,1.3,60,7,19,34,8,1,60,0,0,,0,,19,67,24,1,1,0,1,1,21,2,Matches
479,Vincent Sasso,fr FRA,DF,Boavista,31,1991,21.9,1202,158,675,504,29,19,1202,4,2,50.0,2,50.0,568,2749,1363,3,5,0,2,2,779,4,Matches
480,Savio,br BRA,DF,Rio Ave,27,1995,3.6,289,14,108,117,68,0,289,1,0,0.0,1,100.0,165,1074,759,14,9,0,5,0,177,7,Matches
481,Andreas Schjelderup,no NOR,FW,Benfica,18,2004,0.0,4,0,0,1,3,2,4,1,0,0.0,1,100.0,4,22,8,0,0,1,0,0,2,0,Matches
482,Alexander Schmidt,at AUT,FW,Vizela,24,1998,3.6,125,6,9,53,64,19,125,4,2,50.0,2,50.0,50,190,74,1,5,1,8,8,86,22,Matches
483,Moustapha Seck,sn SEN,"DF,FW",Portimonense,26,1996,24.9,1242,69,296,552,412,14,1242,49,14,28.6,22,44.9,563,3503,1861,54,44,4,42,14,645,123,Matches
484,Alfa Semedo,gw GNB,MF,Vitória,24,1997,0.3,14,1,5,9,1,0,14,0,0,,0,,9,25,9,0,0,0,0,1,8,0,Matches
485,Nuno Sequeira,pt POR,DF,Braga,31,1990,22.9,1814,40,448,816,567,14,1814,30,16,53.3,9,30.0,814,3889,2113,40,47,3,32,11,1069,140,Matches
486,Serginho,,"FW,MF",Estoril,21,2001,1.5,82,2,9,40,35,8,82,3,2,66.7,1,33.3,41,377,236,9,4,1,1,0,47,8,Matches
487,Paulo Sérgio Mota,pt POR,"DF,MF",Marítimo,31,1991,8.0,441,14,108,168,171,14,441,13,4,30.8,8,61.5,188,903,402,8,9,0,12,2,224,49,Matches
488,André Silva,br BRA,"FW,MF",Vitória,25,1997,19.4,785,21,67,383,340,73,785,49,22,44.9,26,53.1,471,2184,891,38,19,14,61,23,607,99,Matches
489,António Silva,pt POR,DF,Benfica,18,2003,29.9,2214,230,1006,1158,69,24,2214,14,6,42.9,4,28.6,1396,7433,4591,27,19,1,16,3,1595,3,Matches
490,Guilherme Silva,br BRA,"DF,MF",Chaves,21,2000,0.2,8,1,6,2,0,0,8,0,0,,0,,3,14,8,0,0,0,0,0,4,0,Matches
491,João Miguel Macedo Silva,pt POR,GK,Marítimo,27,1995,8.0,314,289,314,0,0,0,314,0,0,,0,,137,752,365,0,0,0,2,0,98,0,Matches
492,Joel silva,pt POR,MF,Boavista,19,2003,1.1,61,2,16,42,3,0,61,0,0,,0,,30,111,34,0,0,0,3,0,42,0,Matches
493,Jorge Fernando Santos Silva,pt POR,"DF,MF",Paços de Ferreira,26,1996,5.2,264,31,98,88,81,5,264,10,3,30.0,4,40.0,120,728,414,15,10,1,8,2,120,26,Matches
494,Jota Silva,pt POR,"FW,MF",Vitória,22,1999,17.8,802,17,123,307,392,68,802,82,18,22.0,52,63.4,459,3216,1476,55,45,20,57,22,513,133,Matches
495,Lucas Silva,br BRA,FW,Paços de Ferreira,24,1998,0.2,11,0,4,3,4,0,11,1,0,0.0,0,0.0,7,31,5,0,0,0,0,0,8,3,Matches
496,Pedro Manuel da Silva Moreira,pt POR,MF,Arouca,33,1989,0.8,64,0,7,43,14,0,64,2,2,100.0,0,0.0,30,128,36,2,1,0,3,1,45,3,Matches
497,Pedro Silva,pt POR,GK,Estoril,25,1997,2.3,95,94,95,0,0,0,95,0,0,,0,,48,222,119,0,0,0,0,0,33,0,Matches
498,Rafa Silva,pt POR,"MF,FW",Benfica,29,1993,24.2,1109,0,39,339,756,178,1109,134,51,38.1,62,46.3,713,5507,2749,99,65,42,75,43,902,239,Matches
499,Tiago Silva,pt POR,MF,Vitória,29,1993,23.3,1582,24,271,931,402,14,1578,54,26,48.1,20,37.0,851,4007,1592,21,22,3,25,14,1018,30,Matches
500,David Simão,pt POR,MF,Arouca,32,1990,28.7,1910,62,541,1091,298,4,1910,32,17,53.1,11,34.4,966,4081,1721,16,19,0,37,14,1313,36,Matches
Rk,Player,Nation,Pos,Squad,Age,Born,90s,Touches,Def Pen,Def 3rd,Mid 3rd,Att 3rd,Att Pen,Live,Att,Succ,Succ%,Tkld,Tkld%,Carries,TotDist,PrgDist,PrgC,1/3,CPA,Mis,Dis,Rec,PrgR,Matches
501,André Simões,pt POR,MF,Famalicão,32,1989,1.9,136,6,35,76,27,2,136,1,0,0.0,1,100.0,70,312,161,5,4,0,7,1,78,2,Matches
502,André Simões,pt POR,"MF,FW",Gil Vicente FC,18,2003,0.2,20,1,1,15,4,0,20,3,3,100.0,0,0.0,13,88,44,1,0,0,0,0,18,3,Matches
503,Luther Singh,za RSA,"FW,MF",Chaves,24,1997,7.0,311,6,40,166,108,20,311,19,6,31.6,11,57.9,190,1083,446,14,9,6,19,7,220,54,Matches
504,Lucas Soares,br BRA,"MF,DF",Casa Pia,24,1998,24.2,1301,66,437,525,361,43,1301,48,27,56.3,14,29.2,571,3631,1850,60,35,11,34,19,670,120,Matches
505,Samuel Soares,pt POR,GK,Benfica,20,2002,0.0,5,5,5,0,0,0,5,0,0,,0,,4,9,4,0,0,0,0,0,4,0,Matches
506,Val Soares,br BRA,MF,Marítimo,25,1997,13.5,906,29,215,584,120,3,906,37,19,51.4,16,43.2,557,3002,1372,14,14,0,17,18,642,18,Matches
507,Yuki Soma,jp JPN,"FW,MF",Casa Pia,25,1997,13.5,477,7,67,158,256,36,477,32,11,34.4,12,37.5,260,1963,1067,47,27,9,25,18,288,86,Matches
508,Joel Soñora,us USA,MF,Marítimo,25,1996,2.0,89,1,11,42,39,0,89,2,2,100.0,0,0.0,45,274,150,5,7,0,3,2,52,5,Matches
509,Ismaila Soro,ci CIV,MF,Arouca,24,1998,16.9,860,42,279,502,88,1,860,26,16,61.5,5,19.2,417,1982,823,7,11,0,17,15,506,9,Matches
510,Miguel Sousa,pt POR,MF,Marítimo,23,1998,2.0,77,0,12,48,19,4,77,3,2,66.7,1,33.3,56,266,111,2,1,1,1,3,54,3,Matches
511,Vasco Sousa,pt POR,MF,Porto,19,2003,0.0,7,0,1,2,4,1,7,0,0,,0,,3,4,0,0,0,0,0,1,2,0,Matches
512,Claudemir de Souza,br BRA,MF,Vizela,34,1988,15.1,1006,52,289,606,115,9,1006,7,4,57.1,3,42.9,456,1626,825,5,5,0,9,6,637,7,Matches
513,Fabiano Souza,br BRA,DF,Braga,22,2000,10.7,691,26,197,315,185,8,691,15,6,40.0,5,33.3,332,1575,743,18,15,3,9,5,376,54,Matches
514,Jerry St. Juste,nl NED,DF,Sporting CP,25,1996,10.1,1045,72,343,592,117,9,1045,13,7,53.8,5,38.5,734,4223,2528,40,26,0,6,2,825,17,Matches
515,Filip Stevanovic,rs SRB,"FW,MF",Santa Clara,19,2002,1.7,66,1,5,32,29,6,66,4,2,50.0,1,25.0,24,108,53,3,2,1,3,2,38,6,Matches
516,Habib sylla,ci CIV,DF,Chaves,23,1999,6.9,401,26,144,188,73,4,401,14,10,71.4,3,21.4,167,833,371,8,5,0,9,4,183,16,Matches
517,Morlaye Sylla,gn GUI,"FW,MF",Arouca,24,1998,25.3,1371,30,214,713,465,39,1368,64,34,53.1,26,40.6,771,4316,2178,49,46,8,51,19,938,126,Matches
518,Kyosuke Tagawa,jp JPN,FW,Santa Clara,23,1999,13.2,286,11,34,140,117,28,286,11,3,27.3,8,72.7,158,756,248,7,5,4,36,13,209,45,Matches
519,Afonso Taira,pt POR,MF,Casa Pia,30,1992,23.3,1296,49,307,807,211,14,1296,52,22,42.3,24,46.2,595,2715,1332,20,28,3,22,16,738,31,Matches
520,Mateo Tanlongo,ar ARG,MF,Sporting CP,18,2003,1.6,119,3,23,85,12,2,119,0,0,,0,,62,256,114,1,2,0,2,1,84,1,Matches
521,Mehdi Taremi,ir IRN,FW,Porto,30,1992,29.0,1146,21,94,432,635,211,1138,62,29,46.8,29,46.8,673,3532,1856,64,42,29,64,24,844,208,Matches
522,David Tavares,cv CPV,"MF,FW",Famalicão,23,1999,0.5,29,0,13,13,3,0,29,1,1,100.0,0,0.0,12,52,26,1,0,0,1,2,16,1,Matches
523,Heriberto Tavares,cv CPV,"MF,FW",Famalicão,25,1997,2.4,150,2,24,56,72,7,150,9,2,22.2,7,77.8,92,479,251,9,4,2,6,1,93,22,Matches
524,Martim Tavares,pt POR,"FW,MF",Boavista,18,2003,4.0,118,4,14,50,54,10,118,10,1,10.0,8,80.0,72,349,90,4,3,2,6,3,91,16,Matches
525,Duplexe Tchamba,cm CMR,DF,Casa Pia,24,1998,4.3,269,43,142,105,22,6,269,4,4,100.0,0,0.0,144,655,381,4,2,0,2,3,163,0,Matches
Rk,Player,Nation,Pos,Squad,Age,Born,90s,Touches,Def Pen,Def 3rd,Mid 3rd,Att 3rd,Att Pen,Live,Att,Succ,Succ%,Tkld,Tkld%,Carries,TotDist,PrgDist,PrgC,1/3,CPA,Mis,Dis,Rec,PrgR,Matches
526,João Teixeira,pt POR,MF,Chaves,28,1994,30.4,1861,42,270,966,652,47,1857,77,31,40.3,36,46.8,1049,6417,3217,75,72,11,55,55,1212,103,Matches
527,André Teles,pt POR,MF,Marítimo,25,1997,0.7,42,3,18,23,2,0,42,3,2,66.7,1,33.3,25,100,24,0,1,0,1,0,24,0,Matches
528,Casper Tengstedt,dk DEN,"FW,MF",Benfica,22,2000,0.3,12,1,2,3,7,2,12,1,0,0.0,1,100.0,5,40,5,0,0,0,0,0,6,3,Matches
529,Nigel Thomas,nl NED,"FW,MF",Paços de Ferreira,21,2001,22.5,906,13,111,300,500,48,906,77,28,36.4,40,51.9,560,3889,1753,74,46,12,55,18,626,186,Matches
530,Pedro Tiba,pt POR,MF,Gil Vicente FC,33,1988,13.9,819,28,142,423,260,29,819,39,18,46.2,12,30.8,508,2646,1262,31,21,10,24,22,573,66,Matches
531,Bastien Toma,ch SUI,MF,Paços de Ferreira,23,1999,4.8,271,3,43,147,83,8,271,7,3,42.9,3,42.9,173,910,363,6,9,1,8,4,188,7,Matches
532,Vítor Tormena,br BRA,DF,Braga,26,1996,26.1,1824,168,850,933,49,19,1824,2,1,50.0,1,50.0,1102,5672,2883,14,10,0,5,0,1245,2,Matches
533,Mamadou Tounkara,ml MLI,DF,Vitória,20,2001,11.6,544,63,285,247,15,5,544,4,3,75.0,0,0.0,290,1410,631,7,5,0,5,3,338,2,Matches
534,Francisco Trincão,pt POR,"MF,FW",Sporting CP,22,1999,24.5,1197,10,68,518,625,116,1197,112,49,43.8,55,49.1,816,5259,2690,89,59,34,51,24,940,195,Matches
535,Matouš Trmal,cz CZE,GK,Marítimo,23,1998,6.0,197,169,196,1,0,0,197,0,0,,0,,89,402,233,0,0,0,0,0,79,0,Matches
536,Manuel Ugarte,uy URU,MF,Sporting CP,21,2001,26.1,1962,38,358,1358,283,5,1962,73,40,54.8,24,32.9,1164,5831,2671,32,36,1,30,26,1290,22,Matches
537,Zé Uilton,br BRA,"FW,MF",Paços de Ferreira,30,1992,15.3,527,24,117,198,220,19,527,31,11,35.5,14,45.2,318,2309,1011,40,21,5,17,19,333,82,Matches
538,Ukra,pt POR,"FW,MF",Rio Ave,34,1988,4.1,232,4,36,120,80,2,232,12,4,33.3,4,33.3,135,803,376,9,8,2,10,8,157,30,Matches
539,Mateus Uribe,co COL,MF,Porto,31,1991,27.3,2073,80,461,1259,373,39,2071,31,20,64.5,8,25.8,1132,4101,1764,16,26,4,26,14,1337,34,Matches
540,Rodrigo Valente,pt POR,"MF,FW",Santa Clara,21,2001,1.1,50,4,12,21,19,5,50,3,1,33.3,1,33.3,23,133,71,2,2,1,1,1,32,1,Matches
541,João Valido,pt POR,GK,Arouca,22,2000,0.0,1,1,1,0,0,0,1,0,0,,0,,0,0,0,0,0,0,0,0,0,0,Matches
542,Bruno Varela,cv CPV,GK,Vitória,27,1994,27.0,1019,854,1012,4,3,3,1019,1,1,100.0,0,0.0,462,2318,1480,0,0,0,1,0,329,0,Matches
543,Fernando Varela,cv CPV,DF,Casa Pia,34,1987,22.6,1082,135,566,472,49,24,1082,5,2,40.0,2,40.0,526,2541,1344,8,6,0,9,0,658,1,Matches
544,Luciano Vega,ar ARG,"MF,FW",Marítimo,23,1999,2.1,108,8,29,58,21,5,108,1,0,0.0,1,100.0,55,236,105,1,1,0,3,2,73,8,Matches
545,Danilo Veiga,pt POR,DF,Gil Vicente FC,19,2002,7.6,501,27,158,216,131,3,501,21,10,47.6,9,42.9,246,1430,807,20,21,1,13,4,277,37,Matches
546,Igor Vekič,si SVN,GK,Paços de Ferreira,24,1998,9.1,315,280,314,1,0,0,315,0,0,,0,,135,629,377,0,0,0,0,0,107,0,Matches
547,Bruno Ventura,pt POR,FW,Rio Ave,21,2001,1.1,40,0,5,17,18,0,40,0,0,,0,,24,104,54,2,5,0,0,2,32,1,Matches
548,Lucas Veríssimo,br BRA,DF,Benfica,27,1995,0.1,16,1,8,9,0,0,16,0,0,,0,,13,56,17,0,0,0,0,0,13,0,Matches
549,Gabriel Veron,br BRA,"MF,FW",Porto,19,2002,4.5,220,2,17,75,129,38,220,16,4,25.0,10,62.5,140,780,416,19,9,7,9,5,147,55,Matches
550,Jan Vertonghen,be BEL,DF,Benfica,35,1987,0.0,3,0,2,1,0,0,3,0,0,,0,,3,20,0,0,0,0,0,0,3,0,Matches
Rk,Player,Nation,Pos,Squad,Age,Born,90s,Touches,Def Pen,Def 3rd,Mid 3rd,Att 3rd,Att Pen,Live,Att,Succ,Succ%,Tkld,Tkld%,Carries,TotDist,PrgDist,PrgC,1/3,CPA,Mis,Dis,Rec,PrgR,Matches
551,André Vidigal,ao ANG,"FW,MF",Marítimo,23,1998,28.6,1012,15,96,380,561,84,1012,116,31,26.7,67,57.8,608,4277,2088,73,54,14,88,42,689,186,Matches
552,Gabriel Vieira,br BRA,"FW,MF",Santa Clara,20,2002,24.4,892,13,114,314,489,85,890,89,42,47.2,35,39.3,440,3165,1501,61,36,22,72,36,491,124,Matches
553,João Vigário,pt POR,DF,Paços de Ferreira,26,1995,0.2,13,2,3,7,3,0,13,1,1,100.0,0,0.0,9,53,24,0,2,0,0,0,10,1,Matches
554,Mikel Villanueva,ve VEN,DF,Vitória,29,1993,28.2,1589,156,813,743,41,15,1589,15,14,93.3,1,6.7,919,4180,2408,7,9,1,14,6,1053,2,Matches
555,Bernardo Vital,pt POR,DF,Estoril,21,2000,25.1,1568,301,986,553,32,16,1568,3,2,66.7,1,33.3,918,5001,3084,10,3,1,8,4,1063,2,Matches
556,Vitinha,pt POR,FW,Braga,22,2000,12.2,460,22,44,141,284,78,460,51,20,39.2,22,43.1,249,1539,625,25,16,13,57,27,305,85,Matches
557,Vitinho,br BRA,"MF,FW",Arouca,22,2000,2.7,127,6,20,43,66,8,127,6,1,16.7,4,66.7,63,310,154,5,7,1,6,1,74,25,Matches
558,Paulo Vitor,br BRA,"MF,DF",Rio Ave,23,1999,12.3,644,21,151,273,235,19,644,53,20,37.7,24,45.3,361,3472,1836,44,31,7,19,13,376,93,Matches
559,Steven Vitória,ca CAN,DF,Chaves,35,1987,29.4,1510,243,908,562,44,36,1504,5,2,40.0,2,40.0,821,3278,1781,4,3,0,3,2,958,1,Matches
560,Odysseas Vlachodimos,gr GRE,GK,Benfica,28,1994,34.0,853,724,848,5,0,0,853,0,0,,0,,480,2279,1239,0,0,0,2,0,406,0,Matches
561,Ilija Vukotić,me MNE,MF,Boavista,23,1999,4.5,209,17,64,109,38,3,209,5,3,60.0,2,40.0,69,298,160,5,5,0,2,0,99,3,Matches
562,Wagner,br BRA,DF,Portimonense,23,1999,1.0,59,2,23,27,9,0,59,0,0,,0,,33,94,45,0,0,0,0,1,29,0,Matches
563,Masaki Watai,jp JPN,"MF,FW",Boavista,23,1999,5.8,276,1,33,124,120,13,276,13,3,23.1,10,76.9,155,696,322,13,5,2,11,6,212,37,Matches
564,Julian Weigl,de GER,MF,Benfica,26,1995,0.6,86,0,5,70,12,1,86,0,0,,0,,55,179,98,0,1,0,1,0,75,2,Matches
565,Wendell,br BRA,DF,Porto,29,1993,21.8,1597,39,373,789,449,26,1597,29,12,41.4,13,44.8,926,4902,2981,81,63,4,26,5,1006,110,Matches
566,Weverson,br BRA,"DF,FW",Arouca,22,2000,0.8,46,0,10,22,14,0,46,1,0,0.0,1,100.0,27,130,60,3,1,0,1,1,31,4,Matches
567,Willyan,br BRA,"DF,MF",Portimonense,27,1995,4.0,295,22,129,150,17,7,295,5,3,60.0,2,40.0,144,637,454,2,3,0,0,0,174,5,Matches
568,Bruno Wilson,pt POR,DF,Vizela,25,1996,22.8,1140,243,722,381,42,27,1140,2,2,100.0,0,0.0,510,2427,1324,4,11,1,3,1,653,3,Matches
569,Roan Wilson,cr CRC,MF,Gil Vicente FC,20,2002,1.3,80,4,24,51,6,0,80,3,2,66.7,1,33.3,44,207,95,2,1,0,3,0,50,0,Matches
570,Cláudio Winck,br BRA,"DF,MF",Marítimo,28,1994,26.9,1715,67,447,773,527,60,1711,88,31,35.2,46,52.3,749,5079,2947,84,65,16,48,20,925,138,Matches
571,Xadas,pt POR,"MF,FW",Marítimo,24,1997,26.3,1367,17,155,630,595,39,1366,49,26,53.1,21,42.9,682,3573,1679,46,45,8,40,19,865,117,Matches
572,Abdul-Aziz Yakubu,gh GHA,FW,Rio Ave,23,1998,14.2,364,14,30,130,209,46,362,21,7,33.3,11,52.4,190,1086,408,20,15,9,33,15,256,88,Matches
573,Roman Yaremchuk,ua UKR,FW,Benfica,26,1995,0.6,21,0,1,2,18,5,21,0,0,,0,,14,67,42,1,2,0,2,0,22,4,Matches
574,Moses Yaw,gh GHA,MF,Arouca,23,1999,3.5,173,13,76,86,11,2,173,2,2,100.0,0,0.0,83,290,114,0,2,0,2,0,104,0,Matches
575,Zaydou Youssouf,km COM,MF,Famalicão,23,1999,23.8,1197,34,309,746,173,9,1197,81,57,70.4,14,17.3,656,3954,1788,25,26,2,35,33,711,18,Matches
Rk,Player,Nation,Pos,Squad,Age,Born,90s,Touches,Def Pen,Def 3rd,Mid 3rd,Att 3rd,Att Pen,Live,Att,Succ,Succ%,Tkld,Tkld%,Carries,TotDist,PrgDist,PrgC,1/3,CPA,Mis,Dis,Rec,PrgR,Matches
576,Antonio Zarzana,es ESP,"MF,FW",Marítimo,20,2002,3.2,144,1,23,79,47,5,144,15,3,20.0,8,53.3,105,674,277,9,9,3,8,4,109,20,Matches
577,Ivan Zlobin,ru RUS,GK,Famalicão,25,1997,1.0,47,42,47,0,0,0,47,0,0,,0,,22,137,101,0,0,0,0,0,11,0,Matches
578,Kévin Zohi,ml MLI,"FW,MF",Vizela,25,1996,10.0,405,6,55,160,196,37,405,36,20,55.6,15,41.7,232,1131,606,23,10,6,27,10,273,67,Matches
579,Nermin Zolotić,ba BIH,DF,Casa Pia,29,1993,24.3,1600,233,777,749,79,16,1600,11,7,63.6,3,27.3,885,4418,2525,19,12,0,12,3,1016,2,Matches
580,Emilijus Zubas,lt LTU,GK,Arouca,32,1990,3.0,113,94,111,2,0,0,113,0,0,,0,,44,220,122,0,0,0,0,0,45,0,Matches
