rk,player,nation,pos,squad,age,born,mp,starts,min,90s,gls,ast,g_plus_a,g_pk,pk,pkatt,crdy,crdr,gls_per90,ast_per90,g_plus_a_per90,g_pk_per90,g_plus_a_pk_per90,matches
1,Malek Al Abadalmanam,sa KSA,FW,Al-Fayha,23,1998,22,8,735,8.2,4,0,4,4,0,0,3,0,0.49,0.00,0.49,0.49,0.49,Matches
2,Saleh Al Abbas,sa KSA,MF,Al-Faisaly,27,1993,9,1,247,2.7,0,0,0,0,0,0,0,0,0.00,0.00,0.00,0.00,0.00,Matches
3,Hamad Al Abdan,sa KSA,MF,Al-Hazem,21,2000,8,3,298,3.3,0,0,0,0,0,0,0,0,0.00,0.00,0.00,0.00,0.00,Matches
4,Ayoub Abdellaoui,dz ALG,DF,Al-Ettifaq,28,1993,22,19,1598,17.8,0,0,0,0,0,0,4,0,0.00,0.00,0.00,0.00,0.00,Matches
5,Saud Abdulhamid,sa KSA,DF,Al-Hilal,22,1999,13,10,970,10.8,0,2,2,0,0,0,2,0,0.00,0.19,0.19,0.00,0.19,Matches
6,Saud Abdulhamid,sa KSA,DF,Al-Ittihad,22,1999,8,8,720,8.0,0,0,0,0,0,0,5,0,0.00,0.00,0.00,0.00,0.00,Matches
7,Waleed Abdullah,sa KSA,GK,Al-Nassr,35,1986,20,19,1649,18.3,0,0,0,0,0,0,1,0,0.00,0.00,0.00,0.00,0.00,Matches
8,Nawaf Al Abed,sa KSA,"MF,FW",Al-Shabab,31,1990,13,7,622,6.9,1,2,3,1,0,0,1,0,0.14,0.29,0.43,0.14,0.43,Matches
9,Mazen Abo Shararah,sa KSA,"FW,MF",Damac,30,1991,18,5,445,4.9,0,1,1,0,0,0,0,1,0.00,0.20,0.20,0.00,0.20,Matches
10,Vincent Aboubakar,cm CMR,FW,Al-Nassr,29,1992,23,19,1671,18.6,9,4,13,9,0,0,0,0,0.48,0.22,0.70,0.48,0.70,Matches
11,Abdulrahman Al-Aboud,sa KSA,"MF,DF",Al-Ittihad,26,1995,26,20,1719,19.1,2,4,6,2,0,0,6,1,0.10,0.21,0.31,0.10,0.31,Matches
12,Mohammed Abousaban,sa KSA,"MF,DF",Al-Taawoun,31,1990,9,2,233,2.6,0,0,0,0,0,0,2,0,0.00,0.00,0.00,0.00,0.00,Matches
13,Mohammed Abousaban,sa KSA,MF,Al-Fayha,31,1990,10,4,407,4.5,0,0,0,0,0,0,1,1,0.00,0.00,0.00,0.00,0.00,Matches
14,Fábio Abreu,ao ANG,FW,Al-Batin,28,1993,28,28,2518,28.0,9,0,9,5,4,5,5,0,0.32,0.00,0.32,0.18,0.18,Matches
15,Khalil Al Absi,sa KSA,MF,Al-Nassr,20,2001,1,1,60,0.7,0,0,0,0,0,0,0,0,0.00,0.00,0.00,0.00,0.00,Matches
16,Talal Al-Absi,sa KSA,DF,Al-Ahli,28,1993,2,2,179,2.0,0,0,0,0,0,0,0,0,0.00,0.00,0.00,0.00,0.00,Matches
17,Afriyie Acquah,gh GHA,MF,Al-Batin,29,1992,8,7,531,5.9,0,0,0,0,0,0,3,0,0.00,0.00,0.00,0.00,0.00,Matches
18,Abdulfattah Adam,sa KSA,FW,Al-Nassr,26,1995,4,3,188,2.1,0,0,0,0,0,0,0,0,0.00,0.00,0.00,0.00,0.00,Matches
19,Muath Adnan Afaneh,jo JOR,"FW,MF",Abha,,,11,4,273,3.0,0,0,0,0,0,0,1,0,0.00,0.00,0.00,0.00,0.00,Matches
20,Waleed Al Ahmad,sa KSA,DF,Al-Faisaly,22,1999,21,16,1559,17.3,1,0,1,1,0,0,5,0,0.06,0.00,0.06,0.06,0.06,Matches
21,Karim El Ahmadi,ma MAR,MF,Al-Ittihad,36,1985,16,16,1366,15.2,0,0,0,0,0,0,4,0,0.00,0.00,0.00,0.00,0.00,Matches
22,Ahmed Alanzy,sa KSA,MF,Al-Faisaly,,,3,1,102,1.1,0,0,0,0,0,0,0,0,0.00,0.00,0.00,0.00,0.00,Matches
23,Abdulaziz Al Alawi,sa KSA,DF,Al-Batin,23,1998,13,10,895,9.9,0,1,1,0,0,0,4,0,0.00,0.10,0.10,0.00,0.10,Matches
24,Bader Alhwidy Alshammary,sa KSA,DF,Al-Batin,19,2001,10,9,836,9.3,0,0,0,0,0,0,1,0,0.00,0.00,0.00,0.00,0.00,Matches
25,Hassan Al Ali,sa KSA,FW,Al-Ahli,19,2002,2,0,11,0.1,0,0,0,0,0,0,0,0,0.00,0.00,0.00,0.00,0.00,Matches
Rk,Player,Nation,Pos,Squad,Age,Born,MP,Starts,Min,90s,Gls,Ast,G+A,G-PK,PK,PKatt,CrdY,CrdR,Gls,Ast,G+A,G-PK,G+A-PK,Matches
26,Mukhtar Ali,sa KSA,MF,Al-Ta'ee,23,1997,11,11,915,10.2,2,1,3,2,0,0,3,0,0.20,0.10,0.30,0.20,0.30,Matches
27,Shaye Ali Sharahili,sa KSA,MF,Al-Faisaly,31,1990,2,0,20,0.2,0,0,0,0,0,0,0,0,0.00,0.00,0.00,0.00,0.00,Matches
28,Ezgjan Alioski,mk MKD,"DF,MF",Al-Ahli,29,1992,28,28,2510,27.9,6,8,14,2,4,4,7,0,0.22,0.29,0.50,0.07,0.36,Matches
29,Alison,br BRA,"MF,DF",Al-Hazem,28,1993,19,18,1560,17.3,0,1,1,0,0,0,5,1,0.00,0.06,0.06,0.00,0.06,Matches
30,Romain Amalfitano,fr FRA,"MF,FW",Al-Faisaly,31,1989,17,17,1379,15.3,4,2,6,4,0,0,2,0,0.26,0.13,0.39,0.26,0.39,Matches
31,Cédric Amissi,bi BDI,MF,Al-Taawoun,31,1990,16,16,1434,15.9,1,1,2,1,0,0,5,0,0.06,0.06,0.13,0.06,0.13,Matches
32,Abdullah Al-Ammar,sa KSA,DF,Damac,27,1994,28,28,2407,26.7,1,7,8,1,0,0,1,0,0.04,0.26,0.30,0.04,0.30,Matches
33,Turki Al Ammar,sa KSA,"MF,FW",Al-Shabab,21,1999,22,10,920,10.2,2,0,2,2,0,0,1,0,0.20,0.00,0.20,0.20,0.20,Matches
34,Sari Amr,sa KSA,"DF,MF",Abha,31,1989,23,20,1677,18.6,1,1,2,1,0,0,3,0,0.05,0.05,0.11,0.05,0.11,Matches
35,Abdulelah Al-Amri,sa KSA,DF,Al-Nassr,24,1997,19,19,1687,18.7,2,0,2,2,0,0,6,1,0.11,0.00,0.11,0.11,0.11,Matches
36,Hassan Al-Amri,sa KSA,MF,Al-Taawoun,27,1994,23,11,1063,11.8,0,0,0,0,0,0,4,1,0.00,0.00,0.00,0.00,0.00,Matches
37,Mohammed Al-Amri,sa KSA,"DF,MF",Al-Faisaly,29,1991,19,11,947,10.5,0,1,1,0,0,0,6,0,0.00,0.10,0.10,0.00,0.10,Matches
38,Saleh Al-Amri,sa KSA,"MF,FW",Abha,27,1993,29,26,2156,24.0,1,6,7,1,0,0,4,1,0.04,0.25,0.29,0.04,0.29,Matches
39,Rakan Al Anaze,sa KSA,"MF,FW",Al-Batin,23,1998,17,9,856,9.5,0,0,0,0,0,0,2,0,0.00,0.00,0.00,0.00,0.00,Matches
40,Abdullah Al Anazi,sa KSA,MF,Al-Fateh,18,2003,2,0,25,0.3,0,0,0,0,0,0,0,0,0.00,0.00,0.00,0.00,0.00,Matches
41,André André,pt POR,MF,Al-Ittihad,31,1989,12,12,1017,11.3,0,1,1,0,0,0,4,0,0.00,0.09,0.09,0.00,0.09,Matches
42,Domagoj Antolić,hr CRO,MF,Damac,31,1990,12,11,919,10.2,0,0,0,0,0,0,1,1,0.00,0.00,0.00,0.00,0.00,Matches
43,Maurício Antônio,br BRA,DF,Al-Batin,29,1992,29,29,2610,29.0,2,1,3,2,0,0,3,0,0.07,0.03,0.10,0.07,0.10,Matches
44,Nawaf Al Aqidi,sa KSA,GK,Al-Nassr,21,2000,3,3,270,3.0,0,0,0,0,0,0,0,0,0.00,0.00,0.00,0.00,0.00,Matches
45,Nawaf Al Aqidi,sa KSA,GK,Al-Ta'ee,21,2000,7,7,630,7.0,0,0,0,0,0,0,1,0,0.00,0.00,0.00,0.00,0.00,Matches
46,Abdulaziz Al-Aryani,sa KSA,"MF,FW",Al-Batin,25,1996,18,4,447,5.0,1,3,4,1,0,0,0,1,0.20,0.60,0.81,0.20,0.81,Matches
47,Abdulfattah Asiri,sa KSA,MF,Al-Nassr,27,1994,15,4,544,6.0,0,3,3,0,0,0,2,0,0.00,0.50,0.50,0.00,0.50,Matches
48,Ali Al Asmari,sa KSA,"MF,FW",Al-Ahli,24,1997,14,10,871,9.7,0,0,0,0,0,0,4,0,0.00,0.00,0.00,0.00,0.00,Matches
49,Malik Asselah,dz ALG,GK,Al-Hazem,35,1986,8,8,720,8.0,0,0,0,0,0,0,2,0,0.00,0.00,0.00,0.00,0.00,Matches
50,Ahmed Assiri,sa KSA,DF,Al-Taawoun,29,1991,4,4,346,3.8,0,1,1,0,0,0,0,0,0.00,0.26,0.26,0.00,0.26,Matches
Rk,Player,Nation,Pos,Squad,Age,Born,MP,Starts,Min,90s,Gls,Ast,G+A,G-PK,PK,PKatt,CrdY,CrdR,Gls,Ast,G+A,G-PK,G+A-PK,Matches
51,Ahmed Assiri,sa KSA,DF,Al-Faisaly,29,1991,11,10,854,9.5,0,0,0,0,0,0,3,1,0.00,0.00,0.00,0.00,0.00,Matches
52,Abdulaziz Atif,sa KSA,MF,Al-Faisaly,20,2001,3,0,46,0.5,0,0,0,0,0,0,0,0,0.00,0.00,0.00,0.00,0.00,Matches
53,Amine Atouchi,ma MAR,DF,Abha,29,1992,25,25,2249,25.0,2,0,2,2,0,0,7,1,0.08,0.00,0.08,0.08,0.08,Matches
54,Christian Atsu,gh GHA,MF,Al-Raed,29,1992,8,4,405,4.5,0,1,1,0,0,0,1,0,0.00,0.22,0.22,0.00,0.22,Matches
55,Mohammed Attiah,sa KSA,MF,Al-Ta'ee,29,1991,6,0,68,0.8,0,0,0,0,0,0,0,0,0.00,0.00,0.00,0.00,0.00,Matches
56,Filipe Augusto,br BRA,MF,Damac,27,1993,10,8,734,8.2,2,0,2,2,0,0,4,1,0.25,0.00,0.25,0.25,0.25,Matches
57,Fares Ayed,sa KSA,FW,Damac,20,2001,3,0,36,0.4,0,1,1,0,0,0,0,0,0.00,2.50,2.50,0.00,2.50,Matches
58,Abdulmalek Al Ayiri,sa KSA,MF,Al-Taawoun,17,2003,17,4,407,4.5,1,1,2,1,0,0,4,0,0.22,0.22,0.44,0.22,0.44,Matches
59,Walid Azaro,ma MAR,FW,Al-Ettifaq,25,1995,17,16,1461,16.2,2,4,6,2,0,0,2,0,0.12,0.25,0.37,0.12,0.37,Matches
60,Farhan Al Azmi,sa KSA,DF,Al-Hazem,27,1994,16,12,1057,11.7,0,0,0,0,0,0,2,0,0.00,0.00,0.00,0.00,0.00,Matches
61,Muataz Al Bagawi,sa KSA,GK,Al-Taawoun,23,1998,1,1,90,1.0,0,0,0,0,0,0,1,0,0.00,0.00,0.00,0.00,0.00,Matches
62,Hattan Bahebri,sa KSA,"MF,FW",Al-Shabab,29,1992,25,24,1953,21.7,7,8,15,7,0,0,6,0,0.32,0.37,0.69,0.32,0.69,Matches
63,Basil Al Bahrani,sa KSA,GK,Al-Fateh,26,1995,2,2,180,2.0,0,0,0,0,0,0,1,0,0.00,0.00,0.00,0.00,0.00,Matches
64,Ahmed Bahusayn,sa KSA,MF,Al-Ittihad,20,2001,5,0,27,0.3,0,0,0,0,0,0,0,0,0.00,0.00,0.00,0.00,0.00,Matches
65,Jamal Bajandouh,sa KSA,MF,Al-Shabab,28,1992,5,0,40,0.4,0,0,0,0,0,0,0,0,0.00,0.00,0.00,0.00,0.00,Matches
66,Jamal Bajandouh,sa KSA,MF,Al-Ta'ee,28,1992,13,10,913,10.1,0,0,0,0,0,0,3,0,0.00,0.00,0.00,0.00,0.00,Matches
67,Masood Bakheet,sa KSA,DF,Al-Hazem,29,1992,10,6,496,5.5,0,0,0,0,0,0,2,0,0.00,0.00,0.00,0.00,0.00,Matches
68,Yazeid Al Bakr,sa KSA,DF,Al-Taawoun,25,1995,18,12,1064,11.8,0,3,3,0,0,0,4,0,0.00,0.25,0.25,0.00,0.25,Matches
69,Ageel Balghaith,sa KSA,DF,Al-Raed,34,1987,17,15,1198,13.3,1,0,1,1,0,0,2,0,0.08,0.00,0.08,0.08,0.08,Matches
70,Ahmed Bamasud,sa KSA,"DF,MF",Al-Fayha,25,1995,29,26,2193,24.4,1,0,1,1,0,0,4,0,0.04,0.00,0.04,0.04,0.04,Matches
71,Éver Banega,ar ARG,MF,Al-Shabab,33,1988,27,27,2321,25.8,6,4,10,2,4,7,6,2,0.23,0.16,0.39,0.08,0.23,Matches
72,Mohammed Al Baqawi,sa KSA,DF,Al-Fayha,26,1995,23,15,1347,15.0,0,1,1,0,0,0,6,0,0.00,0.07,0.07,0.00,0.07,Matches
73,Abdulrahman Al-Barakah,sa KSA,MF,Abha,30,1990,14,12,1034,11.5,0,1,1,0,0,0,1,0,0.00,0.09,0.09,0.00,0.09,Matches
74,Ibrahim Al Barakah,sa KSA,MF,Al-Fayha,24,1996,6,0,32,0.4,0,0,0,0,0,0,0,0,0.00,0.00,0.00,0.00,0.00,Matches
75,Ibrahim Al Barakah,sa KSA,MF,Al-Hazem,24,1996,2,1,57,0.6,0,0,0,0,0,0,0,0,0.00,0.00,0.00,0.00,0.00,Matches
Rk,Player,Nation,Pos,Squad,Age,Born,MP,Starts,Min,90s,Gls,Ast,G+A,G-PK,PK,PKatt,CrdY,CrdR,Gls,Ast,G+A,G-PK,G+A-PK,Matches
76,Khaled Al-Barakah,sa KSA,DF,Al-Hazem,30,1990,9,1,117,1.3,0,0,0,0,0,0,1,0,0.00,0.00,0.00,0.00,0.00,Matches
77,Karam Barnawi,sa KSA,DF,Abha,34,1987,4,1,97,1.1,0,0,0,0,0,0,0,0,0.00,0.00,0.00,0.00,0.00,Matches
78,Yassin Barnawi,sa KSA,DF,Al-Faisaly,27,1993,14,8,770,8.6,0,0,0,0,0,0,2,0,0.00,0.00,0.00,0.00,0.00,Matches
79,Mohammad Al Bassas,sa KSA,DF,Al-Hazem,22,1998,1,0,6,0.1,0,0,0,0,0,0,0,0,0.00,0.00,0.00,0.00,0.00,Matches
80,Mourad Batna,ma MAR,MF,Al-Fateh,31,1990,17,16,1434,15.9,5,3,8,3,2,3,8,1,0.31,0.19,0.50,0.19,0.38,Matches
81,Zaid Al Bawardi,sa KSA,GK,Al-Shabab,24,1997,1,1,90,1.0,0,0,0,0,0,0,0,0,0.00,0.00,0.00,0.00,0.00,Matches
82,Sofiane Bendebka,dz ALG,MF,Al-Fateh,28,1992,22,22,1938,21.5,6,3,9,6,0,0,0,0,0.28,0.14,0.42,0.28,0.42,Matches
83,Karim El Berkaoui,ma MAR,"MF,FW",Al-Raed,25,1995,26,22,2061,22.9,13,2,15,10,3,5,3,0,0.57,0.09,0.66,0.44,0.52,Matches
84,Mansor Al Beshe,sa KSA,"MF,FW",Al-Raed,21,2000,13,4,355,3.9,1,1,2,1,0,0,0,0,0.25,0.25,0.51,0.25,0.51,Matches
85,Saad Bguir,tn TUN,"MF,FW",Abha,27,1994,27,26,2302,25.6,7,2,9,5,2,3,6,0,0.27,0.08,0.35,0.20,0.27,Matches
86,Fahad bin Jumayah,sa KSA,"MF,DF",Abha,26,1995,21,18,1582,17.6,3,0,3,3,0,0,3,0,0.17,0.00,0.17,0.17,0.17,Matches
87,Mohammed bin Nukhaylan,sa KSA,DF,Al-Faisaly,19,2002,2,0,53,0.6,0,0,0,0,0,0,0,0,0.00,0.00,0.00,0.00,0.00,Matches
88,Saud bin Zaydan,sa KSA,MF,Al-Hazem,21,1999,15,11,885,9.8,0,0,0,0,0,0,4,0,0.00,0.00,0.00,0.00,0.00,Matches
89,Abdulaziz Al-Bishi,sa KSA,MF,Al-Ittihad,27,1994,27,24,1952,21.7,4,2,6,4,0,0,2,0,0.18,0.09,0.28,0.18,0.28,Matches
90,Rayan Al Bloushi,sa KSA,FW,Al-Fayha,20,2001,1,0,16,0.2,0,0,0,0,0,0,0,0,0.00,0.00,0.00,0.00,0.00,Matches
91,Ammar Bo Essa,sa KSA,MF,Al-Fateh,20,2001,1,0,9,0.1,0,0,0,0,0,0,0,0,0.00,0.00,0.00,0.00,0.00,Matches
92,Ameen Bokhari,sa KSA,GK,Al-Nassr,24,1997,10,8,781,8.7,0,0,0,0,0,0,0,0,0.00,0.00,0.00,0.00,0.00,Matches
93,Nawaf Boushal,sa KSA,DF,Al-Fateh,21,1999,27,25,2098,23.3,1,2,3,1,0,0,3,1,0.04,0.09,0.13,0.04,0.13,Matches
94,John Boye,gh GHA,DF,Al-Fayha,34,1987,4,1,97,1.1,0,0,0,0,0,0,0,0,0.00,0.00,0.00,0.00,0.00,Matches
95,Martin Boyle,au AUS,"MF,FW",Al-Faisaly,28,1993,13,13,1148,12.8,3,1,4,3,0,0,3,0,0.24,0.08,0.31,0.24,0.31,Matches
96,Filip Bradarić,hr CRO,MF,Al-Ahli,29,1992,26,22,1943,21.6,2,0,2,2,0,0,6,0,0.09,0.00,0.09,0.09,0.09,Matches
97,Mohammed Al-Breik,sa KSA,DF,Al-Hilal,28,1992,13,12,974,10.8,0,0,0,0,0,0,4,0,0.00,0.00,0.00,0.00,0.00,Matches
98,Tawfiq Bu Haymid,sa KSA,DF,Al-Fateh,33,1987,25,21,1682,18.7,0,2,2,0,0,0,3,0,0.00,0.11,0.11,0.00,0.11,Matches
99,Ali Al-Bulaihi,sa KSA,DF,Al-Hilal,31,1989,22,22,1851,20.6,3,0,3,3,0,0,8,0,0.15,0.00,0.15,0.15,0.15,Matches
100,Firas Al-Buraikan,sa KSA,"FW,MF",Al-Fateh,21,2000,27,25,2098,23.3,11,3,14,10,1,1,2,0,0.47,0.13,0.60,0.43,0.56,Matches
Rk,Player,Nation,Pos,Squad,Age,Born,MP,Starts,Min,90s,Gls,Ast,G+A,G-PK,PK,PKatt,CrdY,CrdR,Gls,Ast,G+A,G-PK,G+A-PK,Matches
101,Abdulelah Al Burayh,sa KSA,"MF,FW",Damac,24,1997,12,5,387,4.3,0,1,1,0,0,0,0,0,0.00,0.23,0.23,0.00,0.23,Matches
102,Mijo Caktaš,hr CRO,MF,Damac,29,1992,16,16,1369,15.2,4,0,4,4,0,0,1,0,0.26,0.00,0.26,0.26,0.26,Matches
103,Haroune Camara,sa KSA,"FW,MF",Al-Ittihad,23,1998,22,6,689,7.7,5,0,5,5,0,0,0,0,0.65,0.00,0.65,0.65,0.65,Matches
104,Martín Campaña,uy URU,GK,Al-Batin,32,1989,29,29,2610,29.0,0,0,0,0,0,0,3,0,0.00,0.00,0.00,0.00,0.00,Matches
105,Carlos,br BRA,"MF,FW",Al-Shabab,25,1995,23,23,1980,22.0,13,3,16,13,0,0,2,0,0.59,0.14,0.73,0.59,0.73,Matches
106,André Carrillo,pe PER,MF,Al-Hilal,30,1991,22,17,1442,16.0,4,2,6,4,0,0,1,0,0.25,0.12,0.37,0.25,0.37,Matches
107,Cássio,pt POR,GK,Al-Taawoun,40,1980,29,29,2610,29.0,0,1,1,0,0,0,0,0,0.00,0.03,0.03,0.00,0.03,Matches
108,Farouk Chafaï,dz ALG,DF,Damac,31,1990,23,23,2033,22.6,1,1,2,1,0,0,4,0,0.04,0.04,0.09,0.04,0.09,Matches
109,Renato Chaves,br BRA,DF,Al-Batin,31,1990,29,29,2576,28.6,1,0,1,1,0,0,6,0,0.03,0.00,0.03,0.03,0.03,Matches
110,Clayson,br BRA,MF,Al-Faisaly,26,1995,8,5,399,4.4,1,1,2,1,0,0,0,0,0.23,0.23,0.45,0.23,0.45,Matches
111,Igor Coronado,br BRA,"FW,MF",Al-Ittihad,28,1992,19,15,1380,15.3,5,10,15,5,0,0,2,0,0.33,0.65,0.98,0.33,0.98,Matches
112,Gustavo Cuellar,co COL,MF,Al-Hilal,28,1992,23,20,1615,17.9,0,1,1,0,0,0,9,1,0.00,0.06,0.06,0.00,0.06,Matches
113,Christian Cueva,pe PER,MF,Al-Fateh,29,1991,24,24,2087,23.2,8,5,13,5,3,3,4,1,0.34,0.22,0.56,0.22,0.43,Matches
114,Ammar Al-Daheem,sa KSA,DF,Al-Fateh,27,1993,11,8,697,7.7,0,0,0,0,0,0,6,2,0.00,0.00,0.00,0.00,0.00,Matches
115,Abdurahman Al Dakheel,sa KSA,DF,Al-Hazem,,,27,21,1830,20.3,0,1,1,0,0,0,5,1,0.00,0.05,0.05,0.00,0.05,Matches
116,Abdulaziz Damdam,sa KSA,MF,Al-Batin,26,1995,6,2,163,1.8,0,0,0,0,0,0,1,0,0.00,0.00,0.00,0.00,0.00,Matches
117,Dankler,br BRA,DF,Al-Ahli,29,1992,23,23,2014,22.4,0,0,0,0,0,0,5,1,0.00,0.00,0.00,0.00,0.00,Matches
118,Faisel Darwish,sa KSA,"DF,MF",Al-Taawoun,30,1991,2,0,44,0.5,0,0,0,0,0,0,0,0,0.00,0.00,0.00,0.00,0.00,Matches
119,Khalifah Al Dawsari,sa KSA,DF,Al-Fateh,22,1999,6,2,225,2.5,0,0,0,0,0,0,1,0,0.00,0.00,0.00,0.00,0.00,Matches
120,Khalifah Al Dawsari,sa KSA,DF,Al-Hilal,22,1999,2,0,7,0.1,0,0,0,0,0,0,0,0,0.00,0.00,0.00,0.00,0.00,Matches
121,Nasser Al-Dawsari,sa KSA,"DF,MF",Al-Hilal,22,1998,14,11,947,10.5,0,4,4,0,0,0,0,0,0.00,0.38,0.38,0.00,0.38,Matches
122,Salem Al-Dawsari,sa KSA,"MF,FW",Al-Hilal,29,1991,22,18,1705,18.9,9,5,14,7,2,2,1,0,0.48,0.26,0.74,0.37,0.63,Matches
123,Yacouba Dembélé,ml MLI,DF,Al-Taawoun,20,2001,11,1,135,1.5,0,0,0,0,0,0,0,0,0.00,0.00,0.00,0.00,0.00,Matches
124,Dener,br BRA,MF,Al-Ta'ee,29,1992,27,26,2277,25.3,4,1,5,4,0,0,4,0,0.16,0.04,0.20,0.16,0.20,Matches
125,Mohammed Al-Dhafiri,sa KSA,FW,Al-Batin,,,2,0,19,0.2,0,0,0,0,0,0,0,0,0.00,0.00,0.00,0.00,0.00,Matches
Rk,Player,Nation,Pos,Squad,Age,Born,MP,Starts,Min,90s,Gls,Ast,G+A,G-PK,PK,PKatt,CrdY,CrdR,Gls,Ast,G+A,G-PK,G+A-PK,Matches
126,Abdurahman Al-Dossari,sa KSA,MF,Al-Faisaly,23,1997,26,16,1377,15.3,0,0,0,0,0,0,3,0,0.00,0.00,0.00,0.00,0.00,Matches
127,Fahad Al Dossari,sa KSA,MF,Al-Ettifaq,19,2002,5,0,106,1.2,0,0,0,0,0,0,2,0,0.00,0.00,0.00,0.00,0.00,Matches
128,Abdullah Al Dossary,sa KSA,MF,Al-Fayha,27,1993,3,0,54,0.6,0,0,0,0,0,0,0,0,0.00,0.00,0.00,0.00,0.00,Matches
129,Mohammed Al Dossary,sa KSA,"MF,DF",Al-Raed,22,1999,21,16,1370,15.2,0,0,0,0,0,0,1,0,0.00,0.00,0.00,0.00,0.00,Matches
130,Khalid Dubaysh,sa KSA,DF,Al-Shabab,22,1998,1,0,1,0.0,0,0,0,0,0,0,0,0,0.00,0.00,0.00,0.00,0.00,Matches
131,Khalid Dubaysh,sa KSA,DF,Damac,22,1998,3,1,124,1.4,0,0,0,0,0,0,0,0,0.00,0.00,0.00,0.00,0.00,Matches
132,Éder,pt POR,FW,Al-Raed,33,1987,22,19,1662,18.5,6,1,7,6,0,0,2,0,0.32,0.05,0.38,0.32,0.38,Matches
133,Carlos Eduardo,br BRA,"MF,FW",Al-Ahli,31,1989,12,12,1002,11.1,5,0,5,5,0,0,3,0,0.45,0.00,0.45,0.45,0.45,Matches
134,Waleed Al-Enezi,sa KSA,GK,Al-Fateh,25,1996,1,0,11,0.1,0,0,0,0,0,0,0,0,0.00,0.00,0.00,0.00,0.00,Matches
135,Hussain Al Essa,sa KSA,MF,Al-Batin,20,2000,26,15,1469,16.3,0,3,3,0,0,0,2,0,0.00,0.18,0.18,0.00,0.18,Matches
136,Abdullah Al-Fahad,sa KSA,DF,Al-Raed,27,1994,25,15,1517,16.9,0,0,0,0,0,0,3,0,0.00,0.00,0.00,0.00,0.00,Matches
137,Sultan Fahran,sa KSA,MF,Al-Raed,24,1996,30,29,2509,27.9,0,0,0,0,0,0,4,0,0.00,0.00,0.00,0.00,0.00,Matches
138,Collins Fai,cm CMR,DF,Al-Ta'ee,28,1992,9,8,738,8.2,0,1,1,0,0,0,3,0,0.00,0.12,0.12,0.00,0.12,Matches
139,Hicham Faik,nl NED,MF,Al-Faisaly,29,1992,27,27,2309,25.7,2,2,4,2,0,0,4,0,0.08,0.08,0.16,0.08,0.16,Matches
140,Hamed Falatah,sa KSA,MF,Al-Ta'ee,28,1992,23,16,1466,16.3,0,0,0,0,0,0,2,0,0.00,0.00,0.00,0.00,0.00,Matches
141,Sultan Faqihi,sa KSA,"DF,MF",Al-Hazem,26,1995,17,12,1148,12.8,1,0,1,1,0,0,1,0,0.08,0.00,0.08,0.08,0.08,Matches
142,Abdulaziz Al Faraj,sa KSA,DF,Al-Nassr,18,2003,1,1,82,0.9,0,0,0,0,0,0,0,0,0.00,0.00,0.00,0.00,0.00,Matches
143,Salman Al-Faraj,sa KSA,MF,Al-Hilal,31,1989,22,20,1789,19.9,0,1,1,0,0,0,5,0,0.00,0.05,0.05,0.00,0.05,Matches
144,Mostafa Fathi,eg EGY,MF,Al-Taawoun,26,1995,12,11,964,10.7,5,2,7,5,0,0,2,0,0.47,0.19,0.65,0.47,0.65,Matches
145,Mohammed Al Fatil,sa KSA,DF,Al-Nassr,29,1992,4,4,329,3.7,0,0,0,0,0,0,0,0,0.00,0.00,0.00,0.00,0.00,Matches
146,Yousef Fawaz,,FW,Al-Batin,,,1,0,12,0.1,2,0,2,2,0,0,0,0,15.00,0.00,15.00,15.00,15.00,Matches
147,Ljubomir Fejsa,rs SRB,MF,Al-Ahli,32,1988,1,0,25,0.3,0,0,0,0,0,0,0,0,0.00,0.00,0.00,0.00,0.00,Matches
148,Fernando,br BRA,MF,Al-Fayha,28,1993,1,1,32,0.4,0,0,0,0,0,0,0,0,0.00,0.00,0.00,0.00,0.00,Matches
149,Marcelo dos Santos Ferreira,br BRA,DF,Al-Ta'ee,32,1989,26,26,2340,26.0,1,0,1,1,0,0,8,0,0.04,0.00,0.04,0.04,0.04,Matches
150,Tobías Figueroa,ar ARG,FW,Al-Ta'ee,29,1992,12,12,1022,11.4,5,1,6,5,0,0,1,0,0.44,0.09,0.53,0.44,0.53,Matches
Rk,Player,Nation,Pos,Squad,Age,Born,MP,Starts,Min,90s,Gls,Ast,G+A,G-PK,PK,PKatt,CrdY,CrdR,Gls,Ast,G+A,G-PK,G+A-PK,Matches
151,Mohamed Fouzair,ma MAR,"MF,FW",Al-Raed,29,1991,24,19,1712,19.0,2,3,5,1,1,1,5,0,0.11,0.16,0.26,0.05,0.21,Matches
152,Mazyad Freeh,sa KSA,GK,Al-Batin,32,1989,1,1,90,1.0,0,0,0,0,0,0,0,0,0.00,0.00,0.00,0.00,0.00,Matches
153,Moslem Al Freej,sa KSA,GK,Al-Fayha,33,1988,1,1,90,1.0,0,0,0,0,0,0,0,0,0.00,0.00,0.00,0.00,0.00,Matches
154,Mohammed Al-Fuhaid,sa KSA,MF,Al-Fateh,31,1990,28,25,2007,22.3,0,0,0,0,0,0,8,0,0.00,0.00,0.00,0.00,0.00,Matches
155,Ramiro Funes Mori,ar ARG,DF,Al-Nassr,30,1991,21,17,1602,17.8,0,0,0,0,0,0,2,1,0.00,0.00,0.00,0.00,0.00,Matches
156,Ahmed El Gaidy,eg EGY,"MF,FW",Al-Fateh,25,1995,13,3,265,2.9,0,1,1,0,0,0,0,0,0.00,0.34,0.34,0.00,0.34,Matches
157,Abdulrahman Al-Ghamdi,sa KSA,FW,Al-Raed,26,1994,2,0,7,0.1,0,0,0,0,0,0,0,0,0.00,0.00,0.00,0.00,0.00,Matches
158,Ahmed Al Ghamdi,sa KSA,MF,Al-Ettifaq,19,2001,13,1,229,2.5,1,0,1,1,0,0,0,0,0.39,0.00,0.39,0.39,0.39,Matches
159,Faisal Al Ghamdi,sa KSA,MF,Al-Ettifaq,19,2001,2,1,47,0.5,0,0,0,0,0,0,0,0,0.00,0.00,0.00,0.00,0.00,Matches
160,Feras Al Ghamdi,sa KSA,MF,Al-Ahli,21,1999,4,0,57,0.6,0,0,0,0,0,0,0,0,0.00,0.00,0.00,0.00,0.00,Matches
161,Hamed Al-Ghamdi,sa KSA,"MF,FW",Al-Ettifaq,22,1999,22,7,793,8.8,0,3,3,0,0,0,1,0,0.00,0.34,0.34,0.00,0.34,Matches
162,Khalid Al-Ghamdi,sa KSA,DF,Al-Shabab,33,1988,1,0,14,0.2,0,0,0,0,0,0,0,0,0.00,0.00,0.00,0.00,0.00,Matches
163,Raed Al-Ghamdi,sa KSA,FW,Al-Raed,27,1994,21,9,924,10.3,5,1,6,5,0,0,1,0,0.49,0.10,0.58,0.49,0.58,Matches
164,Sultan Al-Ghanam,sa KSA,DF,Al-Nassr,27,1994,25,24,2102,23.4,2,2,4,2,0,0,3,0,0.09,0.09,0.17,0.09,0.17,Matches
165,Khalid Al Ghannam,sa KSA,MF,Al-Nassr,20,2000,25,17,1295,14.4,3,3,6,3,0,0,3,0,0.21,0.21,0.42,0.21,0.42,Matches
166,Abdulrahman Ghareeb,sa KSA,"MF,FW",Al-Ahli,24,1997,29,27,2264,25.2,4,4,8,4,0,0,5,0,0.16,0.16,0.32,0.16,0.32,Matches
167,Fahad Ghazi,sa KSA,DF,Al-Ettifaq,27,1994,4,4,333,3.7,0,0,0,0,0,0,3,1,0.00,0.00,0.00,0.00,0.00,Matches
168,Bafétimbi Gomis,fr FRA,FW,Al-Hilal,35,1985,17,12,1063,11.8,9,0,9,6,3,4,3,0,0.76,0.00,0.76,0.51,0.51,Matches
169,Marcelo Grohe,br BRA,GK,Al-Ittihad,34,1987,28,28,2474,27.5,0,0,0,0,0,0,1,0,0.00,0.00,0.00,0.00,0.00,Matches
170,Guilherme,br BRA,MF,Al-Faisaly,26,1995,13,13,1115,12.4,2,2,4,1,1,1,0,1,0.16,0.16,0.32,0.08,0.24,Matches
171,Ahmed Al-Habib,sa KSA,DF,Abha,28,1993,1,1,74,0.8,0,0,0,0,0,0,0,0,0.00,0.00,0.00,0.00,0.00,Matches
172,Hassan Al-Habib,sa KSA,MF,Al-Fateh,26,1994,6,2,215,2.4,0,0,0,0,0,0,0,0,0.00,0.00,0.00,0.00,0.00,Matches
173,Abdelilah Hafidi,ma MAR,MF,Al-Hazem,29,1992,7,5,353,3.9,0,1,1,0,0,0,0,0,0.00,0.25,0.25,0.00,0.25,Matches
174,Abdullah Al-Hafith,sa KSA,DF,Al-Ittihad,28,1992,8,5,481,5.3,0,0,0,0,0,0,2,0,0.00,0.00,0.00,0.00,0.00,Matches
175,Marwan Al Haidari,sa KSA,GK,Al-Shabab,25,1996,1,1,90,1.0,0,0,0,0,0,0,0,0,0.00,0.00,0.00,0.00,0.00,Matches
Rk,Player,Nation,Pos,Squad,Age,Born,MP,Starts,Min,90s,Gls,Ast,G+A,G-PK,PK,PKatt,CrdY,CrdR,Gls,Ast,G+A,G-PK,G+A-PK,Matches
176,Asiri Haitham,sa KSA,"FW,MF",Al-Ahli,20,2001,22,11,1120,12.4,2,1,3,2,0,0,4,0,0.16,0.08,0.24,0.16,0.24,Matches
177,Adeeb Al Haizan,sa KSA,MF,Al-Ta'ee,20,2001,2,0,36,0.4,0,1,1,0,0,0,0,0,0.00,2.50,2.50,0.00,2.50,Matches
178,Fahad Al Hamad,sa KSA,DF,Al-Ahli,23,1998,7,3,269,3.0,0,0,0,0,0,0,2,0,0.00,0.00,0.00,0.00,0.00,Matches
179,Abderrazak Hamdallah,ma MAR,FW,Al-Nassr,30,1990,6,4,366,4.1,3,0,3,1,2,3,2,0,0.74,0.00,0.74,0.25,0.25,Matches
180,Abderrazak Hamdallah,ma MAR,FW,Al-Ittihad,30,1990,13,11,1044,11.6,12,1,13,10,2,2,1,0,1.03,0.09,1.12,0.86,0.95,Matches
181,Abdullah Al Hamdan,sa KSA,FW,Al-Hilal,21,1999,16,1,238,2.6,0,1,1,0,0,1,0,0,0.00,0.38,0.38,0.00,0.38,Matches
182,Masheal Al Hamdan,sa KSA,DF,Al-Fateh,18,2003,2,1,101,1.1,0,0,0,0,0,0,0,0,0.00,0.00,0.00,0.00,0.00,Matches
183,Rayan Hamidou,sa KSA,DF,Al-Ta'ee,19,2002,1,1,45,0.5,0,0,0,0,0,0,0,0,0.00,0.00,0.00,0.00,0.00,Matches
184,Rayan Hamidou,sa KSA,DF,Al-Ahli,19,2002,2,2,143,1.6,0,0,0,0,0,0,1,0,0.00,0.00,0.00,0.00,0.00,Matches
185,Saeed Al Hamsal,sa KSA,"DF,MF",Abha,25,1996,19,17,1497,16.6,0,1,1,0,0,0,4,0,0.00,0.06,0.06,0.00,0.06,Matches
186,Mansor Hamzi,sa KSA,MF,Damac,29,1992,28,24,2156,24.0,4,1,5,4,0,0,1,0,0.17,0.04,0.21,0.17,0.21,Matches
187,Abdulaziz Al Harabi,sa KSA,MF,Al-Ta'ee,24,1997,20,12,983,10.9,2,0,2,2,0,0,5,0,0.18,0.00,0.18,0.18,0.18,Matches
188,Abdulhadi Al-Harajin,sa KSA,MF,Al-Hazem,26,1994,12,3,368,4.1,1,0,1,1,0,0,2,0,0.24,0.00,0.24,0.24,0.24,Matches
189,Fahad Al Harbi,sa KSA,DF,Al-Fateh,24,1997,2,1,31,0.3,0,0,0,0,0,0,0,0,0.00,0.00,0.00,0.00,0.00,Matches
190,Ibrahim Al Harbi,sa KSA,MF,Al-Fayha,26,1995,3,0,39,0.4,0,0,0,0,0,0,0,0,0.00,0.00,0.00,0.00,0.00,Matches
191,Mansoor Al-Harbi,sa KSA,"DF,MF",Al-Raed,33,1987,18,12,1061,11.8,0,0,0,0,0,0,2,0,0.00,0.00,0.00,0.00,0.00,Matches
192,Moteb Al-Harbi,sa KSA,DF,Al-Shabab,21,2000,29,29,2570,28.6,1,4,5,1,0,0,6,0,0.04,0.14,0.18,0.04,0.18,Matches
193,Yousef Al Harbi,sa KSA,MF,Al-Fayha,24,1997,13,2,311,3.5,0,0,0,0,0,0,1,0,0.00,0.00,0.00,0.00,0.00,Matches
194,Abdulrahman Al Harthi,sa KSA,"MF,FW",Al-Hazem,22,1998,5,2,184,2.0,0,0,0,0,0,0,1,0,0.00,0.00,0.00,0.00,0.00,Matches
195,Saleh Al Harthi,sa KSA,MF,Al-Hazem,25,1995,5,0,29,0.3,0,0,0,0,0,0,1,0,0.00,0.00,0.00,0.00,0.00,Matches
196,Abbas Al Hassan,sa KSA,MF,Al-Fateh,17,2004,6,3,248,2.8,0,0,0,0,0,0,2,0,0.00,0.00,0.00,0.00,0.00,Matches
197,Ali Al Hassan,sa KSA,MF,Al-Nassr,24,1997,21,12,1093,12.1,0,0,0,0,0,0,5,0,0.00,0.00,0.00,0.00,0.00,Matches
198,Abdullah Hassun,sa KSA,DF,Al-Ta'ee,24,1997,6,3,282,3.1,0,0,0,0,0,0,0,0,0.00,0.00,0.00,0.00,0.00,Matches
199,Abdullah Hassun,sa KSA,DF,Al-Ahli,24,1997,2,2,158,1.8,0,0,0,0,0,0,1,0,0.00,0.00,0.00,0.00,0.00,Matches
200,Abdullah Hawsawi,sa KSA,DF,Damac,25,1996,18,13,1005,11.2,0,0,0,0,0,0,5,1,0.00,0.00,0.00,0.00,0.00,Matches
Rk,Player,Nation,Pos,Squad,Age,Born,MP,Starts,Min,90s,Gls,Ast,G+A,G-PK,PK,PKatt,CrdY,CrdR,Gls,Ast,G+A,G-PK,G+A-PK,Matches
201,Motaz Hawsawi,sa KSA,DF,Al-Taawoun,29,1992,5,4,361,4.0,0,0,0,0,0,0,1,0,0.00,0.00,0.00,0.00,0.00,Matches
202,Motaz Hawsawi,sa KSA,DF,Al-Ahli,29,1992,3,1,113,1.3,0,0,0,0,0,0,1,0,0.00,0.00,0.00,0.00,0.00,Matches
203,Omar Hawsawi,sa KSA,DF,Al-Ittihad,35,1985,16,13,1129,12.5,1,0,1,1,0,0,3,0,0.08,0.00,0.08,0.08,0.08,Matches
204,Sanousi Al Hawsawi,sa KSA,DF,Al-Ettifaq,22,1998,24,17,1447,16.1,1,0,1,1,0,0,0,1,0.06,0.00,0.06,0.06,0.06,Matches
205,Arif Al Haydar,sa KSA,"MF,DF",Damac,24,1997,7,2,123,1.4,0,0,0,0,0,0,1,0,0.00,0.00,0.00,0.00,0.00,Matches
206,Hazaa Al-Hazaa,sa KSA,"FW,MF",Al-Ettifaq,29,1991,14,4,487,5.4,1,0,1,1,0,0,1,0,0.18,0.00,0.18,0.18,0.18,Matches
207,Hazaa Al-Hazaa,sa KSA,FW,Al-Taawoun,29,1991,4,1,50,0.6,0,0,0,0,0,0,0,0,0.00,0.00,0.00,0.00,0.00,Matches
208,Ali Hazazi,sa KSA,MF,Al-Ettifaq,27,1994,26,24,2048,22.8,0,3,3,0,0,0,2,0,0.00,0.13,0.13,0.00,0.13,Matches
209,Naif Hazazi,sa KSA,MF,Al-Raed,28,1992,4,0,36,0.4,0,0,0,0,0,0,0,0,0.00,0.00,0.00,0.00,0.00,Matches
210,Sulaiman Hazazi,sa KSA,DF,Al-Taawoun,18,2003,8,6,569,6.3,0,0,0,0,0,0,1,1,0.00,0.00,0.00,0.00,0.00,Matches
211,Waleed Hazem,sa KSA,MF,Damac,26,1994,28,10,1069,11.9,0,0,0,0,0,0,2,0,0.00,0.00,0.00,0.00,0.00,Matches
212,Abdullah Al Hazzan,sa KSA,DF,Al-Faisaly,22,1999,1,0,6,0.1,0,0,0,0,0,0,0,0,0.00,0.00,0.00,0.00,0.00,Matches
213,Ahmed Hegazi,eg EGY,DF,Al-Ittihad,30,1991,18,18,1620,18.0,3,0,3,3,0,0,1,0,0.17,0.00,0.17,0.17,0.17,Matches
214,Bruno Henrique,br BRA,MF,Al-Ittihad,31,1989,30,20,1842,20.5,1,4,5,1,0,0,3,0,0.05,0.20,0.24,0.05,0.24,Matches
215,Eduardo Henrique,br BRA,MF,Al-Raed,26,1995,29,28,2502,27.8,0,0,0,0,0,0,3,0,0.00,0.00,0.00,0.00,0.00,Matches
216,Ezekiel Henty,ng NGA,"FW,MF",Al-Hazem,28,1993,9,4,470,5.2,0,1,1,0,0,0,1,0,0.00,0.19,0.19,0.00,0.19,Matches
217,Iago Herrerín,es ESP,GK,Al-Raed,33,1988,13,13,1170,13.0,0,1,1,0,0,0,0,0,0.00,0.08,0.08,0.00,0.08,Matches
218,Abdulbasit Hindi,sa KSA,DF,Al-Ahli,24,1997,27,24,2164,24.0,1,0,1,1,0,0,5,0,0.04,0.00,0.04,0.04,0.04,Matches
219,Bassam Al Hurayji,sa KSA,MF,Al-Batin,21,2000,7,3,286,3.2,0,0,0,0,0,0,4,1,0.00,0.00,0.00,0.00,0.00,Matches
220,Jang Hyun-soo,kr KOR,DF,Al-Hilal,29,1991,25,25,2223,24.7,2,1,3,2,0,0,4,0,0.08,0.04,0.12,0.08,0.12,Matches
221,Bilel Ifa,tn TUN,DF,Abha,31,1990,11,11,922,10.2,1,0,1,1,0,0,2,1,0.10,0.00,0.10,0.10,0.10,Matches
222,Odion Ighalo,ng NGA,FW,Al-Shabab,32,1989,18,18,1619,18.0,12,1,13,12,0,0,2,0,0.67,0.06,0.72,0.67,0.72,Matches
223,Odion Ighalo,ng NGA,FW,Al-Hilal,32,1989,13,13,1117,12.4,12,4,16,11,1,1,1,0,0.97,0.32,1.29,0.89,1.21,Matches
224,Abdulwahab Jaafer,sa KSA,MF,Al-Ta'ee,27,1993,4,1,56,0.6,0,0,0,0,0,0,0,0,0.00,0.00,0.00,0.00,0.00,Matches
225,Mohammed Jahfali,sa KSA,"DF,MF",Al-Hilal,30,1990,16,7,689,7.7,0,0,0,0,0,0,2,0,0.00,0.00,0.00,0.00,0.00,Matches
Rk,Player,Nation,Pos,Squad,Age,Born,MP,Starts,Min,90s,Gls,Ast,G+A,G-PK,PK,PKatt,CrdY,CrdR,Gls,Ast,G+A,G-PK,G+A-PK,Matches
226,Ziyad Al Jari,sa KSA,DF,Al-Fateh,19,2001,4,2,209,2.3,0,0,0,0,0,0,2,0,0.00,0.00,0.00,0.00,0.00,Matches
227,Ali Al Jassem,sa KSA,MF,Al-Fateh,20,2001,1,1,44,0.5,0,0,0,0,0,0,0,0,0.00,0.00,0.00,0.00,0.00,Matches
228,Ahmed Al Jaweed,sa KSA,MF,Al-Hazem,26,1995,18,8,792,8.8,0,0,0,0,0,0,3,0,0.00,0.00,0.00,0.00,0.00,Matches
229,Youssef El Jebli,nl NED,"MF,FW",Al-Batin,28,1992,24,22,1836,20.4,4,3,7,4,0,0,1,0,0.20,0.15,0.34,0.20,0.34,Matches
230,Abdulaziz Al-Jebreen,sa KSA,MF,Al-Ittihad,31,1990,4,0,29,0.3,0,0,0,0,0,0,0,0,0.00,0.00,0.00,0.00,0.00,Matches
231,Fahad Al-Johani,sa KSA,"FW,MF",Al-Ta'ee,29,1991,8,7,568,6.3,0,0,0,0,0,0,3,0,0.00,0.00,0.00,0.00,0.00,Matches
232,Ziyad Al Johani,sa KSA,MF,Al-Ahli,19,2001,10,2,274,3.0,0,0,0,0,0,0,2,0,0.00,0.00,0.00,0.00,0.00,Matches
233,Mansor Joher,sa KSA,GK,Abha,26,1995,1,0,45,0.5,0,0,0,0,0,0,0,0,0.00,0.00,0.00,0.00,0.00,Matches
234,Ola John,nl NED,"MF,FW",Al-Hazem,29,1992,24,24,1943,21.6,8,3,11,6,2,2,1,0,0.37,0.14,0.51,0.28,0.42,Matches
235,Abdullah Al-Jouei,sa KSA,"MF,FW",Al-Shabab,26,1995,20,3,442,4.9,0,1,1,0,0,0,0,0,0.00,0.20,0.20,0.00,0.20,Matches
236,Hassan Al Jubairi,sa KSA,DF,Al-Ta'ee,30,1991,26,25,2157,24.0,3,0,3,3,0,0,6,0,0.13,0.00,0.13,0.13,0.13,Matches
237,Musab Al Juwayr,sa KSA,MF,Al-Hilal,18,2003,8,4,339,3.8,2,0,2,2,0,0,0,1,0.53,0.00,0.53,0.53,0.53,Matches
238,Khalid Kaabi,sa KSA,MF,Al-Faisaly,29,1992,21,9,918,10.2,1,2,3,1,0,0,2,0,0.10,0.20,0.29,0.10,0.29,Matches
239,Hassan Kadesh,sa KSA,DF,Al-Taawoun,28,1992,7,5,492,5.5,0,0,0,0,0,0,1,0,0.00,0.00,0.00,0.00,0.00,Matches
240,Kaku,py PAR,MF,Al-Taawoun,26,1995,15,12,1105,12.3,3,2,5,2,1,1,2,0,0.24,0.16,0.41,0.16,0.33,Matches
241,Majed Kanabah,sa KSA,MF,Al-Fateh,28,1993,21,11,893,9.9,0,0,0,0,0,0,1,0,0.00,0.00,0.00,0.00,0.00,Matches
242,Mohamed Kanno,sa KSA,MF,Al-Hilal,26,1994,16,10,895,9.9,1,1,2,1,0,0,6,0,0.10,0.10,0.20,0.10,0.20,Matches
243,Ahmed Al-Kassar,sa KSA,GK,Al-Faisaly,30,1991,16,15,1399,15.5,0,0,0,0,0,0,2,0,0.00,0.00,0.00,0.00,0.00,Matches
244,Mohammed Al-Khabrani,sa KSA,DF,Al-Ahli,27,1993,24,19,1626,18.1,0,1,1,0,0,0,8,2,0.00,0.06,0.06,0.00,0.06,Matches
245,Abdullah Al-Khaibari,sa KSA,MF,Al-Nassr,24,1996,23,18,1584,17.6,0,1,1,0,0,0,4,0,0.00,0.06,0.06,0.00,0.06,Matches
246,Sami Al-Khaibari,sa KSA,DF,Al-Fayha,31,1989,29,29,2610,29.0,2,0,2,2,0,0,2,0,0.07,0.00,0.07,0.07,0.07,Matches
247,Saad Al Khairi,sa KSA,FW,Al-Ettifaq,26,1995,6,1,99,1.1,0,0,0,0,0,0,1,0,0.00,0.00,0.00,0.00,0.00,Matches
248,Osama Al-Khalaf,sa KSA,"MF,DF",Al-Ta'ee,24,1996,12,9,680,7.6,0,1,1,0,0,0,2,0,0.00,0.13,0.13,0.00,0.13,Matches
249,Osama Al-Khalaf,sa KSA,"DF,MF",Al-Hazem,24,1996,10,9,802,8.9,1,0,1,1,0,0,3,0,0.11,0.00,0.11,0.11,0.11,Matches
250,Awadh Khames,sa KSA,"DF,MF",Al-Raed,33,1988,8,4,376,4.2,0,1,1,0,0,0,1,0,0.00,0.24,0.24,0.00,0.24,Matches
Rk,Player,Nation,Pos,Squad,Age,Born,MP,Starts,Min,90s,Gls,Ast,G+A,G-PK,PK,PKatt,CrdY,CrdR,Gls,Ast,G+A,G-PK,G+A-PK,Matches
251,Abdullah Khateeb,sa KSA,DF,Al-Ettifaq,26,1995,21,18,1650,18.3,0,0,0,0,0,0,2,0,0.00,0.00,0.00,0.00,0.00,Matches
252,Khalid Al-Khathlan,sa KSA,"MF,DF",Al-Raed,24,1996,16,12,877,9.7,0,1,1,0,0,0,2,0,0.00,0.10,0.10,0.00,0.10,Matches
253,Abdullah Khattab,sa KSA,FW,Damac,26,1994,2,0,20,0.2,0,0,0,0,0,0,0,0,0.00,0.00,0.00,0.00,0.00,Matches
254,Ayman Al-Khulaif,sa KSA,MF,Al-Fateh,24,1997,12,3,386,4.3,2,1,3,2,0,0,2,0,0.47,0.23,0.70,0.47,0.70,Matches
255,Filip Kiss,sk SVK,"MF,DF",Al-Ettifaq,30,1990,28,27,2435,27.1,5,0,5,3,2,3,3,1,0.18,0.00,0.18,0.11,0.11,Matches
256,Franck Kom,cm CMR,MF,Al-Ahli,29,1991,12,12,1011,11.2,1,0,1,1,0,0,5,0,0.09,0.00,0.09,0.09,0.09,Matches
257,Maksym Koval,ua UKR,GK,Al-Fateh,28,1992,28,28,2509,27.9,0,0,0,0,0,0,2,0,0.00,0.00,0.00,0.00,0.00,Matches
258,Mohammed Al Kunaydiri,sa KSA,"DF,MF",Abha,20,2000,20,10,1015,11.3,0,2,2,0,0,0,1,0,0.00,0.18,0.18,0.00,0.18,Matches
259,Mohammed Al-Kwikbi,sa KSA,MF,Al-Ettifaq,26,1994,18,17,1327,14.7,3,4,7,2,1,1,3,1,0.20,0.27,0.47,0.14,0.41,Matches
260,Ali Lajami,sa KSA,DF,Al-Nassr,25,1996,20,18,1621,18.0,1,1,2,1,0,0,3,0,0.06,0.06,0.11,0.06,0.11,Matches
261,Qassem Lajami,sa KSA,DF,Al-Fateh,25,1996,20,20,1740,19.3,0,0,0,0,0,0,3,0,0.00,0.00,0.00,0.00,0.00,Matches
262,Igor Lichnovsky,cl CHI,DF,Al-Shabab,27,1994,15,15,1346,15.0,0,1,1,0,0,0,4,1,0.00,0.07,0.07,0.00,0.07,Matches
263,Ramon Lopes,br BRA,FW,Al-Fayha,31,1989,25,21,1876,20.8,6,0,6,5,1,1,2,0,0.29,0.00,0.29,0.24,0.24,Matches
264,Lucão,br BRA,DF,Al-Ta'ee,29,1992,18,18,1620,18.0,1,0,1,1,0,0,0,0,0.06,0.00,0.06,0.06,0.06,Matches
265,Zé Luís,cv CPV,"MF,FW",Al-Taawoun,30,1991,5,2,199,2.2,0,0,0,0,0,0,0,1,0.00,0.00,0.00,0.00,0.00,Matches
266,Martin Lukov,bg BUL,GK,Al-Ta'ee,28,1993,18,18,1585,17.6,0,0,0,0,0,0,0,0,0.00,0.00,0.00,0.00,0.00,Matches
267,Henrique Luvannor,md MDA,MF,Al-Taawoun,31,1990,11,9,790,8.8,6,0,6,4,2,2,4,0,0.68,0.00,0.68,0.46,0.46,Matches
268,Christian Luyindama,cd COD,DF,Al-Taawoun,27,1994,12,10,966,10.7,0,0,0,0,0,0,1,0,0.00,0.00,0.00,0.00,0.00,Matches
269,Raïs M'Bolhi,dz ALG,GK,Al-Ettifaq,35,1986,27,27,2430,27.0,0,0,0,0,0,0,3,0,0.00,0.00,0.00,0.00,0.00,Matches
270,Abdullah Madu,sa KSA,DF,Al-Nassr,28,1993,7,5,416,4.6,0,0,0,0,0,0,1,0,0.00,0.00,0.00,0.00,0.00,Matches
271,Abdullah Magrashi,sa KSA,"MF,FW",Al-Raed,23,1997,11,4,338,3.8,0,0,0,0,0,0,1,0,0.00,0.00,0.00,0.00,0.00,Matches
272,Mohammed Al-Mahasneh,sa KSA,GK,Damac,,,5,5,450,5.0,0,0,0,0,0,0,0,0,0.00,0.00,0.00,0.00,0.00,Matches
273,Aschraf El Mahdioui,nl NED,MF,Al-Taawoun,25,1996,12,12,1050,11.7,1,0,1,1,0,0,3,0,0.09,0.00,0.09,0.09,0.09,Matches
274,Ibrahim Mahnashi,sa KSA,MF,Al-Ettifaq,21,1999,22,15,1300,14.4,1,0,1,1,0,0,5,0,0.07,0.00,0.07,0.07,0.07,Matches
275,Mohammed Al Majhad,sa KSA,"MF,DF",Al-Ahli,23,1998,27,21,1597,17.7,2,0,2,2,0,0,3,0,0.11,0.00,0.11,0.11,0.11,Matches
Rk,Player,Nation,Pos,Squad,Age,Born,MP,Starts,Min,90s,Gls,Ast,G+A,G-PK,PK,PKatt,CrdY,CrdR,Gls,Ast,G+A,G-PK,G+A-PK,Matches
276,Abdulaziz Majrashi,sa KSA,DF,Al-Ta'ee,30,1991,24,14,1448,16.1,0,0,0,0,0,0,5,0,0.00,0.00,0.00,0.00,0.00,Matches
277,Abdulaziz Majrashi,sa KSA,"MF,DF",Damac,30,1991,27,23,1925,21.4,0,0,0,0,0,0,3,1,0.00,0.00,0.00,0.00,0.00,Matches
278,Ali Majrashi,sa KSA,"MF,FW",Al-Shabab,21,1999,13,4,413,4.6,0,0,0,0,0,0,3,1,0.00,0.00,0.00,0.00,0.00,Matches
279,Ali Majrashi,sa KSA,DF,Al-Ahli,21,1999,11,11,935,10.4,0,0,0,0,0,0,2,0,0.00,0.00,0.00,0.00,0.00,Matches
280,Mohammed Majrashi,sa KSA,FW,Al-Ahli,30,1991,14,3,361,4.0,0,1,1,0,0,0,0,0,0.00,0.25,0.25,0.00,0.25,Matches
281,Mustafa Malayekah,sa KSA,GK,Al-Faisaly,35,1986,16,15,1299,14.4,0,0,0,0,0,0,1,1,0.00,0.00,0.00,0.00,0.00,Matches
282,Cephas Malele,ch SUI,"FW,MF",Al-Ta'ee,27,1994,26,17,1578,17.5,4,4,8,4,0,0,3,0,0.23,0.23,0.46,0.23,0.46,Matches
283,Abdulellah Al-Malki,sa KSA,MF,Al-Ittihad,26,1994,14,11,915,10.2,0,1,1,0,0,1,4,0,0.00,0.10,0.10,0.00,0.10,Matches
284,Saqr Mamdouh,sa KSA,DF,Al-Batin,22,1998,9,4,398,4.4,0,0,0,0,0,0,1,0,0.00,0.00,0.00,0.00,0.00,Matches
285,Sandro Manoel,br BRA,MF,Al-Taawoun,33,1988,13,13,991,11.0,0,4,4,0,0,0,3,1,0.00,0.36,0.36,0.00,0.36,Matches
286,Hamad Al Mansour,sa KSA,DF,Al-Nassr,28,1993,9,5,478,5.3,0,0,0,0,0,0,0,0,0.00,0.00,0.00,0.00,0.00,Matches
287,Moussa Marega,ml MLI,"FW,MF",Al-Hilal,30,1991,27,23,2040,22.7,13,2,15,13,0,0,1,0,0.57,0.09,0.66,0.57,0.66,Matches
288,Mohammed Marran,sa KSA,FW,Al-Ta'ee,20,2001,14,2,351,3.9,0,1,1,0,0,0,0,0,0.00,0.26,0.26,0.00,0.26,Matches
289,John Mary,cm CMR,FW,Al-Shabab,28,1993,6,2,228,2.5,1,1,2,1,0,0,0,0,0.39,0.39,0.79,0.39,0.79,Matches
290,Jaloliddin Masharipov,uz UZB,MF,Al-Nassr,27,1993,26,17,1575,17.5,2,5,7,1,1,1,3,0,0.11,0.29,0.40,0.06,0.34,Matches
291,Ali Al Masoud,sa KSA,FW,Al-Fateh,17,2004,1,0,1,0.0,0,0,0,0,0,0,0,0,0.00,0.00,0.00,0.00,0.00,Matches
292,Uroš Matić,mk MKD,MF,Abha,31,1990,28,28,2502,27.8,3,1,4,3,0,0,3,0,0.11,0.04,0.14,0.11,0.14,Matches
293,Abdullah Matuq,sa KSA,FW,Al-Shabab,18,2003,1,0,21,0.2,0,0,0,0,0,0,0,0,0.00,0.00,0.00,0.00,0.00,Matches
294,Abdullah Al-Mayouf,sa KSA,GK,Al-Hilal,34,1987,29,29,2610,29.0,0,0,0,0,0,0,1,0,0.00,0.00,0.00,0.00,0.00,Matches
295,Prestige Mboungou,cg CGO,"MF,DF",Abha,21,2000,15,13,1161,12.9,0,1,1,0,0,0,1,0,0.00,0.08,0.08,0.00,0.08,Matches
296,Álvaro Medrán,es ESP,MF,Al-Taawoun,27,1994,14,14,1230,13.7,0,1,1,0,0,1,6,0,0.00,0.07,0.07,0.00,0.07,Matches
297,Sultan Mendash,sa KSA,MF,Al-Fayha,26,1994,28,18,1619,18.0,2,1,3,2,0,0,3,0,0.11,0.06,0.17,0.11,0.17,Matches
298,Tayeb Meziani,dz ALG,FW,Abha,25,1996,9,3,330,3.7,0,0,0,0,0,0,1,0,0.00,0.00,0.00,0.00,0.00,Matches
299,Abdelali Mhamdi,ma MAR,GK,Abha,29,1991,24,24,2123,23.6,0,0,0,0,0,0,2,0,0.00,0.00,0.00,0.00,0.00,Matches
300,Michael,br BRA,"MF,FW",Al-Hilal,25,1996,11,8,727,8.1,2,3,5,2,0,0,2,0,0.25,0.37,0.62,0.25,0.62,Matches
Rk,Player,Nation,Pos,Squad,Age,Born,MP,Starts,Min,90s,Gls,Ast,G+A,G-PK,PK,PKatt,CrdY,CrdR,Gls,Ast,G+A,G-PK,G+A-PK,Matches
301,Salman Al-Moasher,sa KSA,MF,Al-Ahli,32,1988,16,4,469,5.2,0,0,0,0,0,0,4,0,0.00,0.00,0.00,0.00,0.00,Matches
302,Faisal Mohamed,sa KSA,FW,Al-Taawoun,21,2000,1,0,5,0.1,0,0,0,0,0,0,0,0,0.00,0.00,0.00,0.00,0.00,Matches
303,Tariq Mohammed,sa KSA,DF,Al-Taawoun,25,1995,23,20,1796,20.0,0,2,2,0,0,0,3,0,0.00,0.10,0.10,0.00,0.10,Matches
304,Hassan Al Mohammedsaleh,sa KSA,MF,Al-Fateh,22,1998,5,2,177,2.0,0,0,0,0,0,0,0,0,0.00,0.00,0.00,0.00,0.00,Matches
305,Mohammed Mohsen Harzan,sa KSA,MF,Al-Ta'ee,32,1989,11,9,737,8.2,0,2,2,0,0,0,0,0,0.00,0.24,0.24,0.00,0.24,Matches
306,Bader Monshi,sa KSA,MF,Damac,22,1999,20,11,1100,12.2,0,0,0,0,0,0,5,0,0.00,0.00,0.00,0.00,0.00,Matches
307,Hussain Al Moqahwi,sa KSA,"MF,FW",Al-Ahli,33,1988,17,3,515,5.7,0,0,0,0,0,0,3,0,0.00,0.00,0.00,0.00,0.00,Matches
308,Anselmo de Moraes,br BRA,MF,Al-Nassr,32,1989,20,13,1336,14.8,0,0,0,0,0,0,5,0,0.00,0.00,0.00,0.00,0.00,Matches
309,Yasser Al Mosailem,sa KSA,GK,Al-Ahli,37,1984,4,3,315,3.5,0,0,0,0,0,0,0,0,0.00,0.00,0.00,0.00,0.00,Matches
310,Nooh Al-Mousa,sa KSA,MF,Al-Ahli,30,1991,11,8,705,7.8,0,1,1,0,0,0,1,0,0.00,0.13,0.13,0.00,0.13,Matches
311,Ryan Al-Mousa,sa KSA,MF,Al-Taawoun,27,1994,17,10,843,9.4,0,0,0,0,0,0,1,0,0.00,0.00,0.00,0.00,0.00,Matches
312,Amadou Moutari,ne NIG,"MF,FW",Al-Fayha,27,1994,26,17,1470,16.3,2,0,2,2,0,0,3,0,0.12,0.00,0.12,0.12,0.12,Matches
313,Saeed Al Mowalad,sa KSA,DF,Al-Ettifaq,30,1991,28,28,2441,27.1,0,3,3,0,0,0,5,0,0.00,0.11,0.11,0.00,0.11,Matches
314,Muteb Al Mufarrij,sa KSA,DF,Al-Hilal,24,1996,11,8,766,8.5,0,0,0,0,0,0,0,0,0.00,0.00,0.00,0.00,0.00,Matches
315,Abdullah Al Mugren,sa KSA,"FW,MF",Al-Raed,24,1996,7,3,302,3.4,1,1,2,1,0,0,0,0,0.30,0.30,0.60,0.30,0.60,Matches
316,Abdullah Al Mugren,sa KSA,FW,Al-Ahli,24,1996,11,1,319,3.5,1,1,2,1,0,0,2,0,0.28,0.28,0.56,0.28,0.56,Matches
317,Khalid Al Muntashiri,sa KSA,FW,Al-Taawoun,19,2002,1,0,8,0.1,0,0,0,0,0,0,0,0,0.00,0.00,0.00,0.00,0.00,Matches
318,Lafi Al Murkaa,sa KSA,DF,Al-Fateh,19,2002,1,0,46,0.5,0,0,0,0,0,0,0,0,0.00,0.00,0.00,0.00,0.00,Matches
319,Knowledge Musona,zw ZIM,"MF,FW",Al-Ta'ee,31,1990,24,24,2103,23.4,6,8,14,5,1,2,3,0,0.26,0.34,0.60,0.21,0.56,Matches
320,Muteb Al-Mutlaq,sa KSA,DF,Al-Raed,23,1997,1,0,1,0.0,0,0,0,0,0,0,0,0,0.00,0.00,0.00,0.00,0.00,Matches
321,Fahad Al Muwallad,sa KSA,MF,Al-Ittihad,26,1994,21,13,1274,14.2,3,2,5,2,1,2,4,0,0.21,0.14,0.35,0.14,0.28,Matches
322,Saad Al Muwallad,sa KSA,FW,Al-Shabab,19,2002,1,0,30,0.3,0,0,0,0,0,0,0,0,0.00,0.00,0.00,0.00,0.00,Matches
323,Alfred N'Diaye,sn SEN,MF,Al-Shabab,31,1990,17,11,985,10.9,0,0,0,0,0,0,5,1,0.00,0.00,0.00,0.00,0.00,Matches
324,Sumaihan Al-Nabet,sa KSA,MF,Al-Taawoun,25,1996,28,20,1710,19.0,2,3,5,2,0,0,9,1,0.11,0.16,0.26,0.11,0.26,Matches
325,Hamdi Nagguez,tn TUN,DF,Al-Ahli,28,1992,8,4,398,4.4,0,0,0,0,0,0,0,0,0.00,0.00,0.00,0.00,0.00,Matches
Rk,Player,Nation,Pos,Squad,Age,Born,MP,Starts,Min,90s,Gls,Ast,G+A,G-PK,PK,PKatt,CrdY,CrdR,Gls,Ast,G+A,G-PK,G+A-PK,Matches
326,Ahmed Al Najai,sa KSA,MF,Al-Hazem,26,1995,19,14,1220,13.6,0,3,3,0,0,0,2,0,0.00,0.22,0.22,0.00,0.22,Matches
327,Ammar Al-Najar,sa KSA,"MF,DF",Damac,24,1997,17,3,313,3.5,0,0,0,0,0,0,3,0,0.00,0.00,0.00,0.00,0.00,Matches
328,Salem Al Najdi,sa KSA,DF,Al-Fateh,18,2003,1,0,27,0.3,0,0,0,0,0,0,0,0,0.00,0.00,0.00,0.00,0.00,Matches
329,Muhannad Al Najei,sa KSA,DF,Damac,27,1994,2,1,46,0.5,0,0,0,0,0,0,1,0,0.00,0.00,0.00,0.00,0.00,Matches
330,Sami Al-Najei,sa KSA,MF,Al-Nassr,24,1997,21,11,949,10.5,2,4,6,2,0,0,2,0,0.19,0.38,0.57,0.19,0.57,Matches
331,Mohammed Naji,sa KSA,DF,Al-Batin,27,1993,24,20,1767,19.6,0,1,1,0,0,0,3,0,0.00,0.05,0.05,0.00,0.05,Matches
332,Rakan Najjar,sa KSA,GK,Al-Ittihad,26,1995,3,2,226,2.5,0,0,0,0,0,0,0,0,0.00,0.00,0.00,0.00,0.00,Matches
333,Majed Al-Najrani,sa KSA,MF,Al-Ettifaq,28,1993,4,0,51,0.6,0,0,0,0,0,0,0,0,0.00,0.00,0.00,0.00,0.00,Matches
334,Ibrahim Al Nakhli,sa KSA,DF,Damac,24,1997,26,13,1360,15.1,1,0,1,1,0,0,3,0,0.07,0.00,0.07,0.07,0.07,Matches
335,Munther Nakhli,sa KSA,MF,Al-Fateh,,,3,1,104,1.2,0,0,0,0,0,0,0,0,0.00,0.00,0.00,0.00,0.00,Matches
336,Saleh Al Nashmi,sa KSA,DF,Al-Fateh,25,1995,3,0,19,0.2,0,0,0,0,0,0,0,0,0.00,0.00,0.00,0.00,0.00,Matches
337,Awad Al Nashri,sa KSA,MF,Al-Ittihad,19,2002,12,2,322,3.6,0,0,0,0,0,0,2,0,0.00,0.00,0.00,0.00,0.00,Matches
338,Bander Nasser,sa KSA,DF,Al-Fayha,31,1990,16,8,754,8.4,0,0,0,0,0,0,1,0,0.00,0.00,0.00,0.00,0.00,Matches
339,Bader Nawaf,sa KSA,GK,Al-Ta'ee,22,1999,6,5,485,5.4,0,0,0,0,0,0,0,0,0.00,0.00,0.00,0.00,0.00,Matches
340,Alassane Ndao,sn SEN,MF,Al-Ahli,24,1996,13,11,954,10.6,1,1,2,1,0,0,1,0,0.09,0.09,0.19,0.09,0.19,Matches
341,Ali Al Nemer,sa KSA,MF,Al-Fayha,29,1991,4,2,169,1.9,0,0,0,0,0,0,0,0,0.00,0.00,0.00,0.00,0.00,Matches
342,Neris,br BRA,DF,Al-Hazem,29,1992,26,25,2259,25.1,0,0,0,0,0,0,6,0,0.00,0.00,0.00,0.00,0.00,Matches
343,Youssouf Niakaté,ml MLI,FW,Al-Ettifaq,28,1992,9,3,367,4.1,1,0,1,1,0,0,0,0,0.25,0.00,0.25,0.25,0.25,Matches
344,Youssouf Niakaté,ml MLI,FW,Al-Ittihad,28,1992,8,2,152,1.7,0,1,1,0,0,0,1,0,0.00,0.59,0.59,0.00,0.59,Matches
345,Gonzalo Nicolás Martínez,ar ARG,MF,Al-Nassr,28,1993,18,8,975,10.8,8,2,10,6,2,2,3,0,0.74,0.18,0.92,0.55,0.74,Matches
346,Meshari Al Nimr,sa KSA,FW,Al-Nassr,,,1,0,1,0.0,0,0,0,0,0,0,0,0,0.00,0.00,0.00,0.00,0.00,Matches
347,Nono,es ESP,MF,Damac,28,1993,10,10,830,9.2,1,0,1,1,0,0,4,0,0.11,0.00,0.11,0.11,0.11,Matches
348,Abdulmajeed Obaid,sa KSA,"MF,DF",Al-Batin,25,1995,13,2,259,2.9,0,0,0,0,0,0,1,0,0.00,0.00,0.00,0.00,0.00,Matches
349,Abdurahman Al-Obaid,sa KSA,DF,Al-Nassr,28,1993,2,1,92,1.0,0,0,0,0,0,0,0,0,0.00,0.00,0.00,0.00,0.00,Matches
350,Abdurahman Al-Obaid,sa KSA,DF,Al-Hilal,28,1993,1,0,18,0.2,0,0,0,0,0,0,0,0,0.00,0.00,0.00,0.00,0.00,Matches
Rk,Player,Nation,Pos,Squad,Age,Born,MP,Starts,Min,90s,Gls,Ast,G+A,G-PK,PK,PKatt,CrdY,CrdR,Gls,Ast,G+A,G-PK,G+A-PK,Matches
351,Fahad Al Obaid,,"DF,MF",Al-Hazem,,,21,19,1655,18.4,0,1,1,0,0,0,6,0,0.00,0.05,0.05,0.00,0.05,Matches
352,Madallah Al-Olayan,sa KSA,DF,Al-Hilal,26,1994,7,6,506,5.6,1,0,1,1,0,0,0,0,0.18,0.00,0.18,0.18,0.18,Matches
353,Madallah Al-Olayan,sa KSA,DF,Al-Ittihad,26,1994,7,2,207,2.3,0,1,1,0,0,0,0,0,0.00,0.43,0.43,0.00,0.43,Matches
354,Ismail Omar,sa KSA,MF,Al-Faisaly,29,1992,8,2,227,2.5,0,0,0,0,0,0,0,0,0.00,0.00,0.00,0.00,0.00,Matches
355,Youssouf Omar,ne NIG,FW,Al-Hazem,27,1994,15,2,376,4.2,0,0,0,0,0,0,0,0,0.00,0.00,0.00,0.00,0.00,Matches
356,Nasser Al Omran,sa KSA,MF,Al-Shabab,24,1997,5,0,46,0.5,0,0,0,0,0,0,1,0,0.00,0.00,0.00,0.00,0.00,Matches
357,Thaar Al Otaibi,sa KSA,"MF,FW",Al-Hazem,21,1999,16,9,879,9.8,1,1,2,1,0,0,0,0,0.10,0.10,0.20,0.10,0.20,Matches
358,Saqer Otaif,sa KSA,FW,Al-Fayha,30,1990,1,0,9,0.1,0,0,0,0,0,0,0,0,0.00,0.00,0.00,0.00,0.00,Matches
359,Abdullah Otayf,sa KSA,MF,Al-Hilal,28,1992,6,3,291,3.2,0,1,1,0,0,0,0,0,0.00,0.31,0.31,0.00,0.31,Matches
360,Othman Al Othman,sa KSA,MF,Al-Fateh,18,2003,10,0,172,1.9,0,0,0,0,0,0,0,0,0.00,0.00,0.00,0.00,0.00,Matches
361,Omar Al Oudah,sa KSA,MF,Al-Batin,22,1998,2,1,73,0.8,0,0,0,0,0,0,0,0,0.00,0.00,0.00,0.00,0.00,Matches
362,Fares Owais,sa KSA,FW,Al-Shabab,19,2001,1,0,2,0.0,0,0,0,0,0,0,0,0,0.00,0.00,0.00,0.00,0.00,Matches
363,Mohammed Al-Owais,sa KSA,GK,Al-Hilal,29,1991,1,1,90,1.0,0,0,0,0,0,0,0,0,0.00,0.00,0.00,0.00,0.00,Matches
364,Mohammed Al-Owais,sa KSA,GK,Al-Ahli,29,1991,9,9,810,9.0,0,0,0,0,0,0,0,0,0.00,0.00,0.00,0.00,0.00,Matches
365,Abdullah Al-Owaishir,sa KSA,GK,Al-Ettifaq,30,1991,3,3,270,3.0,0,0,0,0,0,0,0,0,0.00,0.00,0.00,0.00,0.00,Matches
366,Samuel Owusu,gh GHA,MF,Al-Fayha,25,1996,21,16,1410,15.7,0,4,4,0,0,0,1,0,0.00,0.26,0.26,0.00,0.26,Matches
367,Kyriakos Papadopoulos,gr GRE,"DF,MF",Al-Fayha,29,1992,1,0,17,0.2,0,0,0,0,0,0,0,0,0.00,0.00,0.00,0.00,0.00,Matches
368,Paulinho,br BRA,MF,Al-Shabab,24,1997,23,19,1647,18.3,1,3,4,1,0,0,7,1,0.05,0.16,0.22,0.05,0.22,Matches
369,Paulinho,br BRA,MF,Al-Ahli,33,1988,4,4,315,3.5,2,0,2,2,0,0,0,0,0.57,0.00,0.57,0.57,0.57,Matches
370,Matheus Pereira,br BRA,MF,Al-Hilal,25,1996,21,15,1371,15.2,2,11,13,2,0,0,8,0,0.13,0.72,0.85,0.13,0.85,Matches
371,Petros,br BRA,MF,Al-Nassr,32,1989,3,3,270,3.0,0,0,0,0,0,0,1,0,0.00,0.00,0.00,0.00,0.00,Matches
372,Petros,br BRA,MF,Al-Fateh,32,1989,15,14,1293,14.4,1,0,1,1,0,0,3,0,0.07,0.00,0.07,0.07,0.07,Matches
373,Abdulkareem Al-Qahtani,sa KSA,MF,Al-Ta'ee,28,1993,10,2,370,4.1,0,1,1,0,0,0,3,0,0.00,0.24,0.24,0.00,0.24,Matches
374,Abdullah Al Qahtani,sa KSA,MF,Abha,22,1999,10,0,152,1.7,0,0,0,0,0,0,0,0,0.00,0.00,0.00,0.00,0.00,Matches
375,Abdulmohsen Al-Qahtani,sa KSA,MF,Al-Raed,22,1999,11,5,480,5.3,0,0,0,0,0,0,2,0,0.00,0.00,0.00,0.00,0.00,Matches
Rk,Player,Nation,Pos,Squad,Age,Born,MP,Starts,Min,90s,Gls,Ast,G+A,G-PK,PK,PKatt,CrdY,CrdR,Gls,Ast,G+A,G-PK,G+A-PK,Matches
376,Husain Al Qahtani,sa KSA,MF,Al-Shabab,26,1994,29,26,2264,25.2,1,1,2,1,0,0,4,0,0.04,0.04,0.08,0.04,0.08,Matches
377,Mohammed Al Qahtani,sa KSA,FW,Al-Hilal,19,2002,1,0,17,0.2,0,0,0,0,0,0,0,0,0.00,0.00,0.00,0.00,0.00,Matches
378,Rayan Al Qahtani,sa KSA,FW,Damac,19,2001,3,1,88,1.0,0,0,0,0,0,0,0,0,0.00,0.00,0.00,0.00,0.00,Matches
379,Muhannad Al Qaidhi,sa KSA,DF,Abha,23,1998,16,14,1266,14.1,0,0,0,0,0,0,4,0,0.00,0.00,0.00,0.00,0.00,Matches
380,Dhaifallah Al-Qarni,sa KSA,MF,Al-Batin,32,1988,6,4,317,3.5,0,1,1,0,0,0,2,0,0.00,0.28,0.28,0.00,0.28,Matches
381,Fawaz Al-Qarni,sa KSA,GK,Al-Shabab,29,1992,27,27,2385,26.5,0,0,0,0,0,0,2,0,0.00,0.00,0.00,0.00,0.00,Matches
382,Mohammed Al-Qarni,sa KSA,"MF,DF",Al-Batin,31,1989,26,23,2064,22.9,0,0,0,0,0,0,9,0,0.00,0.00,0.00,0.00,0.00,Matches
383,Hussain Qassem,sa KSA,DF,Al-Faisaly,23,1997,25,21,1845,20.5,0,0,0,0,0,0,8,1,0.00,0.00,0.00,0.00,0.00,Matches
384,Mohammed Qassem,sa KSA,DF,Al-Nassr,26,1995,9,7,609,6.8,0,0,0,0,0,0,2,0,0.00,0.00,0.00,0.00,0.00,Matches
385,Hassan Al-Qeed,sa KSA,"FW,MF",Abha,23,1998,10,3,312,3.5,1,0,1,1,0,0,0,0,0.29,0.00,0.29,0.29,0.29,Matches
386,Robin Quaison,se SWE,"FW,MF",Al-Ettifaq,27,1993,21,19,1486,16.5,7,1,8,6,1,1,4,1,0.42,0.06,0.48,0.36,0.42,Matches
387,Saleh Al-Qumaizi,sa KSA,DF,Al-Faisaly,29,1991,22,20,1757,19.5,0,2,2,0,0,0,8,0,0.00,0.10,0.10,0.00,0.10,Matches
388,Abdullah Radif,sa KSA,FW,Al-Hilal,18,2003,2,0,15,0.2,0,0,0,0,0,0,0,0,0.00,0.00,0.00,0.00,0.00,Matches
389,Raphael,br BRA,DF,Al-Faisaly,29,1992,13,12,1094,12.2,1,0,1,1,0,0,3,0,0.08,0.00,0.08,0.08,0.08,Matches
390,Fahad Al Rashidi,sa KSA,"MF,FW",Al-Taawoun,24,1997,26,12,1067,11.9,1,2,3,1,0,0,3,0,0.08,0.17,0.25,0.08,0.25,Matches
391,Mohamed Rayhi,nl NED,MF,Al-Batin,27,1994,29,29,2570,28.6,5,1,6,4,1,1,4,0,0.18,0.04,0.21,0.14,0.18,Matches
392,Ahmed Al-Rehaili,sa KSA,GK,Al-Raed,26,1994,17,17,1530,17.0,0,0,0,0,0,0,3,0,0.00,0.00,0.00,0.00,0.00,Matches
393,Nawaf Al Reshoodi,sa KSA,FW,Al-Taawoun,20,2000,2,0,4,0.0,0,0,0,0,0,0,0,0,0.00,0.00,0.00,0.00,0.00,Matches
394,Moha Rharsalla,ma MAR,"MF,FW",Al-Hazem,27,1993,11,10,864,9.6,3,0,3,2,1,1,2,0,0.31,0.00,0.31,0.21,0.21,Matches
395,Ricardo,br BRA,MF,Al-Fayha,27,1994,27,27,2396,26.6,0,1,1,0,0,0,4,0,0.00,0.04,0.04,0.00,0.04,Matches
396,Abdulrahman Al-Rio,sa KSA,DF,Al-Hazem,27,1994,1,0,45,0.5,0,0,0,0,0,0,0,0,0.00,0.00,0.00,0.00,0.00,Matches
397,Abdulrahman Al-Rio,sa KSA,DF,Damac,27,1994,8,2,237,2.6,0,0,0,0,0,0,1,0,0.00,0.00,0.00,0.00,0.00,Matches
398,Garry Rodrigues,cv CPV,MF,Al-Ittihad,30,1990,2,2,168,1.9,0,1,1,0,0,0,0,0,0.00,0.54,0.54,0.00,0.54,Matches
399,Tiago Rodrigues,pt POR,MF,Al-Hazem,29,1992,16,16,1389,15.4,1,1,2,1,0,0,4,0,0.06,0.06,0.13,0.06,0.13,Matches
400,Jonathan Rodríguez,uy URU,"MF,FW",Al-Nassr,28,1993,8,4,408,4.5,1,0,1,1,0,0,0,0,0.22,0.00,0.22,0.22,0.22,Matches
Rk,Player,Nation,Pos,Squad,Age,Born,MP,Starts,Min,90s,Gls,Ast,G+A,G-PK,PK,PKatt,CrdY,CrdR,Gls,Ast,G+A,G-PK,G+A-PK,Matches
401,Romarinho,br BRA,"FW,MF",Al-Ittihad,30,1990,29,29,2499,27.8,20,6,26,13,7,7,3,0,0.72,0.22,0.94,0.47,0.68,Matches
402,Rossi,br BRA,MF,Al-Faisaly,28,1993,14,14,1098,12.2,1,0,1,1,0,0,2,0,0.08,0.00,0.08,0.08,0.08,Matches
403,Igor Rossi Branco,br BRA,DF,Al-Faisaly,32,1989,26,25,2142,23.8,1,0,1,1,0,0,5,0,0.04,0.00,0.04,0.04,0.04,Matches
404,Masoud Al Rubaie,sa KSA,DF,Al-Batin,25,1995,6,5,458,5.1,1,0,1,1,0,0,3,0,0.20,0.00,0.20,0.20,0.20,Matches
405,Saeed Al Rubaie,sa KSA,DF,Al-Ettifaq,27,1994,25,23,2128,23.6,0,1,1,0,0,0,10,0,0.00,0.04,0.04,0.00,0.04,Matches
406,Omar Al Ruwaili,sa KSA,FW,Abha,25,1996,8,0,119,1.3,0,0,0,0,0,0,0,0,0.00,0.00,0.00,0.00,0.00,Matches
407,Marwane Saâdane,ma MAR,DF,Al-Fateh,29,1992,23,23,1933,21.5,1,0,1,1,0,0,8,2,0.05,0.00,0.05,0.05,0.05,Matches
408,Nawaf Al Saadi,sa KSA,MF,Abha,19,2001,1,0,7,0.1,0,0,0,0,0,0,0,0,0.00,0.00,0.00,0.00,0.00,Matches
409,Dawod Al Saeed,sa KSA,GK,Al-Hazem,30,1991,8,8,720,8.0,0,0,0,0,0,0,0,0,0.00,0.00,0.00,0.00,0.00,Matches
410,Mohammed Al-Saeed,sa KSA,"MF,DF",Al-Fateh,24,1996,15,4,543,6.0,0,0,0,0,0,0,1,0,0.00,0.00,0.00,0.00,0.00,Matches
411,Sulaiman Saeed,sa KSA,MF,Al-Hazem,24,1996,4,0,45,0.5,0,0,0,0,0,0,0,0,0.00,0.00,0.00,0.00,0.00,Matches
412,Abdulrahman Al Safari,sa KSA,MF,Al-Fayha,28,1993,27,25,1959,21.8,1,1,2,1,0,0,8,0,0.05,0.05,0.09,0.05,0.09,Matches
413,Ziyad Al-Sahafi,sa KSA,DF,Al-Ittihad,26,1994,18,16,1436,16.0,1,0,1,1,0,0,3,1,0.06,0.00,0.06,0.06,0.06,Matches
414,Mohammed Al Sahlawi,sa KSA,FW,Al-Hazem,34,1987,8,5,375,4.2,0,0,0,0,0,0,1,0,0.00,0.00,0.00,0.00,0.00,Matches
415,Mohammed Al Sahli,sa KSA,"MF,FW",Damac,29,1992,13,2,360,4.0,0,1,1,0,0,0,1,0,0.00,0.25,0.25,0.00,0.25,Matches
416,Mohammed Al-Saiari,sa KSA,FW,Al-Faisaly,28,1993,12,3,294,3.3,1,0,1,1,0,0,3,0,0.31,0.00,0.31,0.31,0.31,Matches
417,Makhir Saleh,sa KSA,DF,Al-Fayha,22,1999,21,18,1551,17.2,0,0,0,0,0,0,4,0,0.00,0.00,0.00,0.00,0.00,Matches
418,Mohammed Saleh,sa KSA,MF,Al-Ta'ee,21,2000,6,1,177,2.0,0,0,0,0,0,0,2,0,0.00,0.00,0.00,0.00,0.00,Matches
419,Abdulla Al Salem,sa KSA,"FW,MF",Al-Ettifaq,28,1992,20,9,791,8.8,3,0,3,3,0,0,2,1,0.34,0.00,0.34,0.34,0.34,Matches
420,Mohammed Salem,sa KSA,DF,Al-Raed,35,1985,29,27,2413,26.8,0,0,0,0,0,0,2,0,0.00,0.00,0.00,0.00,0.00,Matches
421,Awn Al Saluli,sa KSA,DF,Al-Taawoun,22,1998,16,12,1132,12.6,0,0,0,0,0,0,2,0,0.00,0.00,0.00,0.00,0.00,Matches
422,Zakaria Sami,sa KSA,MF,Al-Batin,29,1992,27,25,2331,25.9,2,1,3,2,0,0,8,0,0.08,0.04,0.12,0.08,0.12,Matches
423,Ivan Santini,hr CRO,"FW,MF",Al-Fateh,32,1989,23,9,1008,11.2,6,3,9,5,1,1,4,0,0.54,0.27,0.80,0.45,0.71,Matches
424,Iago Santos,br BRA,DF,Al-Taawoun,29,1992,17,17,1530,17.0,4,0,4,4,0,0,4,0,0.24,0.00,0.24,0.24,0.24,Matches
425,Iago Santos,br BRA,DF,Al-Shabab,29,1992,12,12,1010,11.2,0,1,1,0,0,0,3,0,0.00,0.09,0.09,0.00,0.09,Matches
Rk,Player,Nation,Pos,Squad,Age,Born,MP,Starts,Min,90s,Gls,Ast,G+A,G-PK,PK,PKatt,CrdY,CrdR,Gls,Ast,G+A,G-PK,G+A-PK,Matches
426,Rene Santos,br BRA,DF,Al-Raed,29,1992,25,25,2185,24.3,1,0,1,1,0,0,6,1,0.04,0.00,0.04,0.04,0.04,Matches
427,Abdulmajeed Al-Sawat,sa KSA,MF,Al-Faisaly,26,1995,4,0,75,0.8,0,0,0,0,0,0,0,0,0.00,0.00,0.00,0.00,0.00,Matches
428,Amir Sayoud,dz ALG,"MF,FW",Al-Ta'ee,30,1990,21,20,1743,19.4,5,3,8,5,0,0,4,0,0.26,0.15,0.41,0.26,0.41,Matches
429,Basil Al Sayyali,sa KSA,MF,Al-Ta'ee,20,2001,1,0,7,0.1,0,0,0,0,0,0,0,0,0.00,0.00,0.00,0.00,0.00,Matches
430,Emilio Schiano,sa KSA,MF,Damac,17,2004,3,1,131,1.5,0,0,0,0,0,0,0,0,0.00,0.00,0.00,0.00,0.00,Matches
431,Sebá,br BRA,MF,Al-Shabab,29,1992,3,2,164,1.8,0,0,0,0,0,0,0,0,0.00,0.00,0.00,0.00,0.00,Matches
432,Saad Al-Selouli,sa KSA,"MF,FW",Al-Ettifaq,23,1998,8,3,252,2.8,0,0,0,0,0,0,0,0,0.00,0.00,0.00,0.00,0.00,Matches
433,Hussain Shae'an,sa KSA,GK,Al-Shabab,32,1989,2,1,135,1.5,0,0,0,0,0,0,1,0,0.00,0.00,0.00,0.00,0.00,Matches
434,Abdulaziz Al Shahrani,sa KSA,FW,Damac,26,1994,1,0,5,0.1,0,0,0,0,0,0,0,0,0.00,0.00,0.00,0.00,0.00,Matches
435,Tariq Al Shahrani,sa KSA,MF,Abha,21,2000,1,0,1,0.0,0,0,0,0,0,0,0,0,0.00,0.00,0.00,0.00,0.00,Matches
436,Yasser Al-Shahrani,sa KSA,DF,Al-Hilal,29,1992,23,20,1818,20.2,0,3,3,0,0,0,0,0,0.00,0.15,0.15,0.00,0.15,Matches
437,Abdulelah Al Shamary,sa KSA,MF,Al-Shabab,29,1992,1,0,13,0.1,0,0,0,0,0,0,0,0,0.00,0.00,0.00,0.00,0.00,Matches
438,Abdulelah Al Shamary,sa KSA,"MF,FW",Al-Hazem,29,1992,16,10,904,10.0,0,0,0,0,0,0,2,0,0.00,0.00,0.00,0.00,0.00,Matches
439,Abdullah Al-Shamekh,sa KSA,DF,Al-Shabab,28,1993,5,1,118,1.3,0,0,0,0,0,0,1,0,0.00,0.00,0.00,0.00,0.00,Matches
440,Abdullah Al-Shammari,sa KSA,DF,Al-Hazem,27,1993,20,17,1462,16.2,0,0,0,0,0,0,10,2,0.00,0.00,0.00,0.00,0.00,Matches
441,Mansour Al Shammari,sa KSA,DF,Al-Nassr,20,2000,23,19,1726,19.2,0,2,2,0,0,0,4,0,0.00,0.10,0.10,0.00,0.10,Matches
442,Mohammed Al Shammari,sa KSA,MF,Al-Batin,21,2000,1,0,1,0.0,0,0,0,0,0,0,0,0,0.00,0.00,0.00,0.00,0.00,Matches
443,Yousef Al Shammari,sa KSA,"MF,DF",Al-Batin,23,1997,25,20,1636,18.2,3,0,3,3,0,0,4,0,0.17,0.00,0.17,0.17,0.17,Matches
444,Abdullah Al-Shammeri,sa KSA,GK,Abha,29,1991,7,6,532,5.9,0,0,0,0,0,0,1,0,0.00,0.00,0.00,0.00,0.00,Matches
445,Abdulmalek Al-Shammeri,sa KSA,"DF,MF",Al-Shabab,25,1995,1,0,9,0.1,0,0,0,0,0,0,0,0,0.00,0.00,0.00,0.00,0.00,Matches
446,Abdulmalek Al-Shammeri,sa KSA,"DF,MF",Al-Fayha,25,1995,1,0,15,0.2,0,0,0,0,0,0,0,0,0.00,0.00,0.00,0.00,0.00,Matches
447,Fahad Al Shammeri,sa KSA,FW,Al-Batin,,,1,0,2,0.0,0,0,0,0,0,0,0,0,0.00,0.00,0.00,0.00,0.00,Matches
448,Hamdan Al-Shamrani,sa KSA,DF,Al-Ittihad,24,1996,28,28,2419,26.9,2,4,6,2,0,0,7,1,0.07,0.15,0.22,0.07,0.22,Matches
449,Hassan Al Shamrani,sa KSA,DF,Damac,28,1992,16,13,1123,12.5,0,0,0,0,0,0,2,0,0.00,0.00,0.00,0.00,0.00,Matches
450,Abdullah Al Shanqiti,sa KSA,DF,Al-Raed,22,1998,10,3,391,4.3,0,0,0,0,0,0,0,0,0.00,0.00,0.00,0.00,0.00,Matches
Rk,Player,Nation,Pos,Squad,Age,Born,MP,Starts,Min,90s,Gls,Ast,G+A,G-PK,PK,PKatt,CrdY,CrdR,Gls,Ast,G+A,G-PK,G+A-PK,Matches
451,Ahmed Sharahili,sa KSA,DF,Al-Shabab,27,1994,22,22,1957,21.7,2,0,2,2,0,0,3,0,0.09,0.00,0.09,0.09,0.09,Matches
452,Hassan Sharahili,sa KSA,FW,Al-Batin,28,1993,1,0,1,0.0,0,0,0,0,0,0,0,0,0.00,0.00,0.00,0.00,0.00,Matches
453,Riyadh Sharahili,sa KSA,MF,Abha,28,1993,24,21,1888,21.0,2,0,2,2,0,0,3,0,0.10,0.00,0.10,0.10,0.10,Matches
454,Nader Al-Sharari,sa KSA,DF,Al-Shabab,25,1996,8,5,525,5.8,0,0,0,0,0,0,0,0,0.00,0.00,0.00,0.00,0.00,Matches
455,Abdulaziz Al-Sharid,sa KSA,MF,Al-Faisaly,27,1994,7,1,212,2.4,0,0,0,0,0,0,0,0,0.00,0.00,0.00,0.00,0.00,Matches
456,Saleh Al-Shehri,sa KSA,FW,Al-Hilal,27,1993,19,2,348,3.9,1,0,1,1,0,0,1,0,0.26,0.00,0.26,0.26,0.26,Matches
457,Yahya Al-Shehri,sa KSA,MF,Al-Raed,31,1990,19,3,532,5.9,1,2,3,1,0,0,0,0,0.17,0.34,0.51,0.17,0.51,Matches
458,Muhannad Shenqeeti,sa KSA,DF,Al-Ittihad,22,1999,28,24,2214,24.6,1,2,3,1,0,0,2,0,0.04,0.08,0.12,0.04,0.12,Matches
459,Hussein Al Shuwaysh,sa KSA,DF,Al-Fayha,32,1988,27,26,2333,25.9,0,0,0,0,0,0,2,0,0.00,0.00,0.00,0.00,0.00,Matches
460,Hani Al Sibyani,sa KSA,DF,Al-Ahli,22,1999,1,0,6,0.1,0,0,0,0,0,0,0,0,0.00,0.00,0.00,0.00,0.00,Matches
461,Hussain Al Sibyani,sa KSA,DF,Al-Shabab,20,2001,2,0,11,0.1,0,0,0,0,0,0,0,0,0.00,0.00,0.00,0.00,0.00,Matches
462,Meshal Sibyani,sa KSA,MF,Al-Faisaly,20,2001,2,1,136,1.5,0,0,0,0,0,0,0,0,0.00,0.00,0.00,0.00,0.00,Matches
463,Ismael Silva Lima,br BRA,MF,Al-Faisaly,26,1994,27,27,2380,26.4,1,3,4,1,0,0,10,0,0.04,0.11,0.15,0.04,0.15,Matches
464,Hassan Al Slis,sa KSA,FW,Al-Ettifaq,21,2000,7,0,154,1.7,0,0,0,0,0,0,0,1,0.00,0.00,0.00,0.00,0.00,Matches
465,Naïm Sliti,tn TUN,MF,Al-Ettifaq,29,1992,22,18,1613,17.9,9,2,11,9,0,1,2,0,0.50,0.11,0.61,0.50,0.61,Matches
466,Nawaf Al-Sobhi,sa KSA,DF,Al-Taawoun,31,1990,16,14,1212,13.5,0,0,0,0,0,0,5,1,0.00,0.00,0.00,0.00,0.00,Matches
467,Omar Al Somah,sy SYR,FW,Al-Ahli,32,1989,25,24,2089,23.2,10,2,12,5,5,6,0,0,0.43,0.09,0.52,0.22,0.30,Matches
468,Hillel Soudani,dz ALG,MF,Damac,33,1987,25,23,1906,21.2,8,1,9,8,0,0,3,0,0.38,0.05,0.42,0.38,0.42,Matches
469,Souza,br BRA,MF,Al-Ettifaq,33,1988,18,18,1569,17.4,3,4,7,3,0,0,1,0,0.17,0.23,0.40,0.17,0.40,Matches
470,Fawaz Al-Sqoor,sa KSA,DF,Al-Shabab,25,1996,30,30,2643,29.4,0,8,8,0,0,0,1,0,0.00,0.27,0.27,0.00,0.27,Matches
471,Luka Stojanović,rs SRB,"MF,FW",Al-Hazem,27,1994,9,6,593,6.6,1,0,1,1,0,0,1,0,0.15,0.00,0.15,0.15,0.15,Matches
472,Vladimir Stojković,rs SRB,GK,Al-Fayha,38,1983,29,29,2610,29.0,0,0,0,0,0,0,3,0,0.00,0.00,0.00,0.00,0.00,Matches
473,Carlos Strandberg,se SWE,FW,Al-Hazem,25,1996,14,13,1085,12.1,1,0,1,1,0,1,2,0,0.08,0.00,0.08,0.08,0.08,Matches
474,Dani Suárez,es ESP,DF,Abha,31,1990,12,11,1028,11.4,0,0,0,0,0,0,4,0,0.00,0.00,0.00,0.00,0.00,Matches
475,Abdulmajeed Al-Sulayhem,sa KSA,MF,Al-Nassr,27,1994,18,14,1105,12.3,2,0,2,2,0,0,0,0,0.16,0.00,0.16,0.16,0.16,Matches
Rk,Player,Nation,Pos,Squad,Age,Born,MP,Starts,Min,90s,Gls,Ast,G+A,G-PK,PK,PKatt,CrdY,CrdR,Gls,Ast,G+A,G-PK,G+A-PK,Matches
476,Abdulkarim Sultan,sa KSA,DF,Al-Ta'ee,21,2000,11,5,506,5.6,0,0,0,0,0,0,3,0,0.00,0.00,0.00,0.00,0.00,Matches
477,Khaled Al-Sumairi,sa KSA,MF,Al-Ittihad,24,1997,5,1,99,1.1,0,0,0,0,0,0,0,0,0.00,0.00,0.00,0.00,0.00,Matches
478,Yahya Sunbul,sa KSA,MF,Al-Raed,23,1998,4,1,120,1.3,0,0,0,0,0,0,0,0,0.00,0.00,0.00,0.00,0.00,Matches
479,Panagiotis Tachtsidis,gr GRE,MF,Al-Fayha,30,1991,28,27,2329,25.9,1,9,10,1,0,0,5,1,0.04,0.35,0.39,0.04,0.39,Matches
480,Talisca,br BRA,"MF,FW",Al-Nassr,27,1994,28,28,2429,27.0,20,2,22,19,1,3,6,2,0.74,0.07,0.82,0.70,0.78,Matches
481,Hassan Al Tambakti,sa KSA,DF,Al-Shabab,22,1999,7,6,559,6.2,0,0,0,0,0,0,1,0,0.00,0.00,0.00,0.00,0.00,Matches
482,Ibrahima Tandia,ml MLI,MF,Al-Hazem,28,1993,2,1,114,1.3,0,0,0,0,0,0,0,0,0.00,0.00,0.00,0.00,0.00,Matches
483,Júlio Tavares,cv CPV,FW,Al-Faisaly,32,1988,27,27,2430,27.0,9,2,11,8,1,1,1,0,0.33,0.07,0.41,0.30,0.37,Matches
484,Léandre Tawamba,cm CMR,FW,Al-Taawoun,31,1989,30,29,2591,28.8,18,2,20,15,3,4,2,0,0.63,0.07,0.69,0.52,0.59,Matches
485,Mitchell te Vrede,sr SUR,FW,Abha,29,1991,28,20,2011,22.3,5,1,6,4,1,2,3,0,0.22,0.04,0.27,0.18,0.22,Matches
486,Fawaz Al Terais,sa KSA,MF,Al-Fayha,21,2000,11,1,212,2.4,1,0,1,1,0,0,0,0,0.42,0.00,0.42,0.42,0.42,Matches
487,Mohammed Al-Thain,sa KSA,MF,Al-Ta'ee,24,1997,9,4,393,4.4,0,0,0,0,0,0,1,0,0.00,0.00,0.00,0.00,0.00,Matches
488,Aleksandar Trajkovski,mk MKD,"MF,FW",Al-Fayha,28,1992,9,5,434,4.8,1,1,2,1,0,0,1,0,0.21,0.21,0.41,0.21,0.41,Matches
489,Hamad Al Tuhayfan,sa KSA,"DF,MF",Al-Hilal,22,1999,13,5,535,5.9,0,1,1,0,0,0,0,0,0.00,0.17,0.17,0.00,0.17,Matches
490,Luciano Vietto,ar ARG,FW,Al-Shabab,27,1993,7,4,360,4.0,2,1,3,2,0,0,1,0,0.50,0.25,0.75,0.50,0.75,Matches
491,Luciano Vietto,ar ARG,"MF,FW",Al-Hilal,27,1993,13,8,637,7.1,2,2,4,2,0,0,1,0,0.28,0.28,0.57,0.28,0.57,Matches
492,Sergio Vittor,ar ARG,DF,Damac,32,1989,25,25,2242,24.9,2,1,3,2,0,0,4,0,0.08,0.04,0.12,0.08,0.12,Matches
493,Gustav Wikheim,no NOR,MF,Al-Fateh,28,1993,12,9,745,8.3,3,0,3,3,0,0,1,0,0.36,0.00,0.36,0.36,0.36,Matches
494,Aiman Yahya,sa KSA,MF,Al-Nassr,20,2001,10,4,326,3.6,0,0,0,0,0,0,3,0,0.00,0.00,0.00,0.00,0.00,Matches
495,Aiman Yahya,sa KSA,"MF,FW",Al-Ahli,20,2001,11,6,554,6.2,0,1,1,0,0,0,1,0,0.00,0.16,0.16,0.00,0.16,Matches
496,Abdulrahman Al Yami,sa KSA,FW,Al-Ittihad,24,1997,2,0,7,0.1,0,1,1,0,0,0,0,0,0.00,12.86,12.86,0.00,12.86,Matches
497,Abdulrahman Al Yami,sa KSA,FW,Damac,24,1997,7,0,110,1.2,0,0,0,0,0,0,1,0,0.00,0.00,0.00,0.00,0.00,Matches
498,Mohammed Al Yami,sa KSA,GK,Al-Ahli,23,1997,18,18,1575,17.5,0,0,0,0,0,0,1,0,0.00,0.00,0.00,0.00,0.00,Matches
499,Saad Yaslam,sa KSA,DF,Al-Taawoun,21,2000,21,17,1406,15.6,0,1,1,0,0,0,4,0,0.00,0.06,0.06,0.00,0.06,Matches
500,Amin Younes,de GER,"MF,FW",Al-Ettifaq,27,1993,9,8,638,7.1,2,0,2,2,0,0,0,1,0.28,0.00,0.28,0.28,0.28,Matches
Rk,Player,Nation,Pos,Squad,Age,Born,MP,Starts,Min,90s,Gls,Ast,G+A,G-PK,PK,PKatt,CrdY,CrdR,Gls,Ast,G+A,G-PK,G+A-PK,Matches
501,Abdullah Al Yousif,sa KSA,DF,Al-Fateh,23,1997,18,10,965,10.7,0,0,0,0,0,0,3,0,0.00,0.00,0.00,0.00,0.00,Matches
502,Hazim Al Zahrani,sa KSA,DF,Al-Ittihad,22,1999,5,2,217,2.4,0,0,0,0,0,0,1,0,0.00,0.00,0.00,0.00,0.00,Matches
503,Motair Al Zahrani,sa KSA,MF,Abha,26,1994,2,1,52,0.6,0,0,0,0,0,0,0,0,0.00,0.00,0.00,0.00,0.00,Matches
504,Ibrahim Zaied,sa KSA,GK,Al-Hazem,31,1990,14,14,1260,14.0,0,0,0,0,0,0,0,0,0.00,0.00,0.00,0.00,0.00,Matches
505,Ahmed Al-Zain,sa KSA,"MF,FW",Al-Raed,30,1991,23,21,1665,18.5,3,6,9,3,0,0,0,0,0.16,0.32,0.49,0.16,0.49,Matches
506,Ali Al Zaqan,sa KSA,"MF,DF",Al-Fateh,30,1991,14,9,829,9.2,1,2,3,1,0,0,4,0,0.11,0.22,0.33,0.11,0.33,Matches
507,Ali Al Zaqan,sa KSA,"DF,FW",Al-Fayha,30,1991,12,3,445,4.9,0,0,0,0,0,0,0,0,0.00,0.00,0.00,0.00,0.00,Matches
508,Moustapha Zeghba,dz ALG,GK,Damac,30,1990,25,25,2250,25.0,0,0,0,0,0,0,4,0,0.00,0.00,0.00,0.00,0.00,Matches
509,Emilio Zelaya,ar ARG,FW,Damac,34,1987,27,26,2300,25.6,13,1,14,4,9,10,2,0,0.51,0.04,0.55,0.16,0.20,Matches
510,Nawfel Zerhouni,ma MAR,"MF,FW",Al-Hazem,25,1995,13,13,1168,13.0,3,0,3,3,0,0,0,0,0.23,0.00,0.23,0.23,0.23,Matches
511,Abdullah Al-Zori,sa KSA,DF,Al-Shabab,33,1987,3,0,9,0.1,0,0,0,0,0,0,0,0,0.00,0.00,0.00,0.00,0.00,Matches
512,Abdullah Al-Zori,sa KSA,DF,Abha,33,1987,10,10,855,9.5,0,0,0,0,0,0,0,0,0.00,0.00,0.00,0.00,0.00,Matches
513,Jehad Al-Zowayed,sa KSA,MF,Abha,32,1989,10,5,381,4.2,0,1,1,0,0,0,2,0,0.00,0.24,0.24,0.00,0.24,Matches
514,Ali Al-Zubaidi,sa KSA,DF,Al-Fateh,28,1993,7,4,445,4.9,0,0,0,0,0,0,1,0,0.00,0.00,0.00,0.00,0.00,Matches
515,Ali Al-Zubaidi,sa KSA,DF,Al-Fayha,28,1993,2,0,12,0.1,0,0,0,0,0,0,0,0,0.00,0.00,0.00,0.00,0.00,Matches
516,Ibrahim Al-Zubaidi,sa KSA,DF,Al-Ta'ee,32,1989,20,17,1421,15.8,0,2,2,0,0,0,5,0,0.00,0.13,0.13,0.00,0.13,Matches
