rk,player,nation,pos,squad,age,born,90s,att,live,dead,fk,tb,sw,crs,ti,ck,in,out,str,cmp,off,blocks,matches
1,Paxten Aaronson,us USA,MF,Colorado Rapids,22-063,2003,6.4,253,242,11,3,1,0,13,0,4,3,0,0,218,0,4,Matches
2,Liel Abada,il ISR,"FW,MF",Charlotte,24-025,2001,16.5,464,460,3,0,0,1,29,3,0,0,0,0,351,1,17,Matches
3,Wessam Abou Ali,ps PLE,FW,Columbus Crew,26-297,1999,3.4,80,73,6,1,1,0,0,1,0,0,0,0,56,1,4,Matches
4,Luis Abram,pe PER,DF,Atlanta Utd,29-243,1996,16.6,1004,982,21,10,1,7,3,9,0,0,0,0,883,1,5,Matches
5,Lalas Abubakar,gh GHA,DF,FC Dallas,30-307,1994,18.4,688,623,63,16,1,2,2,28,0,0,0,0,596,2,4,Matches
6,Bryan Acosta,hn HON,MF,Nashville SC,31-338,1993,2.5,187,173,14,11,0,1,3,0,2,0,2,0,171,0,1,Matches
7,Kellyn Acosta,us USA,MF,Chicago Fire,30-096,1995,7.3,391,381,10,9,1,1,2,0,1,0,0,0,341,0,2,Matches
8,Luciano Acosta,ar ARG,"MF,FW",FC Dallas,31-150,1994,18.8,967,803,159,51,6,7,99,20,58,16,23,0,686,5,40,Matches
9,Sam Adekugbe,ca CAN,DF,Vancouver W'caps,30-285,1995,3.2,238,223,14,1,0,0,7,13,0,0,0,0,207,1,3,Matches
10,Leonardo Afonso,br BRA,"DF,FW",Atlanta Utd,24-107,2001,0.9,38,31,7,0,0,0,1,7,0,0,0,0,27,0,0,Matches
11,Leonardo Afonso,br BRA,"FW,MF",Inter Miami,24-107,2001,1.0,17,16,1,0,0,0,0,0,0,0,0,0,12,0,0,Matches
12,Stephen Afrifa,ca CAN,"MF,FW",Sporting KC,24-251,2001,1.5,71,68,3,0,0,1,4,3,0,0,0,0,58,0,2,Matches
13,William Agada,ng NGA,FW,Sporting KC,26-041,1999,1.1,22,20,2,0,0,0,0,1,0,0,0,0,21,0,0,Matches
14,William Agada,ng NGA,FW,Real Salt Lake,26-041,1999,13.0,231,216,12,0,0,0,1,0,0,0,0,0,176,3,9,Matches
15,Patrick Agyemang,us USA,FW,Charlotte,24-355,2000,13.6,211,182,29,0,1,0,1,0,0,0,0,0,162,0,5,Matches
16,Ali Ahmed,ca CAN,FW,Vancouver W'caps,25-018,2000,14.3,686,666,18,5,5,6,44,11,2,2,0,0,553,2,31,Matches
17,Forster Ajago,gh GHA,FW,Real Salt Lake,24-073,2001,2.9,26,24,2,0,0,0,0,0,0,0,0,0,20,0,1,Matches
18,Jordi Alba,es ESP,DF,Inter Miami,36-221,1989,28.5,2142,1883,249,41,9,27,118,183,25,1,9,0,1723,10,52,Matches
19,Noah Allen,gr GRE,DF,Inter Miami,21-183,2004,21.1,1372,1295,76,19,0,20,16,41,0,0,0,0,1222,1,16,Matches
20,Tadeo Allende,ar ARG,"MF,FW",Inter Miami,26-250,1999,23.9,639,618,21,2,1,5,21,8,1,0,0,0,479,0,28,Matches
21,Rasmus Alm,se SWE,DF,St. Louis,30-072,1995,0.1,4,4,0,0,0,0,0,0,0,0,0,0,2,0,0,Matches
22,Miguel Almirón,py PAR,"FW,MF",Atlanta Utd,31-260,1994,30.1,1307,1247,49,20,8,11,39,17,8,5,0,0,1065,11,32,Matches
23,Alejandro Alvarado Jr.,us USA,MF,San Diego FC,22-091,2003,5.4,359,348,9,9,2,0,2,0,0,0,0,0,315,2,5,Matches
24,Fernando Álvarez,co COL,DF,CF Montréal,22-065,2003,12.2,679,640,38,22,0,0,2,6,0,0,0,0,578,1,3,Matches
25,Steven Alzate,co COL,MF,Atlanta Utd,27-050,1998,7.2,441,410,29,20,0,2,11,2,7,7,0,0,393,2,6,Matches
Rk,Player,Nation,Pos,Squad,Age,Born,90s,Att,Live,Dead,FK,TB,Sw,Crs,TI,CK,In,Out,Str,Cmp,Off,Blocks,Matches
26,Pedro Amador,pt POR,DF,Atlanta Utd,26-314,1998,23.1,1243,1071,166,13,0,7,70,153,0,0,0,0,981,6,19,Matches
27,Daouda Amadou,cm CMR,MF,Colorado Rapids,23-026,2002,0.1,15,14,1,1,1,1,0,0,0,0,0,0,14,0,0,Matches
28,Frankie Amaya,us USA,MF,LAFC,25-032,2000,4.8,264,258,6,4,0,1,0,2,0,0,0,0,242,0,3,Matches
29,Malte Amundsen,dk DEN,DF,Columbus Crew,27-259,1998,19.8,1378,1251,121,49,4,3,9,71,0,0,0,0,1194,6,16,Matches
30,Markus Anderson,us USA,FW,Philadelphia Union,21-321,2003,1.1,15,15,0,0,0,0,0,0,0,0,0,0,8,0,0,Matches
31,Tomas Ángel,co COL,FW,San Diego FC,22-250,2003,7.9,185,170,13,1,3,0,3,1,0,0,0,0,144,2,6,Matches
32,Iván Angulo,co COL,"MF,FW",Orlando City,26-220,1999,25.6,835,804,28,5,5,2,28,23,0,0,0,0,692,3,13,Matches
33,Conner Antley,us USA,"DF,MF",D.C. United,30-220,1995,14.9,561,490,70,5,1,5,13,65,0,0,0,0,396,1,6,Matches
34,Antony,br BRA,"FW,MF",Portland Timbers,24-050,2001,24.5,955,924,25,2,1,1,29,23,0,0,0,0,734,6,31,Matches
35,Seth Antwi,gh GHA,MF,St. Louis,25-353,1999,0.2,7,7,0,0,0,0,0,0,0,0,0,0,6,0,0,Matches
36,Brian Anunga,cm CMR,MF,FC Cincinnati,29-079,1996,18.9,887,862,22,21,0,1,1,1,0,0,0,0,771,3,13,Matches
37,Chris Applewhite,us USA,DF,Nashville SC,18-066,2007,2.1,132,130,2,2,1,0,0,0,0,0,0,0,122,0,1,Matches
38,Cristian Arango,co COL,"FW,MF",SJ Earthquakes,30-233,1995,28.3,734,688,40,20,12,7,38,6,1,0,0,0,511,6,35,Matches
39,César Araujo,uy URU,MF,Orlando City,24-209,2001,20.0,1160,1115,44,19,1,15,5,20,0,0,0,0,1050,1,8,Matches
40,Max Arfsten,us USA,"DF,MF",Columbus Crew,24-192,2001,28.5,1486,1348,130,17,9,3,95,106,7,6,1,0,1246,8,35,Matches
41,Daniel Armando Ríos,mx MEX,FW,Vancouver W'caps,30-248,1995,15.7,316,296,19,0,0,1,5,1,0,0,0,0,249,1,9,Matches
42,Paul Arriola,us USA,"FW,DF",Seattle Sounders,30-265,1995,0.8,41,39,2,0,0,0,5,2,0,0,0,0,29,0,2,Matches
43,Artur,br BRA,MF,Houston Dynamo,29-231,1996,31.7,1951,1843,106,99,1,12,13,6,0,0,0,0,1713,2,29,Matches
44,Joshua Atencio,us USA,MF,Colorado Rapids,23-270,2002,19.7,1070,1004,62,26,3,6,10,6,0,0,0,0,867,4,12,Matches
45,Eduard Atuesta,co COL,MF,Orlando City,28-132,1997,25.2,1449,1382,58,38,12,11,38,5,15,1,14,0,1241,9,22,Matches
46,Julián Aude,ar ARG,DF,LA Galaxy,22-218,2003,13.6,937,827,109,27,0,6,28,82,0,0,0,0,815,1,14,Matches
47,Tomás Avilés,ar ARG,"DF,MF",Inter Miami,21-267,2004,13.3,1003,983,19,13,1,7,4,2,0,0,0,0,916,1,6,Matches
48,Chidozie Awaziem,ng NGA,DF,Colorado Rapids,28-300,1997,19.7,955,900,54,29,1,10,0,3,0,0,0,0,808,1,8,Matches
49,Obafemi Awodesu,us USA,DF,Houston Dynamo,24-206,2001,17.2,950,892,57,20,0,1,0,6,0,0,0,0,833,1,6,Matches
50,David Ayala,ar ARG,MF,Portland Timbers,23-094,2002,29.2,1866,1813,44,44,4,36,14,0,0,0,0,0,1634,9,20,Matches
Rk,Player,Nation,Pos,Squad,Age,Born,90s,Att,Live,Dead,FK,TB,Sw,Crs,TI,CK,In,Out,Str,Cmp,Off,Blocks,Matches
51,Dominique Badji,sn SEN,"FW,MF",D.C. United,33-012,1992,8.3,168,160,6,2,1,1,6,0,0,0,0,0,108,2,5,Matches
52,Jeevan Badwal,ca CAN,"MF,FW",Vancouver W'caps,19-231,2006,10.0,335,324,11,3,1,0,8,6,0,0,0,0,297,0,5,Matches
53,Corey Baird,us USA,FW,San Diego FC,29-271,1996,2.9,80,73,6,0,0,1,2,0,1,1,0,0,63,1,2,Matches
54,Corey Baird,us USA,"FW,MF",FC Cincinnati,29-271,1996,4.7,177,168,8,1,1,0,5,3,2,0,2,0,142,1,7,Matches
55,Cody Baker,us USA,"DF,MF",Seattle Sounders,21-294,2004,1.3,89,80,9,2,0,0,0,7,0,0,0,0,79,0,2,Matches
56,Reed Baker-Whiting,us USA,DF,Seattle Sounders,20-211,2005,6.0,344,304,40,3,1,1,20,37,0,0,0,0,286,0,6,Matches
57,Monsef Bakrar,dz ALG,"FW,MF",NYCFC,24-288,2001,6.7,137,133,4,1,1,0,1,1,0,0,0,0,97,0,4,Matches
58,Alexandru Băluță,ro ROU,"MF,FW",LAFC,32-045,1993,0.2,5,5,0,0,0,0,0,0,0,0,0,0,5,0,0,Matches
59,Jonathan Bamba,ci CIV,FW,Chicago Fire,29-216,1996,27.3,991,945,40,9,9,5,41,23,1,0,0,0,792,6,23,Matches
60,Fidel Barajas,mx MEX,FW,D.C. United,19-206,2006,0.4,25,24,1,0,0,0,3,1,0,0,0,0,21,0,0,Matches
61,Jesús Barea,es ESP,FW,Real Salt Lake,23-183,2002,2.9,82,75,6,1,0,0,1,1,3,0,1,0,66,1,3,Matches
62,Tai Baribo,il ISR,FW,Philadelphia Union,27-286,1998,20.7,535,506,26,2,1,2,2,2,0,0,0,0,409,3,14,Matches
63,Tom Barlow,us USA,FW,Chicago Fire,30-112,1995,4.1,76,69,7,0,0,0,2,1,0,0,0,0,43,0,5,Matches
64,Luis Barraza,us USA,GK,D.C. United,28-354,1996,23.2,815,566,246,80,0,2,0,0,0,0,0,0,524,3,0,Matches
65,Leonardo Barroso,pt POR,DF,Chicago Fire,20-138,2005,11.6,503,415,87,6,0,0,18,81,0,0,0,0,388,1,19,Matches
66,Jacob Bartlett,us USA,MF,Sporting KC,20-021,2005,21.5,1148,1030,114,53,1,16,44,21,40,20,12,2,979,4,16,Matches
67,Lucas Bartlett,us USA,DF,D.C. United,28-094,1997,28.9,1431,1356,70,51,0,16,3,17,0,0,0,0,1195,5,14,Matches
68,Ethan Bartlow,us USA,DF,Houston Dynamo,25-268,2000,14.7,785,761,22,18,4,9,13,2,0,0,0,0,637,2,11,Matches
69,Cole Bassett,us USA,"MF,FW",Colorado Rapids,24-092,2001,24.4,1194,1106,85,31,5,8,68,28,18,7,10,0,949,3,28,Matches
70,Sam Bassett,us USA,"FW,MF",Colorado Rapids,22-198,2003,3.8,136,133,3,0,0,1,3,3,0,0,0,0,103,0,5,Matches
71,Amine Bassi,fr FRA,"MF,FW",Houston Dynamo,27-335,1997,19.4,1059,1008,48,16,1,4,38,3,12,6,3,0,922,3,12,Matches
72,Zorhan Bassong,ca CAN,"MF,DF",Sporting KC,26-174,1999,18.5,996,950,45,14,0,9,23,24,6,3,2,0,856,1,8,Matches
73,Andy Batioja,co COL,FW,Houston Dynamo,19-270,2006,0.1,5,5,0,0,0,0,1,0,0,0,0,0,4,0,0,Matches
74,Josh Bauer,us USA,DF,Nashville SC,27-098,1998,9.4,502,407,92,7,1,2,12,85,0,0,0,0,400,3,10,Matches
75,Timo Baumgartl,de GER,DF,St. Louis,29-238,1996,19.5,1048,967,78,43,1,9,4,4,0,0,0,0,926,3,8,Matches
Rk,Player,Nation,Pos,Squad,Age,Born,90s,Att,Live,Dead,FK,TB,Sw,Crs,TI,CK,In,Out,Str,Cmp,Off,Blocks,Matches
76,Tanner Beason,us USA,DF,NE Revolution,28-219,1997,21.6,991,957,32,18,2,6,12,11,0,0,0,0,805,2,9,Matches
77,Adam Beaudry,us USA,GK,Colorado Rapids,19-193,2006,1.0,28,21,6,0,0,0,0,0,0,0,0,0,12,1,0,Matches
78,Simon Becher,us USA,"FW,MF",St. Louis,26-100,1999,13.9,282,259,20,3,1,2,10,5,0,0,0,0,187,3,6,Matches
79,Alejandro Bedoya,us USA,"MF,DF",Philadelphia Union,38-182,1987,8.3,405,373,31,4,1,1,17,27,0,0,0,0,295,1,16,Matches
80,Jon Bell,jm JAM,DF,Seattle Sounders,28-063,1997,14.7,873,841,32,19,1,4,5,11,0,0,0,0,771,0,8,Matches
81,Ben Bender,us USA,"MF,FW",Philadelphia Union,24-235,2001,3.6,141,136,4,3,0,0,15,1,0,0,0,0,102,1,5,Matches
82,Ramiro Benetti,br BRA,"MF,DF",FC Dallas,32-159,1993,25.6,1320,1216,96,52,3,5,16,43,0,0,0,0,1072,8,23,Matches
83,Christian Benteke,be BEL,FW,D.C. United,34-329,1990,20.9,453,431,22,0,1,8,0,2,0,0,0,0,278,0,6,Matches
84,Gustav Berggren,se SWE,MF,NY Red Bulls,28-051,1997,3.9,181,178,2,1,0,0,2,0,1,0,0,0,159,1,1,Matches
85,Sebastian Berhalter,us USA,MF,Vancouver W'caps,24-164,2001,25.5,1731,1465,256,99,4,28,228,20,136,58,64,0,1338,10,31,Matches
86,Federico Bernardeschi,it ITA,"FW,MF",Toronto FC,31-254,1994,14.4,543,471,70,13,4,12,71,18,30,26,2,1,395,2,15,Matches
87,Juan Berrocal,es ESP,DF,Atlanta Utd,26-177,1999,6.4,290,276,13,6,0,0,0,1,0,0,0,0,270,1,2,Matches
88,Miguel Berry,es ESP,FW,LA Galaxy,28-042,1997,7.6,114,101,13,0,0,0,2,0,0,0,0,0,86,0,2,Matches
89,Pep Biel,es ESP,"MF,FW",Charlotte,29-053,1996,22.3,752,655,90,18,16,3,79,6,51,40,4,0,553,7,18,Matches
90,David Bingham,us USA,GK,Charlotte,36-009,1989,2.0,62,43,19,5,0,0,0,0,0,0,0,0,47,0,0,Matches
91,Guilherme Biro,br BRA,DF,Austin,25-180,2000,29.1,1416,1226,185,33,2,12,44,152,0,0,0,0,1155,5,20,Matches
92,Tristan Blackmon,us USA,DF,Vancouver W'caps,29-077,1996,23.0,1604,1470,132,59,2,29,8,68,0,0,0,0,1437,2,4,Matches
93,Andre Blake,jm JAM,GK,Philadelphia Union,34-341,1990,20.3,544,405,139,41,0,0,0,0,0,0,0,0,398,0,1,Matches
94,Emmanuel Boateng,gh GHA,FW,San Diego FC,31-284,1994,2.7,89,87,2,1,0,0,6,1,0,0,0,0,63,0,4,Matches
95,Wiktor Bogacz,pl POL,FW,NY Red Bulls,21-106,2004,3.5,77,76,1,0,0,0,1,0,0,0,0,0,57,0,3,Matches
96,Luca Bombino,us USA,DF,San Diego FC,19-110,2006,23.6,1477,1260,215,41,4,7,37,173,1,0,0,0,1257,2,17,Matches
97,Jonathan Bond,eng ENG,GK,Houston Dynamo,32-162,1993,26.0,777,619,156,55,0,2,0,0,0,0,0,0,588,2,0,Matches
98,Denis Bouanga,ga GAB,FW,LAFC,30-351,1994,29.5,982,856,122,32,1,18,133,16,59,40,9,0,676,4,37,Matches
99,Ousseni Bouda,bf BFA,"FW,MF",SJ Earthquakes,25-183,2000,14.8,484,444,39,7,3,2,51,24,5,1,3,0,370,1,13,Matches
100,Giuseppe Bovalina,au AUS,DF,Vancouver W'caps,20-351,2004,2.3,102,85,17,1,0,0,5,16,0,0,0,0,78,0,1,Matches
Rk,Player,Nation,Pos,Squad,Age,Born,90s,Att,Live,Dead,FK,TB,Sw,Crs,TI,CK,In,Out,Str,Cmp,Off,Blocks,Matches
101,Michael Boxall,nz NZL,DF,Minnesota Utd,37-071,1988,29.5,1111,861,249,19,0,1,10,189,0,0,0,0,880,1,7,Matches
102,Tyler Boyd,us USA,"MF,FW",Nashville SC,30-302,1994,1.8,60,59,0,0,0,1,5,0,0,0,0,0,48,1,2,Matches
103,Chris Brady,us USA,GK,Chicago Fire,21-239,2004,27.4,873,682,190,49,0,1,0,0,0,0,0,0,739,1,1,Matches
104,Claudio Bravo,ar ARG,DF,Portland Timbers,28-229,1997,3.7,236,202,33,4,0,2,11,29,0,0,0,0,183,1,6,Matches
105,David Brekalo,si SVN,DF,Orlando City,26-329,1998,26.7,1468,1309,155,45,1,17,4,98,0,0,0,0,1290,4,9,Matches
106,Luke Brennan,us USA,"FW,MF",Atlanta Utd,20-246,2005,5.9,160,156,3,1,0,0,20,2,0,0,0,0,121,1,10,Matches
107,Brenner,br BRA,FW,FC Cincinnati,25-285,2000,5.7,189,186,2,0,2,0,2,1,1,0,0,0,163,1,3,Matches
108,Sebastian Breza,ca CAN,GK,CF Montréal,27-227,1998,3.0,91,74,17,7,0,1,0,0,0,0,0,0,71,0,0,Matches
109,Yannick Bright,it ITA,MF,Inter Miami,24-055,2001,15.0,798,790,8,8,0,3,2,0,0,0,0,0,705,0,8,Matches
110,Andrew Brody,us USA,DF,Sporting KC,30-178,1995,5.5,247,220,26,4,0,0,10,22,0,0,0,0,222,1,4,Matches
111,Brandt Bronico,us USA,"MF,FW",Charlotte,30-130,1995,25.8,885,865,18,15,0,1,16,1,0,0,0,0,720,2,17,Matches
112,Lachlan Brook,au AUS,FW,Real Salt Lake,24-262,2001,1.1,49,46,3,0,0,0,4,2,1,0,0,0,41,0,0,Matches
113,Javain Brown,jm JAM,DF,Real Salt Lake,26-233,1999,2.2,146,119,27,6,0,0,2,21,0,0,0,0,127,0,0,Matches
114,Tristan Brown,us USA,"DF,FW",Columbus Crew,18-011,2007,0.5,32,26,6,1,0,0,1,5,0,0,0,0,26,0,1,Matches
115,Gastón Brugman,uy URU,MF,Nashville SC,33-051,1992,14.2,979,949,26,24,6,13,12,0,0,0,0,0,828,4,10,Matches
116,Snyder Brunell,us USA,"MF,FW",Seattle Sounders,18-219,2007,3.3,151,145,4,3,1,0,2,0,0,0,0,0,133,2,2,Matches
117,Ola Brynhildsen,no NOR,"FW,MF",Toronto FC,26-184,1999,14.8,182,173,7,0,0,0,1,0,0,0,0,0,118,2,6,Matches
118,Pavel Bucha,cz CZE,MF,FC Cincinnati,27-231,1998,32.0,1566,1537,24,14,4,3,12,4,5,3,0,0,1365,5,35,Matches
119,Noel Buck,eng ENG,"MF,DF",NE Revolution,20-206,2005,0.3,15,12,3,1,0,0,0,2,0,0,0,0,11,0,1,Matches
120,Noel Buck,eng ENG,"MF,DF",SJ Earthquakes,20-206,2005,1.7,73,71,2,1,0,0,2,1,0,0,0,0,56,0,3,Matches
121,Dawid Bugaj,pl POL,DF,CF Montréal,21-111,2004,19.2,714,530,179,19,0,2,21,160,0,0,0,0,568,5,16,Matches
122,Osman Bukari,gh GHA,"FW,MF",Austin,26-319,1998,25.8,712,696,11,3,0,5,74,7,1,0,0,0,528,5,23,Matches
123,Teal Bunbury,us USA,"FW,MF",Nashville SC,35-243,1990,2.3,70,69,1,0,0,0,0,0,0,0,0,0,51,0,4,Matches
124,Roman Bürki,ch SUI,GK,St. Louis,34-348,1990,25.0,951,724,221,45,0,4,1,1,0,0,0,0,729,6,0,Matches
125,Evan Bush,us USA,GK,Columbus Crew,39-236,1986,6.0,213,167,45,10,0,0,0,0,0,0,0,0,186,1,0,Matches
Rk,Player,Nation,Pos,Squad,Age,Born,90s,Att,Live,Dead,FK,TB,Sw,Crs,TI,CK,In,Out,Str,Cmp,Off,Blocks,Matches
126,Sergio Busquets,es ESP,MF,Inter Miami,37-104,1988,31.9,2212,2110,97,95,15,19,0,2,0,0,0,0,1993,5,19,Matches
127,Brandon Bye,us USA,DF,NE Revolution,29-333,1995,12.3,582,469,111,8,1,5,42,103,0,0,0,0,448,2,15,Matches
128,Nathan Byrne,eng ENG,DF,Charlotte,33-145,1992,17.0,955,772,177,29,0,8,44,148,0,0,0,0,764,6,22,Matches
129,Kevin Cabral,fr FRA,"FW,MF",Colorado Rapids,26-110,1999,8.5,162,157,5,0,0,2,16,1,0,0,0,0,114,0,9,Matches
130,Rafael Cabral,br BRA,GK,Real Salt Lake,35-161,1990,34.0,1445,1151,294,72,1,6,0,0,0,0,0,0,1209,0,1,Matches
131,Kenji Cabrera,pe PER,"MF,FW",Vancouver W'caps,22-274,2003,2.0,121,117,4,1,0,3,6,1,0,0,0,0,104,0,3,Matches
132,Noel Caliskan,de GER,"DF,MF",Real Salt Lake,25-060,2000,22.1,1310,1145,160,32,0,7,25,126,1,0,0,0,1140,5,18,Matches
133,Drake Callender,us USA,GK,Inter Miami,28-021,1997,2.1,66,55,11,2,0,0,0,0,0,0,0,0,51,0,0,Matches
134,Brandon Cambridge,us USA,FW,Charlotte,23-056,2002,0.0,0,0,0,0,0,0,0,0,0,0,0,0,0,0,0,Matches
135,Leonardo Campana,ec ECU,FW,NE Revolution,25-096,2000,18.3,408,361,42,0,1,5,8,5,0,0,0,0,306,5,10,Matches
136,George Campbell,us USA,DF,CF Montréal,24-128,2001,14.9,1033,945,86,42,2,6,0,13,0,0,0,0,890,2,8,Matches
137,Reggie Cannon,us USA,DF,Colorado Rapids,27-139,1998,27.1,1232,1003,223,27,0,3,36,196,0,0,0,0,992,6,26,Matches
138,Christian Cappis,us USA,MF,FC Dallas,26-076,1999,9.1,324,308,12,5,0,4,12,1,5,4,0,0,264,4,4,Matches
139,Gustavo Caraballo,ve VEN,"MF,FW",Orlando City,17-060,2008,0.2,21,19,2,0,0,0,3,0,2,2,0,0,17,0,0,Matches
140,Felipe Carballo,uy URU,MF,NY Red Bulls,29-024,1996,10.5,719,678,39,14,2,3,27,1,23,17,1,0,614,2,9,Matches
141,Felipe Carballo,uy URU,MF,Portland Timbers,29-024,1996,1.4,64,63,1,1,1,0,1,0,0,0,0,0,57,0,0,Matches
142,Alan Carleton,us USA,"MF,FW",Nashville SC,20-222,2005,0.4,23,23,0,0,0,0,1,0,0,0,0,0,21,0,1,Matches
143,Antonio Carlos,br BRA,DF,Houston Dynamo,32-235,1993,6.7,378,347,29,12,0,1,1,0,0,0,0,0,339,2,0,Matches
144,Wikelman Carmona,ve VEN,"FW,MF",NY Red Bulls,22-246,2003,21.0,671,656,12,4,2,0,32,4,2,1,0,0,542,3,21,Matches
145,Maximo Carrizo,us USA,"MF,FW",NYCFC,17-242,2008,1.0,44,43,1,0,1,0,1,1,0,0,0,0,34,0,1,Matches
146,Julio Cascante,cr CRC,DF,Austin,32-025,1993,8.4,483,467,15,11,0,3,1,1,0,0,0,0,442,1,2,Matches
147,Jackson Castro,us USA,MF,Vancouver W'caps,22-308,2002,0.0,4,2,2,1,0,0,2,0,1,1,0,0,2,0,0,Matches
148,Nico Cavallo,us USA,"DF,MF",NYCFC,23-305,2001,3.5,206,168,38,3,1,1,5,34,0,0,0,0,173,0,1,Matches
149,Brayan Ceballos,co COL,DF,NE Revolution,24-157,2001,28.3,1393,1359,30,19,2,8,7,8,0,0,0,0,1214,4,9,Matches
150,Roman Celentano,us USA,GK,FC Cincinnati,25-044,2000,30.0,928,645,282,74,0,2,0,0,0,0,0,0,699,1,2,Matches
Rk,Player,Nation,Pos,Squad,Age,Born,90s,Att,Live,Dead,FK,TB,Sw,Crs,TI,CK,In,Out,Str,Cmp,Off,Blocks,Matches
151,Edwin Cerrillo,us USA,MF,LA Galaxy,25-025,2000,29.7,2173,2130,40,37,1,17,4,2,0,0,0,0,2001,3,20,Matches
152,Dylan Chambost,fr FRA,MF,Columbus Crew,28-070,1997,29.2,2362,2192,158,54,11,28,132,7,90,55,16,0,1988,12,28,Matches
153,Tomás Chancalay,ar ARG,"FW,MF",NE Revolution,26-300,1999,13.1,479,429,46,11,3,15,59,5,29,24,1,0,340,4,11,Matches
154,Kieran Chandler,us USA,DF,Minnesota Utd,20-141,2005,0.7,10,9,1,0,0,0,2,0,1,1,0,0,5,0,0,Matches
155,Maxime Chanot,lu LUX,DF,LAFC,35-341,1989,0.7,28,24,4,3,0,1,0,0,0,0,0,0,22,0,2,Matches
156,Diego Chará,co COL,MF,Portland Timbers,39-206,1986,13.3,732,708,24,23,0,4,1,1,0,0,0,0,646,0,11,Matches
157,Gabriel Chaves,br BRA,FW,LA Galaxy,24-259,2001,27.5,1248,1115,126,32,11,20,53,48,46,22,0,0,1049,7,34,Matches
158,Yevhen Cheberko,ua UKR,DF,Columbus Crew,27-278,1998,25.7,2044,1943,94,68,3,1,12,21,0,0,0,0,1890,7,12,Matches
159,Ștefan Chirilă,ro ROU,MF,FC Cincinnati,18-286,2007,0.1,2,2,0,0,0,0,0,0,0,0,0,0,2,0,0,Matches
160,Mathieu Choiniere,ca CAN,MF,LAFC,26-263,1999,7.1,447,434,11,11,2,1,3,0,0,0,0,0,397,2,5,Matches
161,Dominik Chong Qui,us USA,DF,Atlanta Utd,17-303,2007,1.7,48,44,4,0,0,1,4,4,0,0,0,0,32,0,1,Matches
162,Léo Chú,br BRA,"FW,MF",FC Dallas,25-205,2000,2.3,50,49,1,0,0,1,3,1,0,0,0,0,37,0,3,Matches
163,José Cifuentes,ec ECU,MF,Toronto FC,26-230,1999,5.4,233,226,6,5,1,1,4,0,0,0,0,0,197,1,2,Matches
164,Markus Cimermancic,ca CAN,"DF,MF",Toronto FC,21-027,2004,2.9,122,104,17,0,0,0,2,15,0,0,0,0,99,1,5,Matches
165,Caden Clark,us USA,"FW,MF",D.C. United,22-154,2003,1.6,39,37,2,0,0,1,4,1,0,0,0,0,26,0,1,Matches
166,Caden Clark,us USA,"FW,MF",CF Montréal,22-154,2003,17.4,402,365,37,5,4,3,29,10,12,6,4,0,298,0,6,Matches
167,Noah Cobb,us USA,"DF,FW",Atlanta Utd,20-100,2005,4.8,322,303,18,6,0,3,3,8,0,0,0,0,284,1,3,Matches
168,Noah Cobb,us USA,DF,Colorado Rapids,20-100,2005,4.0,199,193,6,6,0,3,0,0,0,0,0,0,174,0,1,Matches
169,Alonso Coello,es ESP,MF,Toronto FC,26-016,1999,24.1,1540,1440,93,54,3,6,65,2,37,17,17,0,1279,7,20,Matches
170,Michael Collodi,us USA,GK,FC Dallas,24-156,2001,8.2,289,184,104,40,0,1,0,0,0,0,0,0,165,1,0,Matches
171,Theo Corbeanu,ca CAN,"FW,MF",Toronto FC,23-164,2002,25.6,762,751,10,1,1,4,136,8,0,0,0,0,549,1,31,Matches
172,Matthew Corcoran,us USA,MF,Nashville SC,19-253,2006,2.9,209,201,7,5,1,0,0,2,0,0,0,0,177,1,4,Matches
173,Carlos Coronel,py PAR,GK,NY Red Bulls,28-303,1996,31.0,1014,787,223,50,0,1,0,0,0,0,0,0,698,4,0,Matches
174,David Costa,pt POR,"MF,FW",Portland Timbers,24-296,2001,27.9,1342,1261,77,20,12,5,107,6,51,27,13,0,1093,4,26,Matches
175,Vitor Costa,br BRA,"DF,MF",SJ Earthquakes,31-119,1994,17.9,872,748,121,17,1,7,58,104,0,0,0,0,692,3,21,Matches
Rk,Player,Nation,Pos,Squad,Age,Born,90s,Att,Live,Dead,FK,TB,Sw,Crs,TI,CK,In,Out,Str,Cmp,Off,Blocks,Matches
176,Baye Coulibaly,ml MLI,MF,Charlotte,19-293,2006,0.1,3,3,0,0,0,0,0,0,0,0,0,0,2,0,0,Matches
177,Antoine Coupland,ca CAN,FW,Vancouver W'caps,21-320,2003,0.2,4,4,0,0,0,0,1,0,0,0,0,0,3,0,1,Matches
178,Brandan Craig,us USA,"DF,MF",CF Montréal,21-204,2004,16.0,876,754,120,57,1,11,40,2,32,26,1,0,710,2,3,Matches
179,Ben Cremaschi,us USA,"MF,FW",Inter Miami,20-240,2005,15.4,700,658,42,6,1,3,35,16,20,6,11,0,573,0,23,Matches
180,Maxime Crépeau,ca CAN,GK,Portland Timbers,31-170,1994,15.0,530,393,137,46,0,0,0,0,0,0,0,0,397,0,0,Matches
181,Andrés Cubas,py PAR,MF,Vancouver W'caps,29-159,1996,22.0,1125,1102,20,18,0,16,4,1,0,0,0,0,1004,3,11,Matches
182,Mauricio Cuevas,us USA,"DF,FW",LA Galaxy,22-260,2003,8.8,556,492,63,9,0,3,57,46,8,2,5,0,425,1,12,Matches
183,Christopher Cupps,us USA,DF,Chicago Fire,17-155,2008,3.2,173,160,13,10,0,0,0,0,0,0,0,0,162,0,0,Matches
184,Hugo Cuypers,be BEL,FW,Chicago Fire,28-263,1997,31.1,556,524,30,0,2,0,9,1,0,0,0,0,395,2,19,Matches
185,Bruno Damiani,uy URU,"FW,MF",Philadelphia Union,23-193,2002,22.6,623,614,8,1,0,2,4,1,0,0,0,0,432,1,16,Matches
186,Dagur Dan Þórhallsson,is ISL,"MF,DF",Orlando City,25-179,2000,12.4,561,521,38,7,0,2,11,28,3,0,2,0,491,2,7,Matches
187,Daniel,br BRA,GK,SJ Earthquakes,31-175,1994,27.7,865,610,254,91,0,1,0,0,0,0,0,0,614,1,0,Matches
188,Jesús Daniel Bueno,ve VEN,MF,Philadelphia Union,26-196,1999,10.1,436,407,27,15,1,0,14,1,8,5,1,0,344,2,5,Matches
189,Héctor David Martínez,py PAR,DF,Inter Miami,27-280,1998,4.2,308,290,15,4,1,14,0,7,0,0,0,0,258,3,8,Matches
190,Juan David Mosquera,co COL,DF,Portland Timbers,23-053,2002,25.2,1307,1089,215,28,2,10,89,186,1,0,0,0,1086,3,35,Matches
191,Edward Davis,us USA,FW,Philadelphia Union,19-133,2006,0.0,0,0,0,0,0,0,0,0,0,0,0,0,0,0,0,Matches
192,Jake Davis,us USA,"MF,DF",Sporting KC,23-298,2002,20.7,1209,1096,110,32,4,12,67,62,16,15,0,0,969,3,30,Matches
193,Pedro De la Vega,ar ARG,"FW,MF",Seattle Sounders,24-263,2001,13.0,503,492,10,5,2,2,39,3,2,1,1,0,406,1,12,Matches
194,Rodrigo De Paul,ar ARG,MF,Inter Miami,31-157,1994,9.9,789,726,58,27,7,11,29,9,22,7,5,0,670,5,16,Matches
195,Osaze De Rosario,gy GUY,FW,Seattle Sounders,24-101,2001,2.9,44,40,3,0,1,1,0,0,0,0,0,0,34,1,0,Matches
196,Jonathan Dean,us USA,"DF,MF",Chicago Fire,28-166,1997,18.6,805,677,126,5,1,1,23,121,0,0,0,0,633,2,33,Matches
197,Louicius Deedson,ht HAI,FW,FC Dallas,24-259,2001,0.3,4,4,0,0,0,0,0,0,0,0,0,0,2,0,0,Matches
198,Marky Delgado,us USA,MF,LAFC,30-165,1995,28.6,2030,1995,28,10,11,12,26,8,10,7,0,0,1787,7,25,Matches
199,Patrickson Delgado,ec ECU,"MF,FW",FC Dallas,22-011,2003,19.0,836,749,77,35,1,10,67,7,34,17,14,0,652,10,17,Matches
200,Kévin Denkey,tg TOG,FW,FC Cincinnati,24-332,2000,25.3,503,472,30,1,2,1,3,1,0,0,0,0,417,1,17,Matches
Rk,Player,Nation,Pos,Squad,Age,Born,90s,Att,Live,Dead,FK,TB,Sw,Crs,TI,CK,In,Out,Str,Cmp,Off,Blocks,Matches
201,Mikkel Desler,dk DEN,DF,Austin,30-251,1995,14.9,743,620,120,15,1,1,19,105,0,0,0,0,651,3,11,Matches
202,Djibril Diani,fr FRA,MF,Charlotte,27-259,1998,12.8,529,510,18,15,0,3,8,3,0,0,0,0,479,1,3,Matches
203,Jefferson Díaz,co COL,DF,Minnesota Utd,24-327,2000,21.1,817,736,80,8,0,0,16,66,0,0,0,0,620,1,8,Matches
204,Luis Díaz,cr CRC,"FW,DF",NE Revolution,26-326,1998,4.4,158,147,11,2,0,0,19,8,0,0,0,0,121,0,5,Matches
205,Mamadou Dieng,sn SEN,FW,Minnesota Utd,21-266,2004,1.3,21,18,3,0,0,0,2,0,0,0,0,0,13,0,1,Matches
206,Javairô Dilrosun,nl NED,FW,LAFC,27-128,1998,4.8,165,156,8,3,0,1,8,3,2,0,0,0,136,1,4,Matches
207,Hamady Diop,sn SEN,DF,San Diego FC,23-144,2002,2.2,204,188,16,8,0,0,4,8,0,0,0,0,185,0,3,Matches
208,Innocent Dje,ci CIV,MF,Chicago Fire,22-176,2003,13.0,785,769,16,14,2,0,1,2,0,0,0,0,713,0,6,Matches
209,Derek Dodson,us USA,"DF,MF",D.C. United,26-359,1998,6.4,249,209,39,6,0,0,16,33,0,0,0,0,190,1,13,Matches
210,Maxime Dominguez,ch SUI,MF,Toronto FC,29-269,1996,15.7,656,633,23,10,7,2,5,1,0,0,0,0,564,0,14,Matches
211,Ronald Donkor,ml MLI,MF,NY Red Bulls,20-342,2004,9.6,634,621,10,8,2,3,2,2,0,0,0,0,559,3,8,Matches
212,Christopher Donovan,us USA,"FW,MF",Philadelphia Union,25-081,2000,6.1,179,179,0,0,0,0,4,0,0,0,0,0,101,0,6,Matches
213,Griffin Dorsey,us USA,DF,Houston Dynamo,26-237,1999,29.6,1141,915,221,7,0,1,122,212,2,2,0,0,864,5,41,Matches
214,C.J. dos Santos,us USA,GK,San Diego FC,25-065,2000,30.0,1018,841,176,45,0,0,0,1,0,0,0,0,916,1,2,Matches
215,Hassani Dotson,us USA,MF,Minnesota Utd,28-083,1997,4.6,165,161,3,3,2,0,4,0,0,0,0,0,127,1,4,Matches
216,Souleyman Doumbia,ci CIV,DF,Charlotte,29-034,1996,6.7,383,328,55,8,1,1,12,47,0,0,0,0,324,0,10,Matches
217,Anders Dreyer,dk DEN,FW,San Diego FC,27-179,1998,33.5,1570,1384,173,61,20,15,158,18,88,45,22,0,1189,13,40,Matches
218,Manu Duah,gh GHA,DF,San Diego FC,20-145,2005,11.5,977,941,36,23,3,6,1,8,0,0,0,0,894,0,3,Matches
219,Nicolás Dubersarsky,ar ARG,MF,Austin,20-311,2004,7.7,349,329,18,17,0,1,4,1,0,0,0,0,295,2,5,Matches
220,Erik Duenas,us USA,"MF,FW",Houston Dynamo,21-010,2004,1.8,62,60,2,0,0,0,1,2,0,0,0,0,51,0,2,Matches
221,Morris Duggan,de GER,DF,Minnesota Utd,25-004,2000,14.6,479,446,33,4,1,7,2,26,0,0,0,0,397,0,4,Matches
222,Bryce Duke,us USA,"MF,FW",CF Montréal,24-242,2001,7.5,335,301,33,12,1,1,32,2,17,11,5,0,241,1,5,Matches
223,Kyle Duncan,us USA,DF,NY Red Bulls,28-081,1997,17.0,1063,902,160,14,3,4,47,146,0,0,0,0,854,1,16,Matches
224,Chris Durkin,us USA,MF,St. Louis,25-262,2000,12.3,531,523,7,6,0,6,8,1,0,0,0,0,421,1,12,Matches
225,Leonard Duru,eng ENG,DF,San Diego FC,20-289,2005,0.4,17,13,4,0,0,0,0,4,0,0,0,0,14,0,0,Matches
Rk,Player,Nation,Pos,Squad,Age,Born,90s,Att,Live,Dead,FK,TB,Sw,Crs,TI,CK,In,Out,Str,Cmp,Off,Blocks,Matches
226,Jeremy Ebobisse,us USA,FW,LAFC,28-256,1997,9.7,212,194,18,0,2,0,1,0,0,0,0,0,180,0,4,Matches
227,Ender Echenique,ve VEN,"DF,FW",FC Cincinnati,21-209,2004,5.6,173,163,9,1,0,1,17,6,0,0,0,0,135,1,6,Matches
228,Daniel Edelman,us USA,MF,NY Red Bulls,22-183,2003,22.4,1308,1275,29,24,0,4,6,5,0,0,0,0,1111,4,19,Matches
229,Earl Edwards Jr.,us USA,GK,SJ Earthquakes,33-277,1992,6.3,179,126,51,17,0,0,0,0,0,0,0,0,122,2,0,Matches
230,Matthew Edwards,us USA,DF,Atlanta Utd,22-253,2003,13.4,799,708,89,14,0,2,21,75,0,0,0,0,691,2,13,Matches
231,Michael Edwards,us USA,DF,Colorado Rapids,24-335,2000,0.3,11,11,0,0,0,0,0,0,0,0,0,0,9,0,0,Matches
232,Raheem Edwards,ca CAN,DF,NY Red Bulls,30-105,1995,15.9,863,695,163,23,3,8,50,115,25,24,0,0,647,5,20,Matches
233,Noah Eile,se SWE,DF,NY Red Bulls,23-101,2002,29.0,1980,1869,108,51,5,9,1,44,0,0,0,0,1760,3,9,Matches
234,Jack Elliott,eng ENG,DF,Chicago Fire,30-064,1995,32.6,1907,1749,154,73,1,23,2,13,0,0,0,0,1657,4,9,Matches
235,Justin Ellis,us USA,FW,Orlando City,18-167,2007,0.0,2,2,0,0,0,0,0,0,0,0,0,0,2,0,0,Matches
236,Rayan Elloumi,ca CAN,FW,Vancouver W'caps,18-041,2007,2.3,47,46,1,0,0,0,1,0,0,0,0,0,37,0,1,Matches
237,Emeka Eneli,us USA,MF,Real Salt Lake,26-010,1999,20.1,993,948,40,28,5,2,10,10,0,0,0,0,880,5,15,Matches
238,Lukas Engel,dk DEN,DF,FC Cincinnati,26-318,1998,30.2,1781,1520,256,54,2,19,49,202,0,0,0,0,1384,5,24,Matches
239,Lawrence Ennali,de GER,"MF,FW",Houston Dynamo,23-235,2002,11.0,297,285,11,2,0,1,19,7,2,0,0,0,245,1,11,Matches
240,Boris Enow,cm CMR,MF,D.C. United,25-212,2000,18.2,889,875,14,11,1,1,2,2,1,1,0,0,752,0,20,Matches
241,Ramiro Enrique,ar ARG,FW,Orlando City,24-177,2001,10.5,230,205,23,0,0,2,4,1,0,0,0,0,171,2,7,Matches
242,Franco Escobar,ar ARG,DF,Houston Dynamo,30-249,1995,17.4,1091,952,138,25,2,0,20,113,0,0,0,0,949,1,19,Matches
243,Olger Escobar,gt GUA,MF,CF Montréal,19-047,2006,5.0,117,116,1,1,3,0,2,0,0,0,0,0,96,0,2,Matches
244,Cristian Espinoza,ar ARG,"MF,FW",SJ Earthquakes,30-208,1995,29.9,1742,1378,358,91,9,17,342,99,168,55,88,1,1182,6,74,Matches
245,Derrick Etienne,ht HAI,"FW,DF",Toronto FC,28-337,1996,11.0,284,253,30,1,0,1,19,27,0,0,0,0,208,1,12,Matches
246,Evander,br BRA,MF,FC Cincinnati,27-141,1998,30.4,1389,1184,194,66,15,13,127,13,87,48,27,0,1089,11,28,Matches
247,Nicolás Ezequiel Fernández,ar ARG,FW,NYCFC,25-290,2000,9.8,410,356,48,15,3,3,50,7,24,15,3,0,311,6,21,Matches
248,Diego Fagúndez,uy URU,"MF,FW",LA Galaxy,30-256,1995,27.4,1643,1500,139,41,8,7,98,20,62,27,15,1,1411,4,17,Matches
249,Maximiliano Falcón,uy URU,DF,Inter Miami,28-180,1997,20.8,1129,1067,60,36,0,7,0,0,0,0,0,0,1057,2,5,Matches
250,Fallou Fall,sn SEN,DF,St. Louis,21-196,2004,6.5,318,306,12,6,2,2,1,6,0,0,0,0,286,0,2,Matches
Rk,Player,Nation,Pos,Squad,Age,Born,90s,Att,Live,Dead,FK,TB,Sw,Crs,TI,CK,In,Out,Str,Cmp,Off,Blocks,Matches
251,Marco Farfan,us USA,DF,FC Dallas,26-350,1998,14.3,626,506,118,18,0,3,14,100,0,0,0,0,513,2,16,Matches
252,Jordan Farr,us USA,GK,D.C. United,31-023,1994,2.8,86,57,29,14,0,0,0,0,0,0,0,0,58,0,0,Matches
253,Andrew Farrell,us USA,"MF,DF",NE Revolution,33-209,1992,0.3,11,8,3,2,0,0,0,1,0,0,0,0,9,0,0,Matches
254,Logan Farrington,us USA,"FW,MF",FC Dallas,23-318,2001,17.4,445,418,24,1,1,1,9,8,0,0,0,0,328,3,18,Matches
255,Mohamed Farsi,dz ALG,"DF,MF",Columbus Crew,25-316,1999,16.5,1023,914,107,9,1,4,31,98,0,0,0,0,887,2,22,Matches
256,Ilay Feingold,il ISR,DF,NE Revolution,21-066,2004,24.9,1283,1086,193,32,0,3,108,157,3,0,0,0,1047,4,30,Matches
257,Joaquín Fernández,es ESP,DF,Sporting KC,29-150,1996,14.4,730,704,24,21,1,7,1,3,0,0,0,0,666,2,1,Matches
258,Julián Fernández,ar ARG,"FW,MF",NYCFC,21-298,2004,15.7,761,683,74,14,6,2,78,14,46,26,8,0,555,4,23,Matches
259,Nick Fernandez,us USA,MF,SJ Earthquakes,23-310,2001,1.3,42,38,4,4,0,0,1,0,0,0,0,0,28,0,2,Matches
260,Omir Fernandez,us USA,"MF,FW",Colorado Rapids,26-262,1999,2.0,58,57,1,1,0,0,6,0,0,0,0,0,43,0,1,Matches
261,Omir Fernandez,us USA,"MF,FW",Portland Timbers,26-262,1999,4.7,202,192,8,2,1,0,14,1,5,5,0,0,157,2,9,Matches
262,Jesús Ferreira,us USA,"FW,MF",Seattle Sounders,24-308,2000,24.2,1051,973,71,12,12,4,45,10,30,8,10,1,845,7,16,Matches
263,Dominik Fitz,at AUT,"FW,MF",Minnesota Utd,26-134,1999,1.7,66,58,8,1,0,0,9,0,6,3,3,0,46,0,3,Matches
264,Kristian Fletcher,us USA,FW,D.C. United,20-083,2005,0.9,13,12,1,0,0,0,0,0,0,0,0,0,10,0,0,Matches
265,Nicolas Fleuriau,ca CAN,"DF,FW",Vancouver W'caps,23-160,2002,0.1,2,2,0,0,0,0,0,0,0,0,0,0,1,0,0,Matches
266,Deybi Flores,hn HON,MF,Toronto FC,29-134,1996,15.1,741,715,23,22,1,15,5,1,0,0,0,0,605,3,7,Matches
267,Gilberto Flores,py PAR,DF,FC Cincinnati,22-210,2003,13.1,665,632,30,15,0,8,1,15,0,0,0,0,557,3,7,Matches
268,Max Floriani,us USA,DF,SJ Earthquakes,22-264,2003,9.1,399,372,24,16,0,1,1,6,0,0,0,0,348,3,2,Matches
269,CJ Fodrey,us USA,"FW,MF",Austin,21-260,2004,3.7,79,73,6,1,0,0,3,0,0,0,0,0,51,0,4,Matches
270,Mamadou Fofana,ml MLI,DF,NE Revolution,27-280,1998,28.6,1420,1379,35,27,1,9,1,3,0,0,0,0,1304,6,3,Matches
271,Emil Forsberg,se SWE,"MF,FW",NY Red Bulls,34-005,1991,31.8,1066,903,157,72,13,10,115,2,53,41,9,0,804,6,29,Matches
272,Ajani Fortune,tt TRI,"MF,DF",Atlanta Utd,22-302,2002,8.7,465,432,33,14,0,3,5,11,0,0,0,0,407,0,9,Matches
273,Jimer Fory,co COL,DF,Portland Timbers,23-157,2002,22.9,1336,1140,193,26,2,3,41,167,0,0,0,0,1120,3,16,Matches
274,André Franco,pt POR,MF,Chicago Fire,27-199,1998,4.4,314,280,30,17,3,3,20,2,11,8,0,0,257,4,3,Matches
275,Kobe Franklin,ca CAN,DF,Toronto FC,22-171,2003,8.7,398,328,70,10,0,0,9,60,0,0,0,0,332,0,6,Matches
Rk,Player,Nation,Pos,Squad,Age,Born,90s,Att,Live,Dead,FK,TB,Sw,Crs,TI,CK,In,Out,Str,Cmp,Off,Blocks,Matches
276,Ian Fray,jm JAM,DF,Inter Miami,23-058,2002,13.7,659,564,93,18,1,3,14,74,1,0,0,0,572,2,14,Matches
277,Wayne Frederick,tt TRI,MF,Colorado Rapids,21-137,2004,2.5,90,88,2,1,0,0,1,1,0,0,0,0,75,0,2,Matches
278,Alex Freeman,us USA,DF,Orlando City,21-080,2004,27.3,1301,1129,170,19,3,7,38,151,0,0,0,0,1057,2,29,Matches
279,Matt Freese,us USA,GK,NYCFC,27-056,1998,30.7,889,714,173,38,0,0,0,0,0,0,0,0,723,2,0,Matches
280,Stefan Frei,ch SUI,GK,Seattle Sounders,39-191,1986,26.0,764,516,247,77,0,0,0,0,0,0,0,0,571,1,2,Matches
281,Julian Gaines,us USA,"FW,DF",Nashville SC,22-357,2002,0.3,33,26,7,2,0,0,1,5,0,0,0,0,29,0,0,Matches
282,Jeffrey Gal,us USA,GK,Chicago Fire,32-205,1993,6.6,190,140,50,9,0,0,0,0,0,0,0,0,155,0,0,Matches
283,Jon Gallagher,ie IRL,"DF,MF",Austin,29-247,1996,26.2,1061,882,175,19,1,4,87,156,0,0,0,0,808,4,17,Matches
284,Pedro Gallese,pe PER,GK,Orlando City,35-247,1990,32.0,777,505,271,93,0,1,0,0,0,0,0,0,575,1,0,Matches
285,Ignatius Ganago,cm CMR,"FW,MF",NE Revolution,26-254,1999,17.5,359,350,7,1,1,1,11,2,1,0,0,0,253,2,14,Matches
286,Carlos Garcés,co COL,DF,LA Galaxy,24-017,2001,19.1,1264,1234,29,23,0,4,0,5,0,0,0,0,1172,1,7,Matches
287,Diego García,us USA,MF,FC Dallas,19-011,2006,0.1,7,7,0,0,0,0,1,0,0,0,0,0,4,0,0,Matches
288,Manu García,es ESP,MF,Sporting KC,27-299,1998,23.3,1218,1161,52,26,14,33,56,4,20,12,4,0,960,5,28,Matches
289,Ryan Gauld,sct SCO,FW,Vancouver W'caps,29-316,1995,2.7,142,128,14,2,0,0,14,1,10,6,2,0,109,0,3,Matches
290,Luka Gavran,ca CAN,GK,Toronto FC,25-172,2000,3.0,107,75,32,12,0,0,0,0,0,0,0,0,72,0,0,Matches
291,Dániel Gazdag,hu HUN,"MF,FW",Philadelphia Union,29-240,1996,5.5,222,210,11,0,2,0,5,1,0,0,0,0,180,1,7,Matches
292,Dániel Gazdag,hu HUN,"MF,FW",Columbus Crew,29-240,1996,22.9,1109,1089,16,3,1,5,9,3,0,0,0,0,967,4,18,Matches
293,Owen Géne,fr FRA,MF,Minnesota Utd,22-223,2003,7.3,302,298,4,3,1,0,2,0,0,0,0,0,263,0,3,Matches
294,Sharod George,us USA,MF,NE Revolution,21-171,2004,0.1,1,1,0,0,0,0,0,0,0,0,0,0,0,0,0,Matches
295,Joran Gerbet,fr FRA,MF,Orlando City,24-120,2001,12.4,586,569,16,16,2,4,0,0,0,0,0,0,527,1,6,Matches
296,Samuel Gidi,sk SVK,MF,FC Cincinnati,21-196,2004,3.3,174,171,1,1,1,0,0,0,0,0,0,0,152,2,1,Matches
297,Carles Gil,es ESP,"MF,FW",NE Revolution,32-340,1992,33.9,2147,1861,268,104,17,31,198,15,124,68,29,0,1671,18,30,Matches
298,Thomas Gillier,cl CHI,GK,CF Montréal,21-153,2004,8.0,276,246,29,11,0,0,0,0,0,0,0,0,225,1,0,Matches
299,Blake Gillingham,us USA,GK,Houston Dynamo,23-017,2002,3.3,100,76,24,7,0,1,0,0,0,0,0,0,68,0,0,Matches
300,Jake Girdwood-Reich,au AUS,"DF,MF",St. Louis,21-155,2004,5.5,283,273,8,3,0,3,0,0,0,0,0,0,251,2,2,Matches
Rk,Player,Nation,Pos,Squad,Age,Born,90s,Att,Live,Dead,FK,TB,Sw,Crs,TI,CK,In,Out,Str,Cmp,Off,Blocks,Matches
301,Olivier Giroud,fr FRA,FW,LAFC,39-028,1986,5.9,148,128,15,0,0,0,1,0,0,0,0,0,93,5,8,Matches
302,Dennis Gjengaar,no NOR,"FW,MF",NY Red Bulls,21-246,2004,8.5,278,272,4,0,0,0,17,2,2,2,0,0,217,2,9,Matches
303,Justen Glad,us USA,DF,Real Salt Lake,28-242,1997,30.9,2138,2008,127,62,1,11,11,20,0,0,0,0,1922,3,8,Matches
304,Omari Glasgow,gy GUY,"DF,FW",Chicago Fire,21-340,2003,5.9,263,227,36,0,0,0,19,36,0,0,0,0,209,0,10,Matches
305,Ian Glavinovich,ar ARG,DF,Philadelphia Union,24-001,2001,2.9,106,94,12,11,0,0,1,0,0,0,0,0,87,0,1,Matches
306,Jakob Glesnes,no NOR,DF,Philadelphia Union,31-217,1994,29.2,1211,1115,92,80,2,5,7,5,0,0,0,0,965,4,16,Matches
307,Aníbal Godoy,pa PAN,MF,San Diego FC,35-260,1990,19.1,1569,1515,50,32,5,18,3,3,0,0,0,0,1431,4,13,Matches
308,Yeimar Gómez Andrade,co COL,DF,Seattle Sounders,33-120,1992,19.6,1199,1143,51,40,0,6,2,6,0,0,0,0,1042,5,15,Matches
309,Nicksoen Gomis,fr FRA,DF,Toronto FC,23-227,2002,5.3,218,207,11,4,0,1,0,7,0,0,0,0,182,0,1,Matches
310,Diogo Gonçalves,pt POR,"FW,MF",Real Salt Lake,28-264,1997,24.2,818,736,68,15,10,4,35,8,20,10,1,0,644,14,12,Matches
311,Omar Gonzalez,us USA,DF,Chicago Fire,37-017,1988,4.7,227,216,10,5,0,0,0,0,0,0,0,0,192,1,1,Matches
312,Archie Goodwin,au AUS,"MF,FW",Charlotte,20-355,2004,0.4,10,10,0,0,0,0,0,0,0,0,0,0,6,0,0,Matches
313,Zavier Gozo,us USA,"MF,FW",Real Salt Lake,18-220,2007,20.1,467,460,5,0,1,1,61,4,0,0,0,0,316,2,22,Matches
314,Owen Graham Roache,ca CAN,FW,CF Montréal,17-259,2008,1.4,17,16,1,0,0,0,0,0,0,0,0,0,12,0,0,Matches
315,Tayvon Gray,jm JAM,DF,NYCFC,23-070,2002,19.5,1327,1135,188,28,8,5,42,160,0,0,0,0,1092,4,24,Matches
316,Julian Gressel,us USA,"DF,MF",Minnesota Utd,31-316,1993,12.1,453,394,57,21,2,3,74,10,25,18,7,0,325,2,4,Matches
317,Yuri Guboglo,ht HAI,"DF,FW",CF Montréal,18-222,2007,11.2,357,307,49,6,0,0,25,43,0,0,0,0,283,1,11,Matches
318,Gage Guerra,,"FW,DF",Portland Timbers,22-311,2002,1.5,48,47,1,0,0,0,5,1,0,0,0,0,34,0,4,Matches
319,Colin Guske,us USA,"MF,FW",Orlando City,18-272,2007,0.2,15,15,0,0,0,1,0,0,0,0,0,0,15,0,0,Matches
320,Raul Gustavo,br BRA,DF,NYCFC,26-187,1999,4.7,290,252,38,8,0,6,2,25,0,0,0,0,231,0,4,Matches
321,Brian Gutiérrez,us USA,"MF,FW",Chicago Fire,22-133,2003,22.7,1070,1020,41,13,26,6,21,4,9,5,2,0,877,9,16,Matches
322,Andrew Gutman,us USA,"DF,MF",Chicago Fire,29-026,1996,31.8,1439,1215,218,24,4,7,39,193,1,0,0,0,1142,6,34,Matches
323,Brad Guzan,us USA,GK,Atlanta Utd,41-049,1984,26.0,849,602,244,62,0,2,0,0,0,0,0,0,680,3,1,Matches
324,Justin Haak,us USA,"DF,MF",NYCFC,24-046,2001,33.4,1955,1852,99,39,7,6,3,8,0,0,0,0,1719,4,20,Matches
325,Taha Habroune,us USA,"MF,FW",Columbus Crew,19-265,2006,6.3,399,385,11,5,1,1,4,6,0,0,0,0,343,3,8,Matches
Rk,Player,Nation,Pos,Squad,Age,Born,90s,Att,Live,Dead,FK,TB,Sw,Crs,TI,CK,In,Out,Str,Cmp,Off,Blocks,Matches
326,Alexander Hack,de GER,DF,NY Red Bulls,32-050,1993,16.1,1239,1132,98,51,0,19,15,44,0,0,0,0,986,9,12,Matches
327,Teenage Hadebe,zw ZIM,DF,FC Cincinnati,30-041,1995,10.6,591,559,28,14,0,0,1,14,0,0,0,0,515,4,9,Matches
328,Nicholas Hagen,gt GUA,GK,Columbus Crew,29-087,1996,3.0,68,47,21,5,0,0,0,0,0,0,0,0,62,0,0,Matches
329,Nick Hagglund,us USA,DF,FC Cincinnati,33-044,1992,12.9,741,709,28,17,0,3,3,11,0,0,0,0,641,4,6,Matches
330,Maren Haile-Selassie,ch SUI,"FW,MF",Chicago Fire,26-229,1999,10.4,445,405,40,11,4,0,25,7,17,5,8,0,375,0,7,Matches
331,Belal Halbouni,sy SYR,DF,Vancouver W'caps,25-303,1999,8.1,606,583,22,16,0,15,3,2,0,0,0,0,565,1,2,Matches
332,Julian Hall,us USA,"FW,MF",NY Red Bulls,17-218,2008,7.6,193,183,10,3,0,0,6,3,0,0,0,0,145,0,5,Matches
333,Bret Halsey,us USA,DF,FC Cincinnati,25-149,2000,0.4,17,13,4,0,0,0,2,4,0,0,0,0,12,0,2,Matches
334,Nicholas Hansen,dk DEN,GK,Colorado Rapids,24-110,2001,10.0,323,222,99,27,0,0,0,0,0,0,0,0,176,2,0,Matches
335,Aiden Harangi,us USA,DF,San Diego FC,19-262,2006,3.7,211,182,28,5,1,0,9,23,0,0,0,0,178,1,6,Matches
336,Ian Harkes,us USA,MF,SJ Earthquakes,30-212,1995,23.8,1042,1004,36,28,3,4,13,7,1,0,0,0,870,2,23,Matches
337,Cameron Harper,us USA,"DF,MF",NY Red Bulls,23-343,2001,7.4,303,277,24,1,0,1,34,23,0,0,0,0,199,2,11,Matches
338,Nathan Harriel,us USA,DF,Philadelphia Union,24-188,2001,23.3,968,845,121,11,0,1,18,108,0,0,0,0,737,2,18,Matches
339,Alex Harris,us USA,"MF,FW",Colorado Rapids,20-254,2005,0.5,14,13,1,0,0,0,1,0,0,0,0,0,10,0,0,Matches
340,Calvin Harris,eng ENG,"FW,MF",Colorado Rapids,25-222,2000,14.8,326,313,12,0,0,0,26,9,1,0,0,0,259,1,10,Matches
341,Marcel Hartel,de GER,"MF,FW",St. Louis,29-282,1996,33.6,1602,1387,210,69,9,9,192,6,118,52,48,0,1223,5,48,Matches
342,Carlos Harvey,pa PAN,"DF,MF",Minnesota Utd,25-267,2000,17.0,642,596,41,3,1,7,3,32,0,0,0,0,518,5,12,Matches
343,Thomas Hasal,ca CAN,GK,LAFC,26-111,1999,1.5,49,34,14,4,0,0,0,0,0,0,0,0,31,1,0,Matches
344,Stuart Hawkins,us USA,"DF,MF",Seattle Sounders,19-040,2006,1.4,55,54,1,1,0,0,0,0,0,0,0,0,45,0,0,Matches
345,Kobi Henry,tt TRI,"DF,FW",Real Salt Lake,21-185,2004,0.5,31,26,5,1,0,0,0,4,0,0,0,0,19,0,0,Matches
346,Malik Henry,ca CAN,"MF,FW",Toronto FC,23-097,2002,1.3,39,38,1,0,1,1,4,1,0,0,0,0,25,0,1,Matches
347,Fabian Herbers,de GER,"MF,FW",CF Montréal,32-072,1993,8.0,317,306,10,4,1,0,5,5,1,0,0,0,244,1,5,Matches
348,Ronald Hernández,ve VEN,DF,Atlanta Utd,28-037,1997,14.6,831,713,116,17,0,5,45,93,6,6,0,0,669,2,18,Matches
349,Aaron Herrera,gt GUA,"DF,MF",D.C. United,28-144,1997,23.0,1151,900,249,54,0,26,119,137,58,18,28,4,865,2,28,Matches
350,Marcelo Herrera,ar ARG,DF,Columbus Crew,26-359,1998,15.2,663,607,54,11,1,2,42,42,1,0,0,0,513,2,27,Matches
Rk,Player,Nation,Pos,Squad,Age,Born,90s,Att,Live,Dead,FK,TB,Sw,Crs,TI,CK,In,Out,Str,Cmp,Off,Blocks,Matches
351,Son Heung-min,kr KOR,FW,LAFC,33-112,1992,8.9,304,240,59,9,1,2,36,2,39,15,15,0,242,5,3,Matches
352,Aiden Hezarkhani,us USA,"FW,MF",Real Salt Lake,18-122,2007,0.6,15,15,0,0,0,0,1,0,0,0,0,0,7,0,1,Matches
353,Jayden Hibbert,ca CAN,GK,Atlanta Utd,21-084,2004,8.0,259,196,63,21,0,0,0,0,0,0,0,0,197,0,0,Matches
354,Bode Hidalgo,us USA,DF,Real Salt Lake,23-248,2002,9.1,584,510,74,14,1,8,7,59,0,0,0,0,494,0,5,Matches
355,Bode Hidalgo,us USA,DF,CF Montréal,23-248,2002,3.9,189,164,25,3,0,1,3,22,0,0,0,0,157,0,6,Matches
356,Kyle Hiebert,ca CAN,DF,St. Louis,28-090,1997,18.8,883,817,64,13,1,4,11,51,0,0,0,0,731,2,14,Matches
357,Luke Hille,us USA,MF,Minnesota Utd,22-251,2003,0.0,0,0,0,0,0,0,0,0,0,0,0,0,0,0,0,Matches
358,Brendan Hines-Ike,us USA,DF,Austin,30-332,1994,30.7,1475,1419,54,27,1,9,4,2,0,0,0,0,1344,2,1,Matches
359,Bongokuhle Hlongwane,za RSA,"DF,MF",Minnesota Utd,25-130,2000,26.4,665,644,18,1,2,1,18,11,0,0,0,0,517,3,20,Matches
360,Rob Holding,eng ENG,DF,Colorado Rapids,30-038,1995,5.8,406,396,10,7,0,8,2,1,0,0,0,0,359,0,1,Matches
361,Ryan Hollingshead,us USA,"DF,MF",LAFC,34-195,1991,23.4,1359,1221,135,16,6,4,22,119,0,0,0,0,1156,3,20,Matches
362,Duane Holmes,us USA,"MF,FW",Houston Dynamo,30-356,1994,6.5,243,206,37,4,1,0,17,28,4,1,2,1,178,0,3,Matches
363,Jackson Hopkins,us USA,"MF,FW",D.C. United,21-119,2004,9.3,287,258,27,15,1,2,16,2,8,4,1,2,235,2,3,Matches
364,Jannes Horn,de GER,DF,St. Louis,28-264,1997,8.0,410,348,60,7,0,2,21,53,0,0,0,0,325,2,5,Matches
365,Jung Hoyeon,kr KOR,MF,Minnesota Utd,25-030,2000,1.0,26,26,0,0,0,0,0,0,0,0,0,0,21,0,0,Matches
366,Keegan Hughes,us USA,DF,NE Revolution,25-098,2000,4.1,214,202,12,10,0,0,1,2,0,0,0,0,188,0,1,Matches
367,Sebastien Ibeagha,us USA,DF,FC Dallas,33-280,1992,30.7,973,893,76,49,0,2,1,13,0,0,0,0,820,4,9,Matches
368,Aliyu Ibrahim,ng NGA,"MF,FW",Houston Dynamo,23-285,2002,2.0,72,71,0,0,1,0,1,0,0,0,0,0,48,1,6,Matches
369,Aliyu Ibrahim,ng NGA,"FW,DF",Columbus Crew,23-285,2002,13.4,429,409,18,0,2,0,23,9,0,0,0,0,347,2,11,Matches
370,Sunusi Ibrahim,ng NGA,FW,CF Montréal,23-027,2002,0.9,31,29,2,0,0,1,0,0,0,0,0,0,24,0,1,Matches
371,Igor,br BRA,MF,LAFC,22-235,2003,20.6,1201,1164,34,32,3,3,2,2,0,0,0,0,1089,3,10,Matches
372,Mitja Ilenič,si SVN,DF,NYCFC,20-306,2004,12.1,772,645,125,7,1,8,30,118,0,0,0,0,622,2,23,Matches
373,Milan Iloski,us USA,"MF,FW",Philadelphia Union,26-091,1999,6.6,222,194,28,4,1,3,26,3,11,9,1,0,151,0,5,Matches
374,Milan Iloski,us USA,"FW,MF",San Diego FC,26-091,1999,5.3,150,128,21,3,3,1,13,3,9,7,0,0,111,1,3,Matches
375,Bjørn Inge Utvik,no NOR,DF,Vancouver W'caps,29-242,1996,11.4,676,651,22,19,0,12,2,1,0,0,0,0,610,3,4,Matches
Rk,Player,Nation,Pos,Squad,Age,Born,90s,Att,Live,Dead,FK,TB,Sw,Crs,TI,CK,In,Out,Str,Cmp,Off,Blocks,Matches
376,Marcus Ingvartsen,dk DEN,"FW,MF",San Diego FC,29-297,1996,4.5,113,110,3,0,0,0,1,0,0,0,0,0,86,0,3,Matches
377,Lorenzo Insigne,it ITA,"MF,FW",Toronto FC,34-146,1991,9.6,449,417,31,11,2,4,13,2,5,4,0,0,361,1,15,Matches
378,Aljaž Ivačič,si SVN,GK,NE Revolution,31-303,1993,24.0,640,381,255,57,0,0,0,0,0,0,0,0,435,4,1,Matches
379,Ousman Jabang,us USA,DF,CF Montréal,24-213,2001,1.0,70,66,4,1,0,0,1,3,0,0,0,0,59,0,1,Matches
380,Ayoub Jabbari,ma MAR,"FW,DF",FC Cincinnati,25-271,2000,1.3,27,26,1,0,0,0,2,0,0,0,0,0,19,0,0,Matches
381,Aziel Jackson,us USA,"MF,FW",Columbus Crew,24-004,2001,8.1,303,289,10,4,2,2,2,4,1,0,0,0,271,4,5,Matches
382,Jacob Jackson,us USA,GK,FC Dallas,25-186,2000,3.8,123,69,53,14,0,0,0,0,0,0,0,0,55,1,1,Matches
383,Ivan Jaime Pajuelo,es ESP,FW,CF Montréal,25-032,2000,3.4,120,106,13,1,7,1,9,2,10,7,0,0,93,1,4,Matches
384,Ian James,us USA,DF,Sporting KC,17-144,2008,5.5,243,240,2,2,0,0,1,0,0,0,0,0,212,1,1,Matches
385,Robin Jansson,se SWE,DF,Orlando City,33-347,1991,29.0,1418,1353,62,54,1,4,2,1,0,0,0,0,1255,3,10,Matches
386,Danley Jean-Jacques,ht HAI,MF,Philadelphia Union,25-161,2000,26.2,1159,1147,9,7,2,5,11,2,0,0,0,0,957,3,20,Matches
387,Stiven Jimenez,us USA,MF,FC Cincinnati,18-126,2007,1.2,34,34,0,0,0,0,0,0,0,0,0,0,29,0,0,Matches
388,Julio Joao Ortíz,ec ECU,MF,Portland Timbers,29-180,1996,12.3,600,582,15,15,1,8,6,0,0,0,0,0,536,3,12,Matches
389,Sean Johnson,us USA,GK,Toronto FC,36-150,1989,31.0,936,584,347,115,0,3,0,1,0,0,0,0,679,5,0,Matches
390,Tate Johnson,us USA,DF,Vancouver W'caps,20-110,2005,22.0,1118,955,161,28,0,6,24,133,0,0,0,0,918,2,18,Matches
391,DeJuan Jones,us USA,DF,Columbus Crew,28-126,1997,2.7,167,152,15,0,0,0,0,15,0,0,0,0,135,0,4,Matches
392,DeJuan Jones,us USA,"DF,MF",SJ Earthquakes,28-126,1997,12.9,735,589,143,8,0,2,30,134,1,0,1,0,590,3,18,Matches
393,Derrick Jones,us USA,MF,Columbus Crew,28-239,1997,0.1,12,12,0,0,0,0,0,0,0,0,0,0,11,0,0,Matches
394,Kim Joonhong,kr KOR,GK,D.C. United,22-147,2003,8.0,269,193,75,20,0,0,0,0,0,0,0,0,186,1,0,Matches
395,Dejan Joveljić,rs SRB,FW,Sporting KC,26-082,1999,30.7,707,612,92,1,6,1,3,0,0,0,0,0,503,3,31,Matches
396,Mykhi Joyner,us USA,"FW,MF",St. Louis,19-059,2006,4.1,94,92,2,0,0,0,11,2,0,0,0,0,67,0,5,Matches
397,Preston Judd,us USA,"FW,MF",SJ Earthquakes,26-153,1999,11.7,192,163,29,1,0,1,11,0,0,0,0,0,111,0,10,Matches
398,Anderson Julio,ec ECU,"FW,MF",FC Dallas,29-150,1996,17.5,314,294,19,0,0,2,16,15,2,0,0,0,233,1,15,Matches
399,Sam Junqua,us USA,DF,Real Salt Lake,28-353,1996,20.4,1037,943,93,13,1,8,45,74,6,3,0,0,829,1,20,Matches
400,Mathias Jørgensen,dk DEN,DF,LA Galaxy,35-188,1990,15.0,979,936,41,23,2,4,0,0,0,0,0,0,877,2,4,Matches
Rk,Player,Nation,Pos,Squad,Age,Born,90s,Att,Live,Dead,FK,TB,Sw,Crs,TI,CK,In,Out,Str,Cmp,Off,Blocks,Matches
401,Kristijan Kahlina,hr CRO,GK,Charlotte,33-096,1992,32.0,1023,807,215,41,0,1,0,0,0,0,0,0,841,1,0,Matches
402,Kaick,br BRA,MF,FC Dallas,19-333,2005,18.5,738,719,18,13,2,8,12,4,1,0,1,0,597,1,15,Matches
403,Kei Kamara,sl SLE,FW,FC Cincinnati,41-057,1984,8.7,185,180,5,0,1,1,2,2,0,0,0,0,135,0,5,Matches
404,Bernard Kamungo,us USA,"DF,FW",FC Dallas,23-300,2002,17.5,482,429,51,4,0,3,29,44,0,0,0,0,367,2,21,Matches
405,Bibi Karamoko,us USA,FW,D.C. United,19-361,2005,0.2,5,5,0,0,0,0,0,0,0,0,0,0,3,0,0,Matches
406,Alexandros Katranis,gr GRE,DF,Real Salt Lake,27-177,1998,20.4,1087,839,245,41,1,10,129,168,36,24,4,0,776,3,28,Matches
407,Mark-Anthony Kaye,ca CAN,MF,SJ Earthquakes,30-330,1994,11.3,572,555,12,9,0,6,10,3,0,0,0,0,463,5,6,Matches
408,Kim Kee-hee,kr KOR,DF,Seattle Sounders,36-107,1989,11.5,600,580,20,16,1,2,1,2,0,0,0,0,533,0,3,Matches
409,Kevin Kelsy,ve VEN,FW,Portland Timbers,21-093,2004,17.8,342,297,44,0,0,0,2,0,0,0,0,0,253,1,9,Matches
410,Ryan Kent,eng ENG,"FW,MF",Seattle Sounders,28-351,1996,6.0,303,296,6,1,2,2,19,4,1,0,0,0,247,1,6,Matches
411,Deandre Kerr,ca CAN,FW,Toronto FC,22-343,2002,9.8,129,118,10,0,0,2,2,1,0,0,0,0,86,1,6,Matches
412,Henry Kessler,us USA,DF,St. Louis,27-125,1998,15.3,735,703,31,23,1,0,1,6,0,0,0,0,669,1,3,Matches
413,Hosei Kijima,jp JPN,"MF,FW",D.C. United,23-119,2002,17.7,582,576,3,1,4,2,6,1,0,0,0,0,472,3,17,Matches
414,Benjamin Kikanovic,us USA,"DF,MF",SJ Earthquakes,25-295,2000,4.7,268,225,42,2,0,0,22,40,0,0,0,0,202,1,10,Matches
415,Peter Kingston,us USA,FW,Seattle Sounders,24-106,2001,0.1,3,3,0,0,0,0,0,0,0,0,0,0,1,0,0,Matches
416,Klauss,br BRA,FW,St. Louis,28-241,1997,26.8,606,552,51,2,4,2,9,5,0,0,0,0,438,3,19,Matches
417,Eric Klein,us USA,MF,NE Revolution,18-342,2006,0.0,5,5,0,0,0,0,0,0,0,0,0,0,2,0,1,Matches
418,Mateusz Klich,pl POL,MF,Atlanta Utd,35-137,1990,8.8,569,516,51,25,3,1,5,10,0,0,0,0,488,2,6,Matches
419,Žan Kolmanič,si SVN,"DF,MF",Austin,25-239,2000,8.1,425,338,85,10,2,1,71,45,30,15,6,0,295,2,5,Matches
420,Rominigue Kouamé,ml MLI,MF,Chicago Fire,28-315,1996,6.3,323,316,5,4,2,2,2,0,0,0,0,0,295,2,3,Matches
421,Sebastian Kowalczyk,pl POL,"FW,MF",Houston Dynamo,27-067,1998,16.6,609,593,14,3,0,2,28,6,4,0,0,0,507,2,22,Matches
422,Damir Kreilach,hr CRO,"FW,MF",Vancouver W'caps,36-195,1989,0.3,17,17,0,0,0,0,0,0,0,0,0,0,13,0,0,Matches
423,Theodore Ku-Dipietro,us USA,"FW,MF",Colorado Rapids,23-273,2002,12.7,487,479,5,0,5,1,25,5,0,0,0,0,368,3,14,Matches
424,Yuya Kubo,jp JPN,"MF,FW",FC Cincinnati,31-308,1993,7.3,250,233,15,4,0,3,7,8,2,1,0,0,203,2,5,Matches
425,Willy Kumado,gh GHA,DF,San Diego FC,23-012,2002,8.5,508,434,71,7,0,2,28,63,1,0,0,0,413,3,14,Matches
Rk,Player,Nation,Pos,Squad,Age,Born,90s,Att,Live,Dead,FK,TB,Sw,Crs,TI,CK,In,Out,Str,Cmp,Off,Blocks,Matches
426,Luca de la Torre,us USA,MF,San Diego FC,27-158,1998,23.5,1095,1058,32,5,2,1,35,7,15,9,0,0,903,5,33,Matches
427,Mathías Laborda,uy URU,DF,Vancouver W'caps,26-043,1999,24.2,1405,1241,163,36,2,14,34,123,0,0,0,0,1229,1,19,Matches
428,Luca Langoni,ar ARG,"FW,MF",NE Revolution,23-261,2002,18.1,542,502,37,13,1,2,67,16,6,3,0,0,401,3,23,Matches
429,Lassi Lappalainen,fi FIN,"DF,MF",Columbus Crew,27-065,1998,4.4,221,197,23,0,0,0,12,23,0,0,0,0,176,1,5,Matches
430,Oliver Larraz,us USA,MF,Colorado Rapids,24-042,2001,24.6,1084,1052,30,14,4,7,26,6,4,2,1,0,915,2,18,Matches
431,Richie Laryea,ca CAN,"DF,MF",Toronto FC,30-294,1995,13.9,492,429,63,13,0,0,4,50,0,0,0,0,410,0,10,Matches
432,Ariel Lassiter,cr CRC,"FW,MF",Portland Timbers,31-031,1994,5.9,233,204,28,8,0,4,42,3,17,14,2,0,166,1,6,Matches
433,Emmanuel Latte Lath,ci CIV,FW,Atlanta Utd,26-300,1999,24.4,381,361,19,0,1,1,3,0,0,0,0,0,262,1,11,Matches
434,Randall Leal,cr CRC,"MF,FW",D.C. United,28-287,1997,5.8,306,273,31,10,2,5,26,4,15,3,9,3,230,2,15,Matches
435,Tim Leibold,de GER,DF,Sporting KC,31-332,1993,9.7,500,408,90,18,1,5,50,59,12,8,4,0,407,2,16,Matches
436,Brooks Lennon,us USA,DF,Atlanta Utd,28-036,1997,17.3,968,811,155,19,1,7,102,124,12,11,1,0,764,2,20,Matches
437,Tucker Lepley,us USA,"MF,FW",LA Galaxy,23-284,2002,6.2,347,331,16,5,1,3,12,3,7,6,0,0,301,0,3,Matches
438,Beau Leroux,us USA,MF,SJ Earthquakes,22-058,2003,23.4,1170,1127,36,21,9,6,20,12,2,1,0,0,962,7,30,Matches
439,Danny Leyva,us USA,"MF,FW",Seattle Sounders,22-176,2003,7.8,646,607,37,13,1,4,30,5,18,4,10,0,551,2,10,Matches
440,Nick Lima,us USA,"MF,DF",SJ Earthquakes,30-345,1994,5.0,268,216,50,5,1,6,20,45,0,0,0,0,206,2,4,Matches
441,Ondřej Lingr,cz CZE,"FW,MF",Houston Dynamo,27-021,1998,19.8,552,509,42,13,0,2,38,11,5,1,3,0,470,1,16,Matches
442,Sebastian Lletget,us USA,MF,FC Dallas,33-055,1992,12.7,524,485,38,20,1,1,27,7,6,3,2,0,458,1,3,Matches
443,Hugo Lloris,fr FRA,GK,LAFC,38-306,1986,31.5,865,620,239,62,0,3,0,0,0,0,0,0,611,6,0,Matches
444,Saba Lobzhanidze,ge GEO,"FW,DF",Atlanta Utd,30-314,1994,21.5,618,537,77,10,2,2,109,18,49,40,5,0,422,4,30,Matches
445,Robin Lod,fi FIN,"MF,FW",Minnesota Utd,32-194,1993,27.3,1046,1010,32,6,6,0,16,6,3,2,1,0,879,4,19,Matches
446,Nicolás Lodeiro,uy URU,"FW,MF",Houston Dynamo,36-221,1989,6.4,420,385,32,14,2,0,33,3,14,5,4,0,321,3,7,Matches
447,Jasper Löffelsend,de GER,DF,San Diego FC,28-048,1997,6.7,371,319,52,7,2,2,19,44,0,0,0,0,298,0,10,Matches
448,Aaron Long,us USA,DF,LAFC,33-016,1992,14.1,1044,1022,21,15,0,6,0,4,0,0,0,0,987,1,3,Matches
449,Kevin Long,ie IRL,DF,Toronto FC,35-071,1990,21.0,953,905,45,35,0,10,0,0,0,0,0,0,796,3,5,Matches
450,Matthew Longstaff,eng ENG,"MF,FW",Toronto FC,25-221,2000,10.1,515,484,31,11,0,4,17,7,7,5,1,0,425,0,8,Matches
Rk,Player,Nation,Pos,Squad,Age,Born,90s,Att,Live,Dead,FK,TB,Sw,Crs,TI,CK,In,Out,Str,Cmp,Off,Blocks,Matches
451,Matthew Longstaff,eng ENG,MF,CF Montréal,25-221,2000,6.5,331,326,5,4,2,2,5,1,0,0,0,0,283,0,2,Matches
452,Antino Lopez,us USA,MF,Seattle Sounders,23-160,2002,0.0,0,0,0,0,0,0,0,0,0,0,0,0,0,0,0,Matches
453,Hernán López Muñoz,ar ARG,"MF,FW",SJ Earthquakes,25-051,2000,2.8,85,67,16,4,2,2,17,2,10,4,5,0,48,2,1,Matches
454,Victor Loturi,ca CAN,MF,CF Montréal,24-160,2001,27.8,1190,1110,74,36,1,2,8,10,2,0,0,0,1023,6,17,Matches
455,Evan Louro,us USA,GK,FC Cincinnati,29-282,1996,4.0,131,73,58,10,0,1,0,0,0,0,0,0,91,0,0,Matches
456,Daniel Lovitz,us USA,DF,Nashville SC,34-062,1991,30.2,1632,1368,254,31,2,8,55,223,0,0,0,0,1259,10,29,Matches
457,Eduard Löwen,de GER,MF,St. Louis,28-273,1997,15.5,1054,940,109,63,2,24,68,3,40,16,12,1,857,5,12,Matches
458,Hirving Lozano,mx MEX,FW,San Diego FC,30-090,1995,20.3,747,642,99,25,6,5,102,16,56,34,6,0,522,6,29,Matches
459,Gonzalo Luján,ar ARG,DF,Inter Miami,24-184,2001,19.4,1224,1178,45,16,0,6,5,25,0,0,0,0,1117,1,4,Matches
460,Jovan Lukić,rs SRB,MF,Philadelphia Union,23-281,2002,29.1,1396,1374,18,16,3,5,15,1,0,0,0,0,1160,4,22,Matches
461,Diego Luna,us USA,"MF,FW",Real Salt Lake,22-051,2003,25.2,1185,1062,117,44,8,11,69,9,39,21,12,0,940,6,28,Matches
462,Benjamin Lundt,de GER,GK,St. Louis,30-034,1995,9.0,291,182,109,28,0,1,0,0,0,0,0,0,214,0,0,Matches
463,Liam MacKenzie,ca CAN,FW,Vancouver W'caps,18-227,2007,0.7,10,7,2,0,0,0,0,0,0,0,0,0,8,1,0,Matches
464,Lukas MacNaughton,ca CAN,DF,D.C. United,30-234,1995,7.9,371,353,18,17,0,1,0,1,0,0,0,0,317,0,2,Matches
465,Jack Maher,us USA,DF,Nashville SC,26-000,1999,28.6,1777,1711,62,33,0,10,0,3,0,0,0,0,1635,4,4,Matches
466,Olwethu Makhanya,za RSA,DF,Philadelphia Union,21-181,2004,23.9,1065,1008,56,40,0,3,4,1,0,0,0,0,863,1,15,Matches
467,Adilson Malanda,fr FRA,DF,Charlotte,23-364,2001,32.2,2035,1957,75,56,1,49,2,8,0,0,0,0,1779,3,10,Matches
468,Alexis Manyoma,co COL,"FW,MF",Colorado Rapids,22-298,2003,0.5,27,24,3,0,0,0,3,3,0,0,0,0,19,0,0,Matches
469,J.T. Marcinkowski,us USA,GK,LA Galaxy,28-172,1997,3.0,114,94,18,4,0,0,0,0,0,0,0,0,88,2,0,Matches
470,AJ Marcucci,us USA,GK,NY Red Bulls,26-089,1999,2.0,69,55,14,4,0,0,0,0,0,0,0,0,46,0,0,Matches
471,Dominik Marczuk,pl POL,DF,FC Cincinnati,21-361,2003,2.4,91,80,11,2,0,1,6,9,0,0,0,0,66,0,2,Matches
472,Dominik Marczuk,pl POL,FW,Real Salt Lake,21-361,2003,9.6,326,314,12,1,1,4,42,11,0,0,0,0,200,0,13,Matches
473,Paul Marie,fr FRA,"FW,MF",SJ Earthquakes,30-218,1995,1.1,37,28,9,5,0,0,6,2,2,1,1,0,24,0,2,Matches
474,Adrián Marín,es ESP,DF,Orlando City,28-292,1997,3.6,182,158,24,7,1,0,2,16,0,0,0,0,152,0,2,Matches
475,Anthony Markanich,ph PHI,DF,Minnesota Utd,25-306,1999,21.1,623,586,36,3,0,3,19,33,0,0,0,0,462,1,16,Matches
Rk,Player,Nation,Pos,Squad,Age,Born,90s,Att,Live,Dead,FK,TB,Sw,Crs,TI,CK,In,Out,Str,Cmp,Off,Blocks,Matches
476,Idan Markovich,il ISR,FW,Charlotte,21-080,2004,20.1,350,322,28,1,3,0,1,1,0,0,0,0,276,0,11,Matches
477,Marlon,br BRA,DF,LAFC,30-051,1995,7.0,545,531,14,12,0,0,0,0,0,0,0,0,511,0,0,Matches
478,Jahkeele Marshall-Rutty,ca CAN,DF,Charlotte,21-134,2004,20.0,1105,947,157,18,0,4,31,139,0,0,0,0,946,1,21,Matches
479,Jahkeele Marshall-Rutty,ca CAN,"MF,DF",CF Montréal,21-134,2004,2.6,128,117,9,0,0,1,5,9,0,0,0,0,96,2,2,Matches
480,Alonso Martínez,cr CRC,FW,NYCFC,27-013,1998,27.7,368,341,26,0,3,0,5,1,0,0,0,0,262,1,17,Matches
481,David Martínez,ve VEN,FW,LAFC,19-263,2006,13.0,461,431,29,5,4,6,37,6,18,14,0,0,358,1,14,Matches
482,Josef Martínez,ve VEN,FW,SJ Earthquakes,32-162,1993,20.8,316,261,55,1,0,1,0,1,0,0,0,0,271,0,4,Matches
483,Thiago Martins,br BRA,DF,NYCFC,30-225,1995,30.0,2119,2048,70,66,0,12,2,2,0,0,0,0,1860,1,18,Matches
484,Jimmy Maurer,us USA,GK,Houston Dynamo,37-014,1988,1.3,42,33,9,2,0,0,0,1,0,0,0,0,25,0,0,Matches
485,Eric Maxim Choupo-Moting,cm CMR,FW,NY Red Bulls,36-219,1989,30.6,689,641,46,4,8,1,6,0,0,0,0,0,508,2,28,Matches
486,Andreas Maxsø,dk DEN,DF,Colorado Rapids,31-224,1994,32.0,1283,1247,33,27,1,0,2,1,0,0,0,0,1135,3,4,Matches
487,Salvatore Mazzaferro,ca CAN,DF,Atlanta Utd,24-017,2001,0.8,36,36,0,0,0,0,0,0,0,0,0,0,33,0,0,Matches
488,Olivier Mbaizo,cm CMR,DF,Philadelphia Union,28-074,1997,5.4,266,207,59,5,0,2,24,54,0,0,0,0,186,0,9,Matches
489,Kenji Mboma Dem,fr FRA,"DF,FW",FC Cincinnati,23-279,2002,0.9,31,28,2,0,0,0,0,2,0,0,0,0,25,1,1,Matches
490,John McCarthy,us USA,GK,NY Red Bulls,33-116,1992,1.0,31,26,5,0,0,0,0,0,0,0,0,0,17,0,0,Matches
491,John McCarthy,us USA,GK,LA Galaxy,33-116,1992,11.0,299,220,79,25,0,1,0,0,0,0,0,0,187,0,0,Matches
492,Jack McGlynn,us USA,"FW,MF",Houston Dynamo,22-113,2003,25.6,1764,1492,262,95,9,29,241,25,128,71,52,0,1397,10,24,Matches
493,Zac McGraw,ca CAN,DF,Portland Timbers,28-142,1997,2.7,117,114,3,2,0,0,0,0,0,0,0,0,104,0,2,Matches
494,Duncan McGuire,us USA,FW,Orlando City,24-265,2001,8.1,157,149,8,0,1,0,3,1,0,0,0,0,119,0,0,Matches
495,Paddy McNair,nir NIR,DF,San Diego FC,30-184,1995,19.0,1607,1512,93,43,2,10,2,10,0,0,0,0,1499,2,6,Matches
496,Brendan McSorley,us USA,FW,St. Louis,23-269,2002,3.1,65,64,1,1,2,0,5,0,0,0,0,0,43,0,0,Matches
497,Christopher McVey,se SWE,DF,San Diego FC,28-199,1997,31.7,2643,2560,78,54,3,24,11,14,0,0,0,0,2438,5,14,Matches
498,Loïc Mesanvi,tg TOG,"FW,DF",Minnesota Utd,22-022,2003,0.1,7,7,0,0,0,0,1,0,0,0,0,0,5,0,1,Matches
499,Lionel Messi,ar ARG,"FW,MF",Inter Miami,38-126,1987,26.9,1418,1288,121,39,44,4,60,7,66,28,6,1,1111,9,30,Matches
500,Wyatt Meyer,us USA,"MF,DF",Nashville SC,24-290,2001,2.6,132,123,8,3,0,0,1,5,0,0,0,0,115,1,1,Matches
Rk,Player,Nation,Pos,Squad,Age,Born,90s,Att,Live,Dead,FK,TB,Sw,Crs,TI,CK,In,Out,Str,Cmp,Off,Blocks,Matches
501,Matt Miazga,us USA,DF,FC Cincinnati,30-101,1995,17.0,1018,979,37,33,0,3,0,2,0,0,0,0,918,2,2,Matches
502,Novak Mićović,rs SRB,GK,LA Galaxy,24-003,2001,20.0,614,460,153,42,0,0,0,0,0,0,0,0,438,1,0,Matches
503,Alex Mighten,eng ENG,FW,San Diego FC,23-200,2002,11.7,244,240,3,0,0,1,15,0,2,0,0,0,188,1,10,Matches
504,Djordje Mihailovic,us USA,"MF,FW",Toronto FC,26-352,1998,9.8,347,269,77,18,0,0,73,4,47,21,24,0,253,1,4,Matches
505,Djordje Mihailovic,us USA,"MF,FW",Colorado Rapids,26-352,1998,22.8,935,711,215,66,11,2,175,35,109,40,58,0,615,9,22,Matches
506,Enea Mihaj,al ALB,DF,Atlanta Utd,27-115,1998,7.0,456,433,23,16,0,6,0,2,0,0,0,0,411,0,4,Matches
507,Eric Miller,us USA,"DF,MF",Portland Timbers,32-286,1993,4.8,233,191,42,3,0,0,8,39,0,0,0,0,173,0,5,Matches
508,Harbor Miller,us USA,"FW,DF",LA Galaxy,18-129,2007,7.1,277,257,19,1,0,0,12,18,0,0,0,0,215,1,10,Matches
509,Jansen Miller,us USA,DF,Sporting KC,23-260,2002,25.6,1070,1016,48,37,2,23,2,8,0,0,0,0,860,6,7,Matches
510,Kamal Miller,ca CAN,DF,Portland Timbers,28-165,1997,20.9,1294,1244,48,36,0,10,3,4,0,0,0,0,1143,2,7,Matches
511,Peyton Miller,us USA,DF,NE Revolution,17-354,2007,23.0,977,827,148,14,2,11,71,134,0,0,0,0,757,2,17,Matches
512,Georgi Minoungou,bf BFA,"FW,MF",Seattle Sounders,23-095,2002,8.1,319,309,8,0,1,1,41,4,3,0,0,0,242,2,7,Matches
513,Aleksei Miranchuk,ru RUS,"MF,FW",Atlanta Utd,30-011,1995,30.5,1453,1319,122,30,14,9,122,10,67,57,4,0,1135,12,19,Matches
514,Shakur Mohammed,gh GHA,"FW,MF",Orlando City,22-062,2003,0.1,3,3,0,0,0,0,0,0,0,0,0,0,3,0,0,Matches
515,Zane Monlouis,eng ENG,DF,Toronto FC,22-012,2003,5.7,322,309,13,6,0,6,0,6,0,0,0,0,275,0,6,Matches
516,Alán Montes,mx MEX,DF,Sporting KC,25-002,2000,5.1,353,344,9,9,0,6,1,0,0,0,0,0,316,0,0,Matches
517,Shaq Moore,us USA,"DF,MF",FC Dallas,28-360,1996,31.4,1173,980,188,16,1,5,76,171,1,1,0,0,911,5,26,Matches
518,Felipe Mora,cl CHI,FW,Portland Timbers,32-087,1993,18.5,427,383,41,2,4,4,7,3,0,0,0,0,305,3,16,Matches
519,Alfredo Morales,us USA,MF,St. Louis,35-169,1990,12.2,594,576,15,14,4,4,9,1,0,0,0,0,495,3,8,Matches
520,Efrain Morales,bo BOL,DF,Atlanta Utd,21-238,2004,4.5,371,367,4,4,0,1,0,0,0,0,0,0,350,0,1,Matches
521,Efrain Morales,bo BOL,DF,CF Montréal,21-238,2004,5.4,352,333,19,5,0,0,0,1,0,0,0,0,319,0,1,Matches
522,Marcelo Morales,cl CHI,DF,NY Red Bulls,22-144,2003,2.0,121,88,33,1,0,1,21,22,10,8,1,0,84,0,5,Matches
523,Santi Morales,us USA,"MF,DF",Inter Miami,18-261,2007,0.3,38,36,2,1,0,0,0,0,1,0,0,0,36,0,0,Matches
524,Maximiliano Moralez,ar ARG,MF,NYCFC,38-243,1987,30.5,1918,1695,219,64,11,8,139,26,82,51,9,3,1467,4,48,Matches
525,Andrew Moran,ie IRL,"MF,FW",LAFC,22-013,2003,3.5,164,160,3,2,2,0,1,1,0,0,0,0,140,1,8,Matches
Rk,Player,Nation,Pos,Squad,Age,Born,90s,Att,Live,Dead,FK,TB,Sw,Crs,TI,CK,In,Out,Str,Cmp,Off,Blocks,Matches
526,Steven Moreira,cv CPV,DF,Columbus Crew,31-076,1994,27.3,1963,1807,152,57,4,7,32,93,0,0,0,0,1745,4,34,Matches
527,Santiago Moreno,co COL,"FW,MF",Portland Timbers,25-190,2000,18.8,858,768,86,26,11,8,76,7,52,19,23,0,638,4,23,Matches
528,Lewis Morgan,sct SCO,"MF,FW",NY Red Bulls,29-028,1996,1.6,50,48,1,0,0,1,4,1,0,0,0,0,36,1,0,Matches
529,Jordan Morris,us USA,FW,Seattle Sounders,31-002,1994,8.4,171,157,11,1,0,0,1,1,0,0,0,0,122,3,5,Matches
530,Edwin Mosquera,co COL,"FW,DF",Atlanta Utd,24-123,2001,1.7,79,76,3,0,0,2,14,2,1,1,0,0,47,0,6,Matches
531,Rafael Mosquera,pa PAN,MF,NY Red Bulls,20-157,2005,0.1,3,1,2,0,0,0,0,2,0,0,0,0,3,0,0,Matches
532,Cole Mrowka,us USA,MF,Columbus Crew,19-205,2006,0.3,31,29,2,1,0,0,1,0,1,0,0,0,28,0,1,Matches
533,Hany Mukhtar,de GER,"FW,MF",Nashville SC,30-221,1995,33.3,1444,1189,243,42,9,3,198,10,135,57,63,1,1134,12,36,Matches
534,Thomas Müller,de GER,MF,Vancouver W'caps,36-045,1989,6.0,335,312,21,3,5,2,17,10,0,0,0,0,244,2,18,Matches
535,Daniel Munie,us USA,DF,SJ Earthquakes,25-260,2000,22.1,1236,1172,57,43,2,2,3,9,0,0,0,0,1051,7,8,Matches
536,Santiago Muñóz,mx MEX,"MF,FW",Sporting KC,23-075,2002,9.7,349,338,11,3,0,1,5,4,0,0,0,0,307,0,4,Matches
537,Luis Muriel,co COL,FW,Orlando City,34-195,1991,23.4,692,636,53,5,13,1,40,3,14,6,8,0,478,3,20,Matches
538,Ian Murphy,us USA,DF,Colorado Rapids,25-285,2000,11.6,497,456,40,3,0,0,4,31,0,0,0,0,410,1,9,Matches
539,Jacob Murrell,us USA,"FW,MF",D.C. United,21-213,2004,9.8,169,162,6,0,0,1,15,3,0,0,0,0,86,1,8,Matches
540,Petar Musa,hr CRO,FW,FC Dallas,27-238,1998,25.5,762,720,35,2,11,7,11,6,1,0,0,0,502,7,14,Matches
541,Daniel Musovski,us USA,FW,Seattle Sounders,29-332,1995,17.4,260,235,24,2,0,0,0,0,0,0,0,0,204,1,7,Matches
542,Sebastiano Musu,it ITA,FW,NYCFC,25-018,2000,0.2,5,5,0,0,0,0,0,0,0,0,0,0,5,0,0,Matches
543,Alex Muyl,us USA,"MF,FW",Nashville SC,30-028,1995,24.8,681,657,17,0,3,2,21,17,0,0,0,0,511,7,34,Matches
544,Tristan Muyumba,fr FRA,MF,Atlanta Utd,28-235,1997,13.2,741,718,23,11,7,1,1,1,0,0,0,0,666,0,7,Matches
545,Darlington Nagbe,us USA,MF,Columbus Crew,35-101,1990,28.8,1596,1552,42,34,2,0,2,2,0,0,0,0,1525,2,12,Matches
546,Andy Najar,hn HON,DF,Nashville SC,32-226,1993,28.2,1893,1619,268,41,6,14,59,227,0,0,0,0,1556,6,29,Matches
547,Matheus Nascimento,br BRA,FW,LA Galaxy,21-239,2004,13.0,199,176,22,0,1,0,1,0,0,0,0,0,133,1,10,Matches
548,Rafael Navarro,br BRA,FW,Colorado Rapids,25-197,2000,29.6,650,617,27,2,14,4,19,0,1,0,0,0,422,6,27,Matches
549,Logan Ndenbe,be BEL,DF,Sporting KC,25-261,2000,22.1,1260,1052,203,30,1,5,63,173,0,0,0,0,1031,5,35,Matches
550,Jalen Neal,us USA,DF,CF Montréal,22-065,2003,10.6,651,627,23,11,0,2,0,3,0,0,0,0,585,1,5,Matches
Rk,Player,Nation,Pos,Squad,Age,Born,90s,Att,Live,Dead,FK,TB,Sw,Crs,TI,CK,In,Out,Str,Cmp,Off,Blocks,Matches
551,Dylan Nealis,us USA,DF,NY Red Bulls,27-090,1998,12.1,765,639,122,15,2,9,30,107,0,0,0,0,582,4,23,Matches
552,Sean Nealis,us USA,DF,NY Red Bulls,28-288,1997,20.4,1213,1174,37,27,0,2,1,10,0,0,0,0,1077,2,2,Matches
553,Jack Neeley,us USA,DF,Charlotte,20-231,2005,0.0,3,1,2,0,0,0,0,2,0,0,0,0,2,0,1,Matches
554,Franco Negri,ar ARG,DF,San Diego FC,30-250,1995,7.3,577,516,61,2,0,2,24,59,0,0,0,0,464,0,12,Matches
555,Jayden Nelson,ca CAN,FW,Vancouver W'caps,23-032,2002,14.7,381,362,19,3,1,4,32,11,5,2,1,0,293,0,10,Matches
556,John Nelson,us USA,DF,LA Galaxy,27-109,1998,22.7,1243,1097,146,27,0,3,12,119,0,0,0,0,1058,0,16,Matches
557,Jean-Claude Ngando,cm CMR,"MF,FW",Vancouver W'caps,25-342,1999,14.0,556,537,18,8,4,1,11,4,1,1,0,0,475,1,17,Matches
558,Serge Ngoma,us USA,"FW,MF",NY Red Bulls,20-111,2005,7.0,139,138,0,0,2,0,4,0,0,0,0,0,88,1,9,Matches
559,Kenneth Nielsen,us USA,DF,LAFC,23-257,2002,1.0,110,107,3,2,0,0,0,1,0,0,0,0,104,0,0,Matches
560,Joakim Nilsson,se SWE,"DF,MF",St. Louis,31-264,1994,1.5,105,98,7,3,0,0,1,4,0,0,0,0,90,0,3,Matches
561,Nolan Norris,us USA,"DF,MF",FC Dallas,20-253,2005,7.1,389,344,45,7,0,2,7,38,0,0,0,0,305,0,8,Matches
562,Tsiki Ntsabeleng,za RSA,MF,FC Dallas,27-261,1998,3.7,161,158,2,0,0,0,1,2,0,0,0,0,128,1,3,Matches
563,Obinna Nwobodo,ng NGA,MF,FC Cincinnati,28-333,1996,9.6,466,461,4,4,0,1,2,0,0,0,0,0,398,1,5,Matches
564,Aiden O'Neill,au AUS,MF,NYCFC,27-116,1998,16.7,952,928,23,21,2,5,8,1,1,0,0,0,837,1,15,Matches
565,Kevin O'Toole,us USA,DF,NYCFC,26-318,1998,21.0,1393,1202,186,26,1,0,42,160,0,0,0,0,1162,5,34,Matches
566,Allen Obando,ec ECU,FW,Inter Miami,19-137,2006,1.7,32,29,3,0,0,0,0,0,0,0,0,0,23,0,0,Matches
567,Jáder Obrian,co COL,"FW,MF",Austin,30-163,1995,10.2,253,245,7,3,2,0,14,2,1,0,0,0,174,1,13,Matches
568,Édier Ocampo,co COL,DF,Vancouver W'caps,22-025,2003,24.1,1181,1070,110,7,1,4,96,103,0,0,0,0,945,1,31,Matches
569,David Ochoa,us USA,GK,LAFC,24-285,2001,1.0,23,18,5,0,0,0,0,0,0,0,0,0,20,0,0,Matches
570,Agustin Ojeda,ar ARG,"FW,MF",NYCFC,21-131,2004,14.9,610,597,13,0,5,2,34,8,5,4,0,0,482,0,22,Matches
571,Braian Ojeda,py PAR,MF,Real Salt Lake,25-123,2000,23.4,1258,1227,27,24,3,13,20,3,0,0,0,0,1101,4,15,Matches
572,Martín Ojeda,ar ARG,"MF,FW",Orlando City,26-335,1998,29.8,1303,1139,156,47,8,24,171,9,80,7,64,1,1018,8,30,Matches
573,Victor Olatunji,ng NGA,FW,Real Salt Lake,26-053,1999,7.1,112,105,6,0,0,1,2,0,0,0,0,0,81,1,3,Matches
574,Salvador Olivas,us USA,FW,Philadelphia Union,19-109,2006,0.5,8,8,0,0,0,0,0,0,0,0,0,0,5,0,1,Matches
575,Toyosi Olusanya,eng ENG,"FW,MF",Houston Dynamo,28-014,1997,0.6,16,16,0,0,0,0,1,0,0,0,0,0,11,0,1,Matches
Rk,Player,Nation,Pos,Squad,Age,Born,90s,Att,Live,Dead,FK,TB,Sw,Crs,TI,CK,In,Out,Str,Cmp,Off,Blocks,Matches
576,Tani Oluwaseyi,ca CAN,"FW,MF",Minnesota Utd,25-166,2000,20.6,369,358,6,0,2,1,7,1,0,0,0,0,249,5,15,Matches
577,Wyatt Omsberg,us USA,DF,NE Revolution,30-037,1995,4.4,244,241,2,2,0,1,0,0,0,0,0,0,218,1,2,Matches
578,Kwadwo Opoku,gh GHA,"FW,MF",CF Montréal,24-107,2001,2.1,58,52,6,1,0,0,2,4,0,0,0,0,45,0,2,Matches
579,Nathan Ordaz,sv SLV,FW,LAFC,21-289,2004,14.6,399,386,12,0,2,0,13,3,0,0,0,0,326,1,14,Matches
580,Sergio Oregel,us USA,MF,Chicago Fire,20-165,2005,22.7,1398,1348,44,17,5,7,5,7,0,0,0,0,1270,6,15,Matches
581,Luca Orellano,ar ARG,"DF,FW",FC Cincinnati,25-220,2000,21.3,940,817,120,16,6,9,101,59,44,34,2,0,708,3,23,Matches
582,Jaziel Orozco,us USA,DF,St. Louis,21-148,2004,5.9,316,279,37,6,0,0,4,31,0,0,0,0,280,0,0,Matches
583,Pablo Ortiz,co COL,DF,Houston Dynamo,25-142,2000,15.5,831,763,67,25,0,0,0,2,0,0,0,0,745,1,3,Matches
584,Harold Osorio,sv SLV,MF,Chicago Fire,22-069,2003,0.0,1,1,0,0,0,0,0,0,0,0,0,0,0,0,0,Matches
585,Jonathan Osorio,ca CAN,MF,Toronto FC,33-138,1992,21.3,960,884,71,44,4,2,16,12,10,4,6,0,835,5,13,Matches
586,Tomáš Ostrák,cz CZE,MF,St. Louis,25-265,2000,11.3,600,579,21,15,0,6,7,6,0,0,0,0,538,0,12,Matches
587,Javier Otero,ve VEN,GK,Orlando City,22-344,2002,2.0,43,23,20,9,0,0,0,0,0,0,0,0,38,0,0,Matches
588,Prince Owusu,de GER,FW,CF Montréal,28-294,1997,31.3,638,591,42,2,5,2,10,5,0,0,0,0,416,5,38,Matches
589,Allan Oyirwoth,ug UGA,MF,NE Revolution,18-278,2007,3.2,164,161,2,2,0,1,1,0,0,0,0,0,135,1,8,Matches
590,Devin Padelford,us USA,DF,Minnesota Utd,22-298,2003,1.2,33,30,2,0,0,0,1,2,0,0,0,0,21,1,1,Matches
591,Devin Padelford,us USA,DF,St. Louis,22-298,2003,8.3,386,301,83,4,0,1,25,79,0,0,0,0,289,2,9,Matches
592,Maarten Paes,id IDN,GK,FC Dallas,27-167,1998,22.0,695,479,211,67,0,0,0,0,0,0,0,0,510,5,0,Matches
593,Joseph Paintsil,gh GHA,FW,LA Galaxy,27-269,1998,21.9,682,642,39,7,1,9,44,15,14,4,0,1,530,1,22,Matches
594,Nelson Palacio,co COL,MF,Real Salt Lake,24-134,2001,6.5,361,356,4,2,1,14,0,2,0,0,0,0,315,1,1,Matches
595,Jeison Palacios,co COL,DF,Nashville SC,31-222,1994,20.3,1333,1285,46,30,0,8,2,2,0,0,0,0,1212,2,11,Matches
596,Sergi Palencia,es ESP,"DF,MF",LAFC,29-219,1996,31.2,2051,1820,227,29,0,6,68,198,0,0,0,0,1705,4,45,Matches
597,James Pantemis,ca CAN,GK,Portland Timbers,28-249,1997,19.0,754,562,187,56,0,2,0,0,0,0,0,0,594,5,1,Matches
598,Cristhian Paredes,py PAR,MF,Portland Timbers,27-163,1998,11.3,596,584,10,7,0,5,8,3,0,0,0,0,483,2,8,Matches
599,Isaiah Parente,us USA,MF,LA Galaxy,25-226,2000,11.7,780,751,27,18,1,13,13,3,6,4,2,0,686,2,5,Matches
600,Tim Parker,us USA,DF,NY Red Bulls,32-247,1993,9.6,660,641,17,14,0,3,0,0,0,0,0,0,587,2,0,Matches
Rk,Player,Nation,Pos,Squad,Age,Born,90s,Att,Live,Dead,FK,TB,Sw,Crs,TI,CK,In,Out,Str,Cmp,Off,Blocks,Matches
601,Keaton Parks,us USA,MF,NYCFC,28-083,1997,9.8,596,584,11,6,2,1,3,5,0,0,0,0,488,1,8,Matches
602,Marco Pašalić,hr CRO,"MF,FW",Orlando City,25-044,2000,28.5,904,850,48,3,12,18,44,12,33,18,0,0,710,6,18,Matches
603,João Paulo Mior,br BRA,MF,Seattle Sounders,34-234,1991,5.3,475,443,29,26,1,1,6,2,1,0,0,0,414,3,7,Matches
604,Tom Pearce,eng ENG,"MF,DF",CF Montréal,27-199,1998,10.1,411,347,63,21,1,1,86,26,16,6,8,0,266,1,18,Matches
605,Tyson Pearce,us USA,"MF,DF",St. Louis,18-077,2007,0.3,20,20,0,0,0,0,0,0,0,0,0,0,19,0,0,Matches
606,Pedrinho,br BRA,"FW,MF",FC Dallas,22-193,2003,10.4,404,363,37,11,8,5,29,3,19,5,10,0,293,4,9,Matches
607,Peglow,br BRA,"FW,MF",D.C. United,23-294,2002,18.8,811,746,60,21,5,8,54,13,25,17,7,0,597,5,28,Matches
608,Amahl Pellegrino,no NOR,FW,San Diego FC,35-132,1990,3.6,76,70,6,3,0,1,3,0,2,1,0,0,57,0,0,Matches
609,Amahl Pellegrino,no NOR,"MF,FW",SJ Earthquakes,35-132,1990,5.4,150,146,3,0,1,0,3,3,0,0,0,0,109,1,7,Matches
610,Matti Peltola,fi FIN,"MF,DF",D.C. United,23-117,2002,17.0,655,617,36,25,0,9,3,8,1,0,1,0,574,2,3,Matches
611,Andrés Perea,us USA,"MF,FW",NYCFC,24-348,2000,18.5,766,757,8,6,3,4,6,1,0,0,0,0,614,1,17,Matches
612,Daniel Pereira,ve VEN,MF,Austin,25-106,2000,23.0,1345,1277,58,23,2,12,44,6,12,2,8,0,1186,10,16,Matches
613,Joaquín Pereyra,ar ARG,"MF,FW",Minnesota Utd,26-331,1998,28.5,1336,1143,179,60,15,20,159,11,94,36,52,0,949,14,28,Matches
614,Jonathan Perez,mx MEX,"FW,MF",Nashville SC,22-283,2003,9.5,273,270,2,0,2,3,14,2,0,0,0,0,220,1,12,Matches
615,Nikola Petković,rs SRB,MF,Charlotte,22-247,2003,1.1,39,37,1,0,0,0,0,1,0,0,0,0,31,1,1,Matches
616,Luca Petrasso,ca CAN,DF,CF Montréal,25-134,2000,30.1,1504,1288,212,24,1,5,74,184,1,1,0,0,1211,4,29,Matches
617,Raoul Petretta,it ITA,DF,Toronto FC,28-218,1997,20.5,930,765,162,33,1,4,13,129,0,0,0,0,755,3,23,Matches
618,Hugo Picard,fr FRA,"MF,FW",Columbus Crew,22-172,2003,5.6,190,185,4,0,1,0,4,1,1,0,1,0,156,1,8,Matches
619,Fafà Picault,ht HAI,"FW,MF",Inter Miami,34-247,1991,8.4,256,249,6,0,0,1,26,4,1,0,0,0,192,1,5,Matches
620,Neil Pierre,us USA,FW,Philadelphia Union,18-009,2007,0.2,9,8,1,0,0,0,0,1,0,0,0,0,9,0,0,Matches
621,Nelson Pierre,ht HAI,FW,Vancouver W'caps,20-220,2005,0.4,7,7,0,0,0,0,0,0,0,0,0,0,7,0,0,Matches
622,Samuel Piette,ca CAN,MF,CF Montréal,30-350,1994,17.1,850,825,23,19,0,1,1,4,0,0,0,0,747,2,7,Matches
623,Ian Pilcher,us USA,DF,San Diego FC,22-221,2003,10.2,830,785,43,26,0,1,3,15,0,0,0,0,770,2,4,Matches
624,Mauricio Pineda,us USA,MF,Chicago Fire,28-011,1997,16.9,1010,982,25,25,1,12,1,0,0,0,0,0,905,3,14,Matches
625,Dániel Pintér,us USA,MF,Inter Miami,18-144,2007,0.2,2,2,0,0,0,0,0,0,0,0,0,0,1,0,0,Matches
Rk,Player,Nation,Pos,Squad,Age,Born,90s,Att,Live,Dead,FK,TB,Sw,Crs,TI,CK,In,Out,Str,Cmp,Off,Blocks,Matches
626,Ariath Piol,au AUS,"FW,MF",Real Salt Lake,21-017,2004,10.0,148,141,7,0,0,0,2,1,0,0,0,0,115,0,1,Matches
627,Gabriel Pirani,br BRA,"MF,FW",D.C. United,23-199,2002,21.0,672,616,52,6,7,2,12,4,3,1,1,1,550,4,17,Matches
628,Matt Polster,us USA,MF,NE Revolution,32-142,1993,25.7,1553,1492,60,43,0,24,2,17,0,0,0,0,1416,1,17,Matches
629,Célio Pompeu,br BRA,"FW,MF",St. Louis,25-322,1999,16.4,518,488,27,5,2,1,64,18,4,0,1,0,368,3,19,Matches
630,Paxton Pomykal,us USA,MF,FC Dallas,25-315,1999,0.5,32,31,1,0,0,0,1,1,0,0,0,0,26,0,0,Matches
631,Ezequiel Ponce,ar ARG,FW,Houston Dynamo,28-213,1997,29.7,497,459,37,0,3,0,4,0,0,0,0,0,400,1,10,Matches
632,Ryan Porteous,sct SCO,DF,LAFC,26-217,1999,9.1,583,539,43,20,0,6,2,21,0,0,0,0,529,1,3,Matches
633,Alvas Powell,jm JAM,DF,FC Cincinnati,31-102,1994,9.6,514,436,77,18,0,3,13,59,0,0,0,0,407,1,11,Matches
634,Ralph Priso-Mbongue,ca CAN,"MF,DF",Vancouver W'caps,23-087,2002,15.4,849,821,26,15,5,5,6,4,3,2,0,0,773,2,7,Matches
635,Andrew Privett,us USA,DF,Charlotte,25-087,2000,20.0,1231,1178,52,27,1,6,1,1,0,0,0,0,1101,1,1,Matches
636,John Pulskamp,us USA,GK,Sporting KC,24-192,2001,34.0,978,594,383,121,0,3,0,0,0,0,0,0,607,1,0,Matches
637,Ahmed Qasem,se SWE,"FW,MF",Nashville SC,22-108,2003,13.6,353,340,10,2,0,3,17,5,3,1,0,0,273,3,15,Matches
638,Nelson Quiñones,co COL,MF,Houston Dynamo,23-069,2002,0.1,3,3,0,0,0,0,1,0,0,0,0,0,2,0,0,Matches
639,Philip Quinton,us USA,DF,Real Salt Lake,25-346,1999,9.0,517,484,30,14,0,4,2,13,0,0,0,0,464,3,3,Matches
640,Nemanja Radoja,rs SRB,MF,Sporting KC,32-264,1993,12.2,709,689,20,17,1,8,1,2,0,0,0,0,610,0,11,Matches
641,Jeremy Rafanello,us USA,MF,Philadelphia Union,25-197,2000,3.2,113,102,11,2,0,0,6,8,1,0,1,0,87,0,4,Matches
642,Jackson Ragen,us USA,DF,Seattle Sounders,27-034,1998,21.3,1610,1538,71,58,1,9,2,3,0,0,0,0,1497,1,6,Matches
643,Brooklyn Raines,us USA,MF,Houston Dynamo,20-231,2005,18.8,909,875,32,24,0,1,2,7,0,0,0,0,834,2,13,Matches
644,Anthony Ramirez,us USA,MF,FC Dallas,19-310,2005,0.0,8,7,1,1,0,0,0,0,0,0,0,0,8,0,0,Matches
645,Christian Ramirez,us USA,"FW,MF",LA Galaxy,34-207,1991,10.2,170,147,22,1,2,2,2,1,0,0,0,0,121,1,3,Matches
646,Rubén Ramos,us USA,"MF,FW",LA Galaxy,18-279,2007,1.4,43,43,0,0,0,0,1,0,0,0,0,0,38,0,1,Matches
647,Alisa Randell,lr LBR,"MF,DF",Minnesota Utd,18-064,2007,0.7,7,7,0,0,0,0,1,0,0,0,0,0,6,0,0,Matches
648,Ryan Raposo,ca CAN,"MF,DF",LAFC,26-237,1999,0.2,24,23,1,0,0,0,1,0,1,0,0,0,22,0,0,Matches
649,Tim Ream,us USA,DF,Charlotte,38-023,1987,24.5,1502,1346,154,48,0,3,8,64,0,0,0,0,1349,2,5,Matches
650,Federico Redondo,ar ARG,MF,Inter Miami,22-283,2003,9.8,762,749,12,6,1,7,2,6,0,0,0,0,674,1,5,Matches
Rk,Player,Nation,Pos,Squad,Age,Born,90s,Att,Live,Dead,FK,TB,Sw,Crs,TI,CK,In,Out,Str,Cmp,Off,Blocks,Matches
651,Jayden Reid,us USA,DF,St. Louis,24-059,2001,5.0,249,221,27,4,0,0,6,23,0,0,0,0,218,1,2,Matches
652,Seymour Reid,jm JAM,FW,NYCFC,17-238,2008,0.9,28,28,0,0,1,1,0,0,0,0,0,0,22,0,1,Matches
653,William Reilly,us USA,MF,Atlanta Utd,22-329,2002,5.5,285,275,9,3,0,0,3,1,0,0,0,0,242,1,9,Matches
654,Marco Reus,de GER,"MF,FW",LA Galaxy,36-150,1989,16.5,881,782,90,23,3,3,52,4,42,12,14,0,733,9,13,Matches
655,Andrés Reyes,co COL,DF,San Diego FC,26-050,1999,0.5,46,45,1,1,0,0,0,0,0,0,0,0,45,0,0,Matches
656,Justin Reynolds,us USA,"DF,MF",Chicago Fire,21-085,2004,1.6,99,80,19,1,0,0,4,18,0,0,0,0,78,0,3,Matches
657,Alvaro Ribeiro,pt POR,DF,FC Dallas,20-194,2005,4.1,120,115,4,4,0,2,0,0,0,0,0,0,105,1,1,Matches
658,Andrew Rick,us USA,GK,Philadelphia Union,19-271,2006,13.7,353,209,142,36,0,0,0,0,0,0,0,0,196,2,1,Matches
659,Jamar Ricketts,us USA,"DF,MF",SJ Earthquakes,24-004,2001,10.2,414,325,88,13,2,1,28,74,1,1,0,0,313,1,12,Matches
660,Kalani Rienzi,us USA,"DF,MF",Seattle Sounders,23-123,2002,15.7,757,653,100,11,5,2,28,89,0,0,0,0,618,4,14,Matches
661,Chris Rindov,us USA,DF,LA Galaxy,24-020,2001,5.7,332,316,16,15,0,2,0,0,0,0,0,0,296,0,3,Matches
662,Rocco Ríos Novo,ar ARG,GK,Inter Miami,23-146,2002,8.8,331,286,45,8,0,0,0,0,0,0,0,0,303,0,0,Matches
663,Birk Risa,no NOR,DF,NYCFC,27-257,1998,11.7,779,671,106,21,1,12,9,61,0,0,0,0,633,2,5,Matches
664,Reid Roberts,us USA,DF,SJ Earthquakes,21-323,2003,9.9,500,469,30,9,0,2,5,21,0,0,0,0,424,1,7,Matches
665,Miles Robinson,us USA,DF,FC Cincinnati,28-228,1997,25.1,1636,1585,49,37,1,10,3,10,0,0,0,0,1441,2,6,Matches
666,Stian Rode Gregersen,no NOR,DF,Atlanta Utd,30-164,1995,15.2,831,808,19,15,0,2,2,3,0,0,0,0,745,4,2,Matches
667,Rodrigues,br BRA,DF,SJ Earthquakes,28-018,1997,16.5,953,872,80,39,7,8,10,41,0,0,0,0,764,1,13,Matches
668,Baltasar Rodríguez,ar ARG,"MF,FW",Inter Miami,22-111,2003,6.8,351,340,11,2,2,4,5,3,6,1,0,0,314,0,5,Matches
669,Jonathan Rodríguez,uy URU,FW,Portland Timbers,32-114,1993,1.7,57,56,0,0,0,0,1,0,0,0,0,0,42,1,0,Matches
670,Memo Rodriguez,us USA,MF,Sporting KC,29-305,1995,7.3,428,380,48,16,2,12,41,2,30,15,13,0,344,0,4,Matches
671,Nicolás Rodríguez,co COL,"MF,FW",Orlando City,21-186,2004,2.4,81,74,5,0,0,0,5,0,5,1,2,0,66,2,0,Matches
672,Sam Rogers,us USA,DF,Chicago Fire,26-164,1999,18.9,1168,1092,76,47,0,6,0,15,0,0,0,0,1081,0,6,Matches
673,Matías Rojas,py PAR,"MF,FW",Portland Timbers,29-359,1995,3.9,177,150,25,4,2,5,26,1,20,11,6,1,121,2,3,Matches
674,Alex Roldan,sv SLV,"DF,MF",Seattle Sounders,29-092,1996,23.5,1577,1405,162,15,2,17,49,146,0,0,0,0,1332,10,22,Matches
675,Cristian Roldan,us USA,MF,Seattle Sounders,30-147,1995,29.2,2073,2023,44,34,7,20,21,10,0,0,0,0,1829,6,19,Matches
Rk,Player,Nation,Pos,Squad,Age,Born,90s,Att,Live,Dead,FK,TB,Sw,Crs,TI,CK,In,Out,Str,Cmp,Off,Blocks,Matches
676,Nicolás Romero,ar ARG,DF,Minnesota Utd,21-334,2003,23.6,919,809,109,16,1,10,3,90,0,0,0,0,711,1,18,Matches
677,Tomas Romero,sv SLV,GK,NYCFC,24-313,2000,3.3,105,78,25,2,0,0,0,0,0,0,0,0,89,2,0,Matches
678,David Romney,us USA,DF,SJ Earthquakes,32-138,1993,29.7,1594,1553,38,29,1,14,17,8,0,0,0,0,1350,3,8,Matches
679,Connor Ronan,ie IRL,MF,Colorado Rapids,27-236,1998,11.3,878,812,64,34,4,8,52,8,17,6,7,0,741,2,17,Matches
680,Anderson Rosa,br BRA,DF,Colorado Rapids,23-349,2001,0.3,18,14,4,0,0,0,0,4,0,0,0,0,14,0,0,Matches
681,Joseph Rosales,hn HON,"DF,MF",Minnesota Utd,24-356,2000,16.1,649,579,68,17,1,3,71,32,19,14,1,0,480,2,22,Matches
682,Keegan Rosenberry,us USA,DF,Colorado Rapids,31-321,1993,11.7,540,425,114,14,1,0,17,100,0,0,0,0,389,1,11,Matches
683,Daniel Rosero,co COL,DF,Sporting KC,32-022,1993,2.0,101,97,4,4,0,0,0,0,0,0,0,0,89,0,0,Matches
684,Diego Rossi,uy URU,"FW,MF",Columbus Crew,27-237,1998,27.7,1149,1038,101,19,7,1,85,0,64,25,13,0,899,10,49,Matches
685,Sigurd Rosted,no NOR,DF,Toronto FC,31-098,1994,28.1,1230,1178,51,38,0,12,1,0,0,0,0,0,1026,1,6,Matches
686,Paul Rothrock,us USA,"FW,MF",Seattle Sounders,26-292,1999,24.0,809,728,77,6,2,2,79,68,3,0,0,0,610,4,28,Matches
687,Kye Rowles,au AUS,DF,D.C. United,27-126,1998,29.8,1523,1480,41,35,1,8,1,3,0,0,0,0,1309,2,3,Matches
688,Diego Rubio,cl CHI,"FW,MF",Austin,32-166,1993,10.4,392,378,11,4,4,6,14,2,1,1,0,0,315,3,9,Matches
689,David Ruíz,hn HON,"MF,FW",Inter Miami,21-262,2004,1.4,53,52,1,0,0,0,1,0,1,0,0,0,48,0,1,Matches
690,Pablo Ruíz,ar ARG,MF,Real Salt Lake,26-312,1998,13.4,798,731,63,18,6,11,55,2,43,19,13,0,640,4,13,Matches
691,Albert Rusnák,sk SVK,"MF,FW",Seattle Sounders,31-113,1994,23.9,1267,1041,221,68,11,10,166,5,123,43,50,1,1022,5,11,Matches
692,Johnny Russell,sct SCO,"FW,MF",Real Salt Lake,35-203,1990,3.9,154,142,11,3,0,2,13,3,5,2,0,0,117,1,3,Matches
693,Jacen Russell-Rowe,ca CAN,FW,Columbus Crew,23-045,2002,19.2,516,485,29,1,6,0,9,0,0,0,0,0,382,2,21,Matches
694,Cesar Ruvalcaba,us USA,DF,Columbus Crew,24-107,2001,3.4,235,215,20,3,0,0,3,15,0,0,0,0,206,0,6,Matches
695,Rwan,br BRA,"FW,MF",Real Salt Lake,24-161,2001,6.8,198,192,4,2,0,0,13,1,0,0,0,0,145,2,11,Matches
696,Emmanuel Sabbi,us USA,FW,Vancouver W'caps,27-308,1997,19.9,407,389,17,2,7,4,25,10,1,0,0,0,308,1,19,Matches
697,Besard Sabovic,se SWE,MF,Austin,27-296,1998,19.5,823,793,27,15,2,7,13,3,8,3,4,0,687,3,7,Matches
698,Anisse Saidi,tn TUN,MF,San Diego FC,17-130,2008,0.1,0,0,0,0,0,0,0,0,0,0,0,0,0,0,0,Matches
699,Ryan Sailor,us USA,DF,Inter Miami,26-335,1998,1.1,77,77,0,0,0,0,0,0,0,0,0,0,73,0,0,Matches
700,Adam Saldaña,us USA,MF,LAFC,23-263,2002,2.0,92,88,4,4,0,0,0,0,0,0,0,0,87,0,0,Matches
Rk,Player,Nation,Pos,Squad,Age,Born,90s,Att,Live,Dead,FK,TB,Sw,Crs,TI,CK,In,Out,Str,Cmp,Off,Blocks,Matches
701,Nathan Saliba,ca CAN,MF,CF Montréal,21-060,2004,14.0,654,610,40,22,0,4,20,1,6,4,0,0,526,4,9,Matches
702,Dániel Sallói,hu HUN,"FW,MF",Sporting KC,29-101,1996,24.3,756,744,10,1,3,4,49,6,1,1,0,0,564,2,25,Matches
703,Diadie Samassékou,ml MLI,MF,Houston Dynamo,29-290,1996,0.0,0,0,0,0,0,0,0,0,0,0,0,0,0,0,0,Matches
704,Lucas Sanabria,uy URU,"MF,FW",LA Galaxy,21-306,2003,10.9,421,411,8,3,1,2,1,3,0,0,0,0,363,2,9,Matches
705,Cooper Sanchez,us USA,MF,Atlanta Utd,17-216,2008,1.1,57,54,3,0,0,0,1,3,0,0,0,0,48,0,2,Matches
706,Ilie Sánchez,es ESP,MF,Austin,34-341,1990,18.2,955,926,27,27,1,2,2,0,0,0,0,0,831,2,5,Matches
707,William Sands,us USA,DF,NE Revolution,25-114,2000,8.2,326,268,58,2,0,2,23,56,0,0,0,0,242,0,5,Matches
708,Edvard Sandvik Tagseth,no NOR,MF,Nashville SC,24-278,2001,27.2,1495,1400,87,36,4,3,63,7,43,29,7,0,1288,8,26,Matches
709,Jeong Sangbin,kr KOR,"FW,MF",Minnesota Utd,23-210,2002,3.5,91,78,10,1,0,1,5,0,5,2,2,0,58,3,5,Matches
710,Jeong Sangbin,kr KOR,FW,St. Louis,23-210,2002,7.0,170,167,2,0,2,2,3,2,0,0,0,0,119,1,6,Matches
711,Sergio Santos Gomes,br BRA,"FW,DF",Houston Dynamo,31-054,1994,0.2,9,9,0,0,0,1,0,0,0,0,0,0,6,0,0,Matches
712,Sergio Santos Gomes,br BRA,"FW,MF",FC Cincinnati,31-054,1994,7.2,187,175,9,1,3,2,6,3,0,0,0,0,127,3,6,Matches
713,Rafael Santos,br BRA,"DF,FW",Colorado Rapids,27-265,1998,4.2,252,192,58,11,1,2,40,36,11,10,0,0,182,2,8,Matches
714,Rafael Santos,br BRA,DF,Orlando City,27-265,1998,7.5,464,404,58,6,1,7,49,50,2,1,1,0,348,2,13,Matches
715,Samuel Sarver,us USA,"FW,MF",FC Dallas,22-239,2003,1.8,39,37,1,0,0,0,2,0,0,0,0,0,21,1,4,Matches
716,Nick Scardina,us USA,DF,Charlotte,24-128,2001,8.9,499,401,97,12,0,1,19,85,0,0,0,0,421,1,13,Matches
717,Rodrigo Schlegel,ar ARG,DF,Orlando City,28-208,1997,29.8,1585,1429,154,90,0,1,1,17,0,0,0,0,1446,2,4,Matches
718,Tate Schmitt,us USA,DF,Nashville SC,28-153,1997,0.2,15,11,3,0,0,0,0,3,0,0,0,0,14,1,0,Matches
719,David Schnegg,at AUT,"DF,MF",D.C. United,27-029,1998,30.0,1445,1153,291,29,4,13,128,244,18,9,3,1,1005,1,32,Matches
720,Patrick Schulte,us USA,GK,Columbus Crew,24-229,2001,25.0,941,760,176,52,0,0,0,0,0,0,0,0,755,5,1,Matches
721,Tarik Scott,us USA,"MF,DF",FC Dallas,20-188,2005,0.5,7,7,0,0,0,0,0,0,0,0,0,0,5,0,0,Matches
722,Dante Sealy,tt TRI,"FW,MF",CF Montréal,22-194,2003,26.9,842,751,88,18,6,9,96,15,55,26,12,0,594,3,17,Matches
723,Gabe Segal,us USA,"FW,MF",Houston Dynamo,24-164,2001,1.7,52,51,1,0,1,1,0,0,0,0,0,0,37,0,2,Matches
724,Telasco Segovia,ve VEN,"MF,FW",Inter Miami,22-209,2003,18.0,940,905,34,6,1,12,19,1,24,1,6,0,829,1,17,Matches
725,Eddie Segura,co COL,DF,LAFC,28-268,1997,27.7,2029,1928,101,52,1,10,1,49,0,0,0,0,1864,0,13,Matches
Rk,Player,Nation,Pos,Squad,Age,Born,90s,Att,Live,Dead,FK,TB,Sw,Crs,TI,CK,In,Out,Str,Cmp,Off,Blocks,Matches
726,Amar Sejdic,us USA,MF,Columbus Crew,28-333,1996,3.8,300,280,17,11,3,1,5,3,3,1,2,0,263,3,5,Matches
727,Johnny Selemani,ca CAN,MF,Vancouver W'caps,17-226,2008,0.3,4,4,0,0,0,0,0,0,0,0,0,0,4,0,0,Matches
728,Brandon Servania,us USA,MF,D.C. United,26-230,1999,22.6,936,888,45,13,0,9,13,7,1,1,0,0,812,3,13,Matches
729,Nykolas Sessock,us USA,DF,Atlanta Utd,25-133,2000,0.0,3,2,1,0,0,0,0,1,0,0,0,0,3,0,0,Matches
730,Jacob Shaffelburg,ca CAN,"MF,FW",Nashville SC,25-336,1999,12.3,340,331,8,0,0,1,42,8,0,0,0,0,222,1,36,Matches
731,Charles Sharp,us USA,FW,Toronto FC,24-127,2001,1.2,26,25,1,0,0,0,0,0,0,0,0,0,20,0,1,Matches
732,Samuel Shashoua,eng ENG,"MF,FW",Minnesota Utd,26-168,1999,1.2,80,77,3,0,0,0,4,0,3,2,0,0,69,0,1,Matches
733,Khiry Shelton,us USA,DF,Sporting KC,32-124,1993,20.0,1025,843,179,32,0,13,16,147,0,0,0,0,863,3,14,Matches
734,Jason Shokalook,us USA,FW,Chicago Fire,23-028,2002,0.2,2,2,0,0,0,0,0,0,0,0,0,0,1,0,0,Matches
735,Jonathan Shore,us USA,MF,NYCFC,18-198,2007,15.5,682,673,9,6,1,3,11,2,1,1,0,0,579,0,14,Matches
736,Show,ao ANG,MF,FC Dallas,26-236,1999,3.4,168,161,6,3,0,0,0,3,0,0,0,0,138,1,3,Matches
737,Xande Silva,pt POR,FW,Atlanta Utd,28-226,1997,2.5,100,96,3,0,0,2,3,1,0,0,0,0,78,1,3,Matches
738,Xande Silva,pt POR,"FW,MF",St. Louis,28-226,1997,2.4,95,92,3,0,0,3,2,1,0,0,0,0,77,0,4,Matches
739,Mateo Silvetti,ar ARG,"MF,FW",Inter Miami,19-287,2006,1.1,28,27,1,0,0,0,1,0,0,0,0,0,19,0,1,Matches
740,Jailson Siqueira,br BRA,MF,LAFC,30-051,1995,0.7,53,51,2,2,0,0,0,0,0,0,0,0,50,0,1,Matches
741,Jonathan Sirois,ca CAN,GK,CF Montréal,24-123,2001,23.0,904,761,140,43,0,2,0,0,0,0,0,0,715,3,2,Matches
742,Pablo Sisniega,mx MEX,GK,San Diego FC,30-113,1995,4.0,137,117,20,10,0,0,0,0,0,0,0,0,126,0,0,Matches
743,Jack Skahan,us USA,"MF,FW",SJ Earthquakes,27-263,1998,0.6,20,18,2,0,0,0,2,2,0,0,0,0,18,0,0,Matches
744,Bartosz Slisz,pl POL,MF,Atlanta Utd,26-213,1999,25.5,1630,1585,42,38,2,7,14,2,0,0,0,0,1439,3,28,Matches
745,Tyger Smalls,,"FW,MF",Charlotte,23-040,2002,1.7,61,58,3,0,0,1,1,0,0,0,0,0,47,0,4,Matches
746,Alec Smir,us USA,GK,Minnesota Utd,26-198,1999,1.8,51,28,23,12,0,0,0,0,0,0,0,0,22,0,0,Matches
747,Brad Smith,au AUS,"DF,MF",FC Cincinnati,31-202,1994,3.6,142,121,19,0,0,0,13,19,0,0,0,0,105,2,2,Matches
748,Ian Smith,us USA,"DF,MF",Portland Timbers,23-104,2002,11.4,579,499,77,9,0,0,28,58,9,8,1,0,479,3,12,Matches
749,Kyle Smith,us USA,"DF,MF",Orlando City,33-292,1992,12.8,663,612,49,11,3,6,9,35,1,0,1,0,553,2,7,Matches
750,Artem Smoliakov,ua UKR,"DF,MF",LAFC,22-152,2003,12.5,702,629,71,4,1,1,42,56,11,5,6,0,577,2,14,Matches
Rk,Player,Nation,Pos,Squad,Age,Born,90s,Att,Live,Dead,FK,TB,Sw,Crs,TI,CK,In,Out,Str,Cmp,Off,Blocks,Matches
751,Mohammed Sofo,gh GHA,FW,NY Red Bulls,20-362,2004,17.5,433,424,6,1,2,1,21,4,1,1,0,0,333,3,15,Matches
752,Pedro Soma,us USA,"MF,FW",San Diego FC,19-120,2006,0.8,76,74,2,2,0,2,1,0,0,0,0,0,67,0,1,Matches
753,Wessel Speel,nl NED,GK,Minnesota Utd,24-011,2001,2.2,77,39,37,17,0,0,0,0,0,0,0,0,45,1,0,Matches
754,Tyrese Spicer,tt TRI,"DF,FW",Toronto FC,24-328,2000,9.6,280,237,42,0,1,1,37,42,0,0,0,0,180,1,9,Matches
755,Tyrese Spicer,tt TRI,"MF,FW",Orlando City,24-328,2000,3.1,118,109,8,1,0,1,25,7,0,0,0,0,71,1,4,Matches
756,Dayne St. Clair,ca CAN,GK,Minnesota Utd,28-172,1997,30.0,1008,635,370,175,0,3,0,1,0,0,0,0,623,3,0,Matches
757,Lazar Stefanovic,ca CAN,DF,Toronto FC,19-079,2006,6.4,364,325,36,5,0,2,1,29,0,0,0,0,307,3,4,Matches
758,Zack Steffen,us USA,GK,Colorado Rapids,30-209,1995,23.0,719,483,233,61,0,3,0,0,0,0,0,0,480,3,0,Matches
759,Daniel Steres,us USA,DF,Houston Dynamo,34-351,1990,4.4,256,220,34,3,0,0,2,31,0,0,0,0,213,2,0,Matches
760,Kimani Stewart-Baynes,ca CAN,"MF,FW",Colorado Rapids,20-284,2005,0.3,12,12,0,0,0,0,0,0,0,0,0,0,9,0,0,Matches
761,Jared Stroud,us USA,"FW,MF",D.C. United,29-110,1996,14.5,440,412,26,4,0,1,43,19,3,0,2,0,312,2,24,Matches
762,Peter Stroud,us USA,MF,NY Red Bulls,23-188,2002,19.1,986,970,13,11,1,1,7,0,0,0,0,0,833,3,18,Matches
763,Brad Stuver,us USA,GK,Austin,34-195,1991,34.0,1305,957,342,92,0,1,0,1,0,0,0,0,918,6,0,Matches
764,Luis Suárez,uy URU,FW,Inter Miami,38-277,1987,25.4,881,807,70,2,14,4,18,6,1,0,0,0,677,4,16,Matches
765,Magomed-Shapi Suleymanov,ru RUS,"FW,MF",Sporting KC,25-316,1999,22.4,882,813,67,21,1,2,82,14,32,23,2,1,705,2,16,Matches
766,Cavan Sullivan,us USA,MF,Philadelphia Union,16-030,2009,2.5,89,87,1,0,0,0,4,1,0,0,0,0,61,1,1,Matches
767,Michael Sullivan,us USA,MF,Toronto FC,22-239,2003,0.1,1,1,0,0,0,0,0,0,0,0,0,0,0,0,0,Matches
768,Nicklaus Sullivan,us USA,"MF,DF",LA Galaxy,23-099,2002,0.1,1,1,0,0,0,0,0,0,0,0,0,0,0,0,0,Matches
769,Quinn Sullivan,us USA,"MF,FW",Philadelphia Union,21-215,2004,21.7,866,793,63,17,3,6,115,19,26,12,8,0,579,10,24,Matches
770,Finn Surman,nz NZL,DF,Portland Timbers,22-035,2003,30.2,1585,1510,74,41,0,3,2,12,0,0,0,0,1446,1,14,Matches
771,Sam Surridge,eng ENG,FW,Nashville SC,27-092,1998,32.6,580,552,27,5,3,3,14,10,0,0,0,0,393,1,28,Matches
772,Oleksandr Svatok,ua UKR,DF,Austin,31-031,1994,26.3,1256,1224,30,27,2,2,0,1,0,0,0,0,1126,2,2,Matches
773,Erik Sviatchenko,dk DEN,DF,Houston Dynamo,34-024,1991,10.7,511,501,9,8,1,7,5,1,0,0,0,0,424,1,5,Matches
774,Hennadii Synchuk,ua UKR,"MF,FW",CF Montréal,19-110,2006,8.8,346,310,33,12,5,3,42,5,16,14,1,0,246,3,11,Matches
775,Nkosi Tafari,us USA,DF,LAFC,28-219,1997,20.4,1190,1145,44,29,1,3,1,10,0,0,0,0,1089,1,8,Matches
Rk,Player,Nation,Pos,Squad,Age,Born,90s,Att,Live,Dead,FK,TB,Sw,Crs,TI,CK,In,Out,Str,Cmp,Off,Blocks,Matches
776,Zakaria Taifi,us USA,"MF,DF",Orlando City,20-027,2005,0.4,13,13,0,0,0,0,1,0,0,0,0,0,9,0,0,Matches
777,Yohei Takaoka,jp JPN,GK,Vancouver W'caps,29-226,1996,34.0,1225,980,243,60,0,2,0,0,0,0,0,0,992,2,1,Matches
778,Strahinja Tanasijević,rs SRB,DF,NYCFC,28-138,1997,6.8,399,360,38,17,0,3,4,21,0,0,0,0,350,1,8,Matches
779,Andrew Tarbell,us USA,GK,Houston Dynamo,32-021,1993,3.4,97,81,16,3,0,0,0,0,0,0,0,0,70,0,0,Matches
780,Iuri Tavares,cv CPV,"MF,FW",Charlotte,24-234,2001,0.3,12,12,0,0,0,0,1,0,0,0,0,0,8,0,0,Matches
781,D.J. Taylor,us USA,DF,Minnesota Utd,28-063,1997,2.2,103,89,14,0,0,1,4,14,0,0,0,0,82,0,1,Matches
782,Robert Taylor,fi FIN,"FW,MF",Austin,31-007,1994,4.6,188,179,8,1,0,1,11,2,5,2,2,0,139,1,6,Matches
783,Robert Taylor,fi FIN,"MF,FW",Inter Miami,31-007,1994,2.2,66,62,3,0,0,0,1,2,1,0,0,0,53,1,0,Matches
784,Carlos Terán,co COL,DF,Chicago Fire,25-034,2000,5.9,337,312,25,12,0,5,0,12,0,0,0,0,289,0,1,Matches
785,Cedric Teuchert,de GER,"FW,MF",St. Louis,28-287,1997,13.8,239,221,18,0,2,2,16,6,0,0,0,0,158,0,13,Matches
786,Odin Thiago Holm,no NOR,"MF,FW",LAFC,22-283,2003,1.1,29,29,0,0,0,1,1,0,0,0,0,0,21,0,2,Matches
787,Jamal Thiaré,sn SEN,FW,Atlanta Utd,32-211,1993,11.2,146,129,15,0,0,0,0,2,0,0,0,0,97,2,1,Matches
788,Andrew Thomas,ru RUS,GK,Seattle Sounders,27-057,1998,8.0,199,136,62,11,0,0,0,0,0,0,0,0,150,1,0,Matches
789,Erik Thommy,de GER,"FW,MF",Sporting KC,31-069,1994,14.1,555,532,21,10,0,4,26,6,5,2,2,0,449,2,25,Matches
790,Kosi Thompson,ca CAN,DF,Toronto FC,22-274,2003,23.5,1160,995,163,26,2,7,9,137,0,0,0,0,953,2,24,Matches
791,Timmy Tillman,de GER,MF,LAFC,26-297,1999,26.8,1463,1408,52,30,2,14,21,15,1,1,0,0,1311,3,26,Matches
792,Harry Toffolo,eng ENG,DF,Charlotte,30-070,1995,1.3,80,53,27,4,0,0,4,22,1,0,0,0,64,0,4,Matches
793,Cayman Togashi,jp JPN,"MF,FW",Atlanta Utd,32-079,1993,1.1,26,24,2,0,0,0,0,2,0,0,0,0,21,0,1,Matches
794,Nouhou Tolo,cm CMR,DF,Seattle Sounders,28-127,1997,24.4,1400,1272,126,40,1,4,50,86,0,0,0,0,1202,2,31,Matches
795,Joshua Torquato,us USA,"MF,DF",FC Dallas,18-096,2007,2.5,81,62,18,1,0,0,1,17,0,0,0,0,58,1,2,Matches
796,Ervin Torres,us USA,MF,Austin,17-348,2007,0.1,6,6,0,0,0,0,1,0,0,0,0,0,5,0,0,Matches
797,Tomas Totland,no NOR,DF,St. Louis,27-030,1998,11.9,493,418,74,4,1,3,32,70,0,0,0,0,386,1,8,Matches
798,Mason Toye,us USA,"FW,MF",Sporting KC,27-012,1998,5.8,128,126,2,0,1,0,10,1,0,0,0,0,88,0,1,Matches
799,Wil Trapp,us USA,MF,Minnesota Utd,32-286,1993,30.2,1239,1218,17,8,9,4,9,2,0,0,0,0,1035,4,15,Matches
800,Jackson Travis,us USA,DF,Colorado Rapids,21-247,2004,7.5,335,276,58,2,0,0,11,56,0,0,0,0,258,1,7,Matches
Rk,Player,Nation,Pos,Squad,Age,Born,90s,Att,Live,Dead,FK,TB,Sw,Crs,TI,CK,In,Out,Str,Cmp,Off,Blocks,Matches
801,Nectarios Triantis,au AUS,"MF,DF",Minnesota Utd,22-170,2003,3.9,156,153,3,1,0,0,1,0,0,0,0,0,138,0,1,Matches
802,Niko Tsakiris,us USA,MF,SJ Earthquakes,20-131,2005,4.1,201,175,24,12,1,2,22,3,9,8,0,0,155,2,6,Matches
803,Garrison Tubbs,us USA,DF,D.C. United,23-253,2002,6.3,251,243,8,7,0,0,0,1,0,0,0,0,232,0,1,Matches
804,Bill Tuiloma,nz NZL,DF,Charlotte,30-215,1995,4.7,229,191,38,7,0,1,2,29,0,0,0,0,194,0,5,Matches
805,Dor Turgeman,il ISR,"FW,MF",NE Revolution,22-004,2003,2.4,43,42,1,0,0,0,0,0,0,0,0,0,34,0,2,Matches
806,Gavin Turner,us USA,"FW,MF",D.C. United,18-296,2007,0.3,8,8,0,0,0,0,0,0,0,0,0,0,5,0,0,Matches
807,Matt Turner,us USA,GK,NE Revolution,31-126,1994,10.0,374,262,110,27,0,0,0,0,0,0,0,0,257,2,0,Matches
808,Jeppe Tverskov,dk DEN,MF,San Diego FC,32-230,1993,32.5,2933,2845,80,74,14,12,10,2,0,0,0,0,2611,8,37,Matches
809,Mikael Uhre,dk DEN,FW,Philadelphia Union,31-028,1994,14.7,369,359,10,0,2,3,16,0,0,0,0,0,250,0,22,Matches
810,Cengiz Ünder,tr TUR,FW,LAFC,28-106,1997,5.0,199,169,30,7,1,5,26,8,15,11,0,0,142,0,6,Matches
811,Osaze Urhoghide,nl NED,DF,FC Dallas,25-116,2000,24.5,908,845,62,33,0,3,1,4,0,0,0,0,786,1,5,Matches
812,Maximiliano Urruti,ar ARG,FW,NE Revolution,34-248,1991,6.6,114,100,14,0,1,0,5,1,0,0,0,0,91,0,5,Matches
813,Júnior Urso,br BRA,MF,Houston Dynamo,36-232,1989,10.8,527,515,11,10,2,0,2,0,0,0,0,0,469,1,10,Matches
814,Óscar Ustari,ar ARG,GK,Inter Miami,39-117,1986,23.1,890,730,157,46,0,3,0,0,0,0,0,0,777,3,0,Matches
815,Myrto Uzuni,al ALB,FW,Austin,30-150,1995,22.9,370,321,48,1,2,3,12,3,1,0,0,0,299,1,8,Matches
816,Onni Valakari,fi FIN,"MF,FW",San Diego FC,26-071,1999,27.2,1272,1237,30,11,10,5,12,2,1,0,0,0,1051,5,41,Matches
817,Omar Valencia,pa PAN,DF,NY Red Bulls,21-142,2004,15.5,800,660,133,16,1,2,64,90,27,27,0,0,619,7,21,Matches
818,Gerardo Valenzuela,us USA,"MF,FW",FC Cincinnati,21-030,2004,9.3,332,319,13,5,2,2,7,4,2,1,0,0,269,0,10,Matches
819,Kerwin Vargas,co COL,"FW,MF",Charlotte,23-299,2002,19.0,721,699,21,2,2,9,58,11,7,1,3,0,574,1,15,Matches
820,Obed Vargas,mx MEX,MF,Seattle Sounders,20-084,2005,25.2,1350,1311,30,21,9,6,7,9,0,0,0,0,1163,9,19,Matches
821,Indiana Vassilev,us USA,MF,Philadelphia Union,24-254,2001,21.8,697,674,22,9,2,1,47,4,4,3,1,0,532,1,27,Matches
822,Brandon Vazquez,us USA,FW,Austin,27-014,1998,17.8,301,296,4,0,1,5,14,0,0,0,0,0,188,1,8,Matches
823,David Vazquez,us USA,MF,Philadelphia Union,19-248,2006,0.2,11,11,0,0,0,0,1,0,0,0,0,0,10,0,0,Matches
824,David Vazquez,us USA,"FW,MF",San Diego FC,19-248,2006,2.0,80,78,2,0,0,2,3,1,1,0,1,0,59,0,1,Matches
825,Kristoffer Velde,no NOR,"FW,MF",Portland Timbers,26-049,1999,7.2,212,182,29,11,2,5,38,0,18,13,2,0,146,1,6,Matches
Rk,Player,Nation,Pos,Squad,Age,Born,90s,Att,Live,Dead,FK,TB,Sw,Crs,TI,CK,In,Out,Str,Cmp,Off,Blocks,Matches
826,Brayan Vera,co COL,DF,Real Salt Lake,26-286,1999,22.0,1336,1265,66,51,1,15,15,11,3,3,0,0,1162,5,5,Matches
827,Oscar Verhoeven,us USA,DF,San Diego FC,19-150,2006,11.1,654,568,84,4,3,1,22,80,0,0,0,0,553,2,13,Matches
828,Oscar Verhoeven,us USA,MF,SJ Earthquakes,19-150,2006,0.1,8,8,0,0,0,0,0,0,0,0,0,0,8,0,0,Matches
829,Ranko Veselinović,rs SRB,DF,Vancouver W'caps,26-218,1999,19.5,1112,1068,44,29,0,9,0,1,0,0,0,0,1052,0,0,Matches
830,Felipe Vieira,br BRA,DF,Houston Dynamo,20-261,2005,19.2,888,795,91,8,0,0,12,83,0,0,0,0,780,2,6,Matches
831,Ronaldo Vieira,gw GNB,MF,SJ Earthquakes,27-101,1998,6.0,302,293,8,7,0,5,6,1,0,0,0,0,267,1,6,Matches
832,Jules-Anthony Vilsaint,ca CAN,FW,Toronto FC,22-295,2003,2.0,42,40,2,0,0,0,0,0,0,0,0,0,29,0,3,Matches
833,Jules-Anthony Vilsaint,ca CAN,"FW,MF",CF Montréal,22-295,2003,2.5,49,46,3,0,0,0,3,0,3,0,0,0,34,0,1,Matches
834,Sam Vines,us USA,DF,Colorado Rapids,26-150,1999,14.1,775,637,134,20,0,2,37,107,7,6,0,0,636,4,10,Matches
835,Pedro Vite,ec ECU,"MF,FW",Vancouver W'caps,23-233,2002,15.5,864,788,75,24,8,7,74,3,43,23,6,0,687,1,27,Matches
836,Robert Voloder,ba BIH,DF,Sporting KC,24-172,2001,16.6,949,922,26,21,1,5,1,4,0,0,0,0,840,1,5,Matches
837,Giacomo Vrioni,al ALB,"FW,MF",CF Montréal,27-013,1998,4.6,48,42,6,0,0,2,1,0,0,0,0,0,34,0,1,Matches
838,Kai Wagner,de GER,DF,Philadelphia Union,28-255,1997,30.8,2080,1447,621,143,2,13,335,318,160,87,34,8,1416,12,49,Matches
839,Conrad Wallem,no NOR,"DF,MF",St. Louis,25-141,2000,26.9,1318,1202,108,17,2,13,64,89,1,0,0,0,1072,8,17,Matches
840,Joel Waterman,ca CAN,DF,Chicago Fire,29-277,1996,5.9,412,395,17,12,1,0,1,0,0,0,0,0,375,0,3,Matches
841,Joel Waterman,ca CAN,DF,CF Montréal,29-277,1996,16.0,1160,1055,98,55,0,10,7,30,0,0,0,0,1004,7,10,Matches
842,Sydney Wathuta,ca CAN,MF,Colorado Rapids,21-139,2004,0.0,2,2,0,0,0,0,0,0,0,0,0,0,2,0,0,Matches
843,Akil Watts,us USA,"MF,DF",St. Louis,25-266,2000,15.8,550,486,62,7,0,3,29,54,0,0,0,0,395,2,14,Matches
844,Patrick Weah,lr LBR,MF,Atlanta Utd,21-327,2003,0.1,3,2,1,0,0,0,0,0,0,0,0,0,2,0,0,Matches
845,Marcelo Weigandt,ar ARG,DF,Inter Miami,25-290,2000,17.1,1019,897,118,14,0,12,48,104,0,0,0,0,874,4,19,Matches
846,Michael Wentzel,de GER,DF,St. Louis,23-201,2002,1.1,75,71,4,4,0,0,0,0,0,0,0,0,69,0,1,Matches
847,Francis Westfield,us USA,DF,Philadelphia Union,19-323,2005,19.2,928,741,185,6,0,3,52,179,0,0,0,0,625,2,31,Matches
848,Ashley Westwood,eng ENG,MF,Charlotte,35-210,1990,32.0,1956,1780,162,106,4,15,87,4,50,24,11,0,1616,14,17,Matches
849,Brian White,us USA,FW,Vancouver W'caps,29-267,1996,18.6,285,260,23,0,0,0,1,0,0,0,0,0,209,2,7,Matches
850,Adrian Wibowo,id IDN,FW,LAFC,19-284,2006,0.2,8,7,1,0,0,0,0,0,0,0,0,0,7,0,0,Matches
Rk,Player,Nation,Pos,Squad,Age,Born,90s,Att,Live,Dead,FK,TB,Sw,Crs,TI,CK,In,Out,Str,Cmp,Off,Blocks,Matches
851,Derrick Williams,ie IRL,DF,Atlanta Utd,32-284,1993,14.7,867,829,36,27,0,7,3,2,0,0,0,0,743,2,2,Matches
852,Samuel Williams,us USA,MF,Chicago Fire,20-224,2005,3.5,157,153,3,1,0,0,4,2,0,0,0,0,129,1,4,Matches
853,Thomas Williams,us USA,DF,Orlando City,21-074,2004,0.1,0,0,0,0,0,0,0,0,0,0,0,0,0,0,0,Matches
854,Eryk Williamson,us USA,"MF,FW",Charlotte,28-139,1997,7.6,340,305,35,15,1,3,14,2,16,3,4,0,281,0,7,Matches
855,Joe Willis,us USA,GK,Nashville SC,37-079,1988,34.0,1136,897,239,61,0,1,0,0,0,0,0,0,920,0,0,Matches
856,Bruno Wilson,pt POR,DF,SJ Earthquakes,28-305,1996,13.6,700,669,30,22,0,6,1,0,0,0,0,0,610,1,0,Matches
857,Henry Wingo,us USA,DF,Toronto FC,30-024,1995,3.1,165,147,17,3,0,1,4,14,0,0,0,0,135,1,1,Matches
858,Hannes Wolf,at AUT,"FW,MF",NYCFC,26-195,1999,29.2,1153,1093,55,8,4,2,54,33,14,11,0,0,862,5,47,Matches
859,Owen Wolff,us USA,"MF,FW",Austin,20-302,2004,28.7,1209,1026,175,59,9,3,149,16,96,45,33,1,968,8,32,Matches
860,Tyler Wolff,us USA,"FW,MF",Real Salt Lake,22-257,2003,4.0,118,116,1,0,0,2,10,0,1,0,1,0,83,1,8,Matches
861,Elijah Wynder,us USA,MF,LA Galaxy,22-232,2003,10.6,417,411,6,3,1,0,6,3,0,0,0,0,342,0,18,Matches
862,Miki Yamane,jp JPN,DF,LA Galaxy,31-310,1993,24.6,1527,1356,167,11,1,3,47,156,0,0,0,0,1280,4,30,Matches
863,Dominik Yankov,bg BUL,MF,CF Montréal,25-092,2000,0.3,12,11,1,0,0,0,1,0,1,1,0,0,12,0,0,Matches
864,Darren Yapi,us USA,"FW,MF",Colorado Rapids,20-343,2004,15.9,319,314,5,0,2,0,1,3,0,0,0,0,212,0,10,Matches
865,Joshua Yaro,gh GHA,DF,St. Louis,30-344,1994,14.1,631,608,22,12,0,2,2,6,0,0,0,0,555,1,10,Matches
866,Patrick Yazbek,au AUS,MF,Nashville SC,23-206,2002,23.4,1264,1242,22,7,1,5,13,9,0,0,0,0,1122,0,14,Matches
867,Kelvin Yeboah,it ITA,FW,Minnesota Utd,25-175,2000,22.7,363,348,13,0,3,0,9,0,0,0,0,0,241,2,17,Matches
868,Yaw Yeboah,gh GHA,"MF,FW",LAFC,28-214,1997,5.1,233,222,11,3,1,0,3,8,0,0,0,0,200,0,5,Matches
869,DeAndre Yedlin,us USA,DF,FC Cincinnati,32-111,1993,21.9,999,821,177,12,2,4,34,165,0,0,0,0,802,1,15,Matches
870,DeAndre Yedlin,us USA,DF,Real Salt Lake,32-111,1993,7.0,470,410,60,8,0,1,13,52,0,0,0,0,399,0,9,Matches
871,Maya Yoshida,jp JPN,DF,LA Galaxy,37-065,1988,26.1,2013,1942,69,31,3,17,0,2,0,0,0,0,1866,2,4,Matches
872,Jackson Yueill,us USA,MF,NE Revolution,28-223,1997,8.1,458,434,24,16,1,2,14,0,8,6,0,0,398,0,8,Matches
873,Alhassan Yusuf,ng NGA,MF,NE Revolution,25-102,2000,32.6,1855,1788,59,42,2,7,15,14,0,0,0,0,1627,8,24,Matches
874,Wilfried Zaha,ci CIV,"FW,MF",Charlotte,32-352,1992,30.4,1254,1204,46,21,10,8,33,16,8,0,0,0,1047,4,41,Matches
875,Joseph Zalinsky,us USA,DF,St. Louis,22-298,2003,2.5,119,100,18,2,0,0,6,16,0,0,0,0,98,1,3,Matches
Rk,Player,Nation,Pos,Squad,Age,Born,90s,Att,Live,Dead,FK,TB,Sw,Crs,TI,CK,In,Out,Str,Cmp,Off,Blocks,Matches
876,Eriq Zavaleta,sv SLV,DF,LA Galaxy,33-087,1992,1.6,90,80,10,2,0,0,0,0,0,0,0,0,81,0,1,Matches
877,Sean Zawadzki,us USA,"DF,MF",Columbus Crew,25-190,2000,27.0,1904,1837,66,51,1,2,3,4,0,0,0,0,1765,1,7,Matches
878,Walker Zimmerman,us USA,DF,Nashville SC,32-162,1993,17.0,1022,979,38,23,0,1,2,0,0,0,0,0,926,5,3,Matches
879,Philip Zinckernagel,dk DEN,"FW,MF",Chicago Fire,30-316,1994,28.0,1037,847,184,55,7,2,173,6,114,49,51,2,709,6,45,Matches
880,Rida Zouhir,ca CAN,"MF,FW",D.C. United,21-339,2003,3.7,231,216,15,4,0,3,20,0,11,7,4,0,171,0,8,Matches
881,Dario Župarić,ba BIH,DF,Portland Timbers,33-178,1992,17.4,861,819,41,29,0,2,2,4,0,0,0,0,759,1,1,Matches
882,Mateja Đorđević,rs SRB,DF,Austin,22-284,2003,3.6,134,131,2,2,0,4,0,0,0,0,0,0,109,1,2,Matches
