round,wk,day,date,time,home,xg,score,xg_1,away,attendance,venue,referee,match_report,notes
Bundesliga,1,Fri,2024-08-23,20:30,Gladbach,1.6,2–3,2.7,Leverkusen,54042,Stadion im Borussia-Park,Robert Schröder,Match Report,
Bundesliga,1,Sat,2024-08-24,15:30,Hoffenheim,3.5,3–2,1.7,Holstein Kiel,18503,PreZero Arena,Tobias Stieler,Match Report,
Bundesliga,1,Sat,2024-08-24,15:30,Mainz 05,1.2,1–1,0.6,Union Berlin,31500,Mewa Arena,Harm Osmers,Match Report,
Bundesliga,1,Sat,2024-08-24,15:30,Augsburg,1.0,2–2,1.4,Werder Bremen,30660,WWK Arena,Sascha Stegemann,Match Report,
Bundesliga,1,Sat,2024-08-24,15:30,Freiburg,2.1,3–1,0.4,Stuttgart,34700,Europa-Park Stadion,Tobias Welz,Match Report,
Bundesliga,1,Sat,2024-08-24,15:30,RB Leipzig,1.3,1–0,1.0,Bochum,44611,Red Bull Arena,Benjamin Brand,Match Report,
Bundesliga,1,Sat,2024-08-24,18:30,Dortmund,1.7,2–0,1.4,Eint Frankfurt,81365,Signal Iduna Park,Felix Zwayer,Match Report,
Bundesliga,1,Sun,2024-08-25,15:30,Wolfsburg,1.9,2–3,2.4,Bayern Munich,30000,Volkswagen Arena,Daniel Siebert,Match Report,
Bundesliga,1,Sun,2024-08-25,17:30,St. Pauli,1.2,0–2,1.1,Heidenheim,29157,Millerntor-Stadion,Sven Jablonski,Match Report,
Bundesliga,2,Fri,2024-08-30,20:30,Union Berlin,1.1,1–0,0.5,St. Pauli,22012,Stadion An der Alten Försterei,Bastian Dankert,Match Report,
Bundesliga,2,Sat,2024-08-31,15:30,Werder Bremen,0.3,0–0,0.6,Dortmund,42100,Weserstadion,Robert Hartmann,Match Report,
Bundesliga,2,Sat,2024-08-31,15:30,Eint Frankfurt,2.4,3–1,1.0,Hoffenheim,57100,Deutsche Bank Park,Florian Badstübner,Match Report,
Bundesliga,2,Sat,2024-08-31,15:30,Bochum,0.7,0–2,2.9,Gladbach,26000,Vonovia Ruhrstadion,Sören Storks,Match Report,
Bundesliga,2,Sat,2024-08-31,15:30,Holstein Kiel,1.1,0–2,1.3,Wolfsburg,15034,Holstein-Stadion,Florian Exner,Match Report,
Bundesliga,2,Sat,2024-08-31,15:30,Stuttgart,3.8,3–3,2.3,Mainz 05,59000,MHPArena,Timo Gerach,Match Report,
Bundesliga,2,Sat,2024-08-31,18:30,Leverkusen,2.2,2–3,1.1,RB Leipzig,29615,BayArena,Matthias Jöllenbeck,Match Report,
Bundesliga,2,Sun,2024-09-01,15:30,Heidenheim,3.1,4–0,0.7,Augsburg,15000,Voith-Arena,Martin Petersen,Match Report,
Bundesliga,2,Sun,2024-09-01,17:30,Bayern Munich,1.5,2–0,1.0,Freiburg,75000,Allianz Arena,Christian Dingert,Match Report,
Bundesliga,3,Fri,2024-09-13,20:30,Dortmund,2.6,4–2,1.8,Heidenheim,81365,Signal Iduna Park,Robert Schröder,Match Report,
Bundesliga,3,Sat,2024-09-14,15:30,RB Leipzig,1.3,0–0,0.6,Union Berlin,47800,Red Bull Arena,Sven Jablonski,Match Report,
Bundesliga,3,Sat,2024-09-14,15:30,Gladbach,1.6,1–3,2.2,Stuttgart,53756,Stadion im Borussia-Park,Felix Brych,Match Report,
Bundesliga,3,Sat,2024-09-14,15:30,Freiburg,3.7,2–1,0.9,Bochum,34100,Europa-Park Stadion,Daniel Siebert,Match Report,
Bundesliga,3,Sat,2024-09-14,15:30,Wolfsburg,1.5,1–2,2.5,Eint Frankfurt,26281,Volkswagen Arena,Harm Osmers,Match Report,
Bundesliga,3,Sat,2024-09-14,15:30,Hoffenheim,0.9,1–4,3.5,Leverkusen,30150,PreZero Arena,Daniel Schlager,Match Report,
Bundesliga,3,Sat,2024-09-14,18:30,Holstein Kiel,0.3,1–6,3.2,Bayern Munich,15034,Holstein-Stadion,Tobias Reichel,Match Report,
Bundesliga,3,Sun,2024-09-15,15:30,Augsburg,2.7,3–1,0.5,St. Pauli,30660,WWK Arena,Felix Zwayer,Match Report,
Bundesliga,3,Sun,2024-09-15,17:30,Mainz 05,1.1,1–2,1.6,Werder Bremen,32000,Mewa Arena,Benjamin Brand,Match Report,
Bundesliga,4,Fri,2024-09-20,20:30,Augsburg,2.4,2–3,1.0,Mainz 05,28913,WWK Arena,Sören Storks,Match Report,
Bundesliga,4,Sat,2024-09-21,15:30,Union Berlin,1.2,2–1,0.4,Hoffenheim,21831,Stadion An der Alten Försterei,Matthias Jöllenbeck,Match Report,
Bundesliga,4,Sat,2024-09-21,15:30,Bochum,0.8,2–2,1.9,Holstein Kiel,26000,Vonovia Ruhrstadion,Martin Petersen,Match Report,
Bundesliga,4,Sat,2024-09-21,15:30,Heidenheim,0.7,0–3,1.4,Freiburg,15000,Voith-Arena,Benjamin Brand,Match Report,
Bundesliga,4,Sat,2024-09-21,15:30,Werder Bremen,0.0,0–5,3.0,Bayern Munich,42100,Weserstadion,Bastian Dankert,Match Report,
Round,Wk,Day,Date,Time,Home,xG,Score,xG,Away,Attendance,Venue,Referee,Match Report,Notes
Bundesliga,4,Sat,2024-09-21,18:30,Eint Frankfurt,2.7,2–0,1.7,Gladbach,58000,Deutsche Bank Park,Tobias Welz,Match Report,
Bundesliga,4,Sun,2024-09-22,15:30,Leverkusen,1.9,4–3,0.7,Wolfsburg,29250,BayArena,Sascha Stegemann,Match Report,
Bundesliga,4,Sun,2024-09-22,17:30,Stuttgart,3.4,5–1,0.7,Dortmund,60000,MHPArena,Florian Badstübner,Match Report,
Bundesliga,4,Sun,2024-09-22,19:30,St. Pauli,1.4,0–0,0.7,RB Leipzig,29251,Millerntor-Stadion,Robert Hartmann,Match Report,
Bundesliga,5,Fri,2024-09-27,20:30,Dortmund,3.2,4–2,1.3,Bochum,81365,Signal Iduna Park,Felix Brych,Match Report,
Bundesliga,5,Sat,2024-09-28,15:30,Mainz 05,0.6,0–2,1.2,Heidenheim,31500,Mewa Arena,Florian Exner,Match Report,
Bundesliga,5,Sat,2024-09-28,15:30,Freiburg,1.2,0–3,1.1,St. Pauli,34700,Europa-Park Stadion,Timo Gerach,Match Report,
Bundesliga,5,Sat,2024-09-28,15:30,RB Leipzig,3.0,4–0,1.1,Augsburg,44407,Red Bull Arena,Daniel Siebert,Match Report,
Bundesliga,5,Sat,2024-09-28,15:30,Gladbach,0.9,1–0,0.7,Union Berlin,53056,Stadion im Borussia-Park,Daniel Schlager,Match Report,
Bundesliga,5,Sat,2024-09-28,15:30,Wolfsburg,1.1,2–2,1.8,Stuttgart,27135,Volkswagen Arena,Sven Jablonski,Match Report,
Bundesliga,5,Sat,2024-09-28,18:30,Bayern Munich,1.4,1–1,0.1,Leverkusen,75000,Allianz Arena,Felix Zwayer,Match Report,
Bundesliga,5,Sun,2024-09-29,15:30,Holstein Kiel,1.1,2–4,2.1,Eint Frankfurt,15034,Holstein-Stadion,Tobias Stieler,Match Report,
Bundesliga,5,Sun,2024-09-29,17:30,Hoffenheim,1.2,3–4,2.9,Werder Bremen,26018,PreZero Arena,Tobias Reichel,Match Report,
Bundesliga,6,Fri,2024-10-04,20:30,Augsburg,1.3,2–1,0.5,Gladbach,30660,WWK Arena,Florian Badstübner,Match Report,
Bundesliga,6,Sat,2024-10-05,15:30,Bochum,1.7,1–3,2.4,Wolfsburg,24630,Vonovia Ruhrstadion,Max Burda,Match Report,
Bundesliga,6,Sat,2024-10-05,15:30,Union Berlin,1.5,2–1,0.7,Dortmund,22012,Stadion An der Alten Försterei,Tobias Reichel,Match Report,
Bundesliga,6,Sat,2024-10-05,15:30,Werder Bremen,1.0,0–1,1.0,Freiburg,41200,Weserstadion,Tobias Welz,Match Report,
Bundesliga,6,Sat,2024-10-05,15:30,Leverkusen,2.1,2–2,1.6,Holstein Kiel,30210,BayArena,Robert Hartmann,Match Report,
Bundesliga,6,Sat,2024-10-05,18:30,St. Pauli,1.0,0–3,1.1,Mainz 05,29546,Millerntor-Stadion,Christian Dingert,Match Report,
Bundesliga,6,Sun,2024-10-06,15:30,Heidenheim,1.0,0–1,1.4,RB Leipzig,15000,Voith-Arena,Sascha Stegemann,Match Report,
Bundesliga,6,Sun,2024-10-06,17:30,Eint Frankfurt,1.2,3–3,2.2,Bayern Munich,58000,Deutsche Bank Park,Benjamin Brand,Match Report,
Bundesliga,6,Sun,2024-10-06,19:30,Stuttgart,1.9,1–1,0.9,Hoffenheim,58000,MHPArena,Harm Osmers,Match Report,
Bundesliga,7,Fri,2024-10-18,20:30,Dortmund,2.6,2–1,0.6,St. Pauli,81365,Signal Iduna Park,Matthias Jöllenbeck,Match Report,
Bundesliga,7,Sat,2024-10-19,15:30,Leverkusen,3.8,2–1,1.9,Eint Frankfurt,30210,BayArena,Felix Brych,Match Report,
Bundesliga,7,Sat,2024-10-19,15:30,Mainz 05,0.6,0–2,1.9,RB Leipzig,30100,Mewa Arena,Felix Zwayer,Match Report,
Bundesliga,7,Sat,2024-10-19,15:30,Freiburg,0.8,3–1,0.6,Augsburg,33500,Europa-Park Stadion,Bastian Dankert,Match Report,
Bundesliga,7,Sat,2024-10-19,15:30,Hoffenheim,2.5,3–1,2.7,Bochum,19281,PreZero Arena,Sören Storks,Match Report,
Bundesliga,7,Sat,2024-10-19,15:30,Gladbach,3.6,3–2,2.0,Heidenheim,50000,Stadion im Borussia-Park,Daniel Siebert,Match Report,
Bundesliga,7,Sat,2024-10-19,18:30,Bayern Munich,3.2,4–0,0.5,Stuttgart,75000,Allianz Arena,Tobias Stieler,Match Report,
Bundesliga,7,Sun,2024-10-20,15:30,Holstein Kiel,1.3,0–2,1.1,Union Berlin,15034,Holstein-Stadion,Timo Gerach,Match Report,
Bundesliga,7,Sun,2024-10-20,17:30,Wolfsburg,1.8,2–4,2.0,Werder Bremen,28917,Volkswagen Arena,Daniel Schlager,Match Report,
Round,Wk,Day,Date,Time,Home,xG,Score,xG,Away,Attendance,Venue,Referee,Match Report,Notes
Bundesliga,8,Fri,2024-10-25,20:30,Mainz 05,1.7,1–1,0.7,Gladbach,33000,Mewa Arena,Martin Petersen,Match Report,
Bundesliga,8,Sat,2024-10-26,15:30,St. Pauli,0.8,0–0,1.1,Wolfsburg,29546,Millerntor-Stadion,Tobias Reichel,Match Report,
Bundesliga,8,Sat,2024-10-26,15:30,Stuttgart,1.6,2–1,0.5,Holstein Kiel,59000,MHPArena,Robert Hartmann,Match Report,
Bundesliga,8,Sat,2024-10-26,15:30,Augsburg,0.6,2–1,1.0,Dortmund,30660,WWK Arena,Tobias Welz,Match Report,
Bundesliga,8,Sat,2024-10-26,15:30,RB Leipzig,1.8,3–1,1.7,Freiburg,45908,Red Bull Arena,Sven Jablonski,Match Report,
Bundesliga,8,Sat,2024-10-26,18:30,Werder Bremen,1.6,2–2,1.3,Leverkusen,42100,Weserstadion,Florian Badstübner,Match Report,
Bundesliga,8,Sun,2024-10-27,15:30,Bochum,0.6,0–5,2.2,Bayern Munich,26000,Vonovia Ruhrstadion,Florian Exner,Match Report,
Bundesliga,8,Sun,2024-10-27,17:30,Union Berlin,1.4,1–1,1.5,Eint Frankfurt,22012,Stadion An der Alten Försterei,Harm Osmers,Match Report,
Bundesliga,8,Sun,2024-10-27,19:30,Heidenheim,1.5,0–0,0.7,Hoffenheim,15000,Voith-Arena,Christian Dingert,Match Report,
Bundesliga,9,Fri,2024-11-01,20:30,Leverkusen,2.2,0–0,0.3,Stuttgart,30210,BayArena,Daniel Siebert,Match Report,
Bundesliga,9,Sat,2024-11-02,15:30,Wolfsburg,1.2,1–1,0.5,Augsburg,22654,Volkswagen Arena,Felix Brych,Match Report,
Bundesliga,9,Sat,2024-11-02,15:30,Bayern Munich,2.5,3–0,0.5,Union Berlin,75000,Allianz Arena,Matthias Jöllenbeck,Match Report,
Bundesliga,9,Sat,2024-11-02,15:30,Eint Frankfurt,3.5,7–2,1.8,Bochum,58000,Deutsche Bank Park,Daniel Schlager,Match Report,
Bundesliga,9,Sat,2024-11-02,15:30,Holstein Kiel,1.1,1–0,1.2,Heidenheim,14405,Holstein-Stadion,Frank Willenborg,Match Report,
Bundesliga,9,Sat,2024-11-02,15:30,Hoffenheim,0.7,0–2,0.9,St. Pauli,26199,PreZero Arena,Sascha Stegemann,Match Report,
Bundesliga,9,Sat,2024-11-02,18:30,Dortmund,2.0,2–1,0.5,RB Leipzig,81365,Signal Iduna Park,Tobias Stieler,Match Report,
Bundesliga,9,Sun,2024-11-03,15:30,Freiburg,0.8,0–0,0.5,Mainz 05,34400,Europa-Park Stadion,Benjamin Brand,Match Report,
Bundesliga,9,Sun,2024-11-03,17:30,Gladbach,2.5,4–1,1.4,Werder Bremen,54042,Stadion im Borussia-Park,Bastian Dankert,Match Report,
Bundesliga,10,Fri,2024-11-08,20:30,Union Berlin,0.7,0–0,1.7,Freiburg,22012,Stadion An der Alten Försterei,Tobias Reichel,Match Report,
Bundesliga,10,Sat,2024-11-09,15:30,Bochum,0.7,1–1,1.2,Leverkusen,26000,Vonovia Ruhrstadion,Robert Hartmann,Match Report,
Bundesliga,10,Sat,2024-11-09,15:30,Werder Bremen,1.7,2–1,0.7,Holstein Kiel,42100,Weserstadion,Sören Storks,Match Report,
Bundesliga,10,Sat,2024-11-09,15:30,Mainz 05,2.0,3–1,0.9,Dortmund,33000,Mewa Arena,Florian Badstübner,Match Report,
Bundesliga,10,Sat,2024-11-09,15:30,St. Pauli,0.1,0–1,0.8,Bayern Munich,29546,Millerntor-Stadion,Timo Gerach,Match Report,
Bundesliga,10,Sat,2024-11-09,18:30,RB Leipzig,1.0,0–0,0.9,Gladbach,46887,Red Bull Arena,Christian Dingert,Match Report,
Bundesliga,10,Sun,2024-11-10,15:30,Augsburg,0.9,0–0,0.5,Hoffenheim,28300,WWK Arena,Martin Petersen,Match Report,
Bundesliga,10,Sun,2024-11-10,17:30,Stuttgart,2.5,2–3,1.3,Eint Frankfurt,60000,MHPArena,Felix Zwayer,Match Report,
Bundesliga,10,Sun,2024-11-10,19:30,Heidenheim,2.4,1–3,1.5,Wolfsburg,15000,Voith-Arena,Harm Osmers,Match Report,
Bundesliga,11,Fri,2024-11-22,20:30,Bayern Munich,3.7,3–0,0.1,Augsburg,75000,Allianz Arena,Daniel Schlager,Match Report,
Bundesliga,11,Sat,2024-11-23,15:30,Wolfsburg,0.6,1–0,0.5,Union Berlin,23861,Volkswagen Arena,Tobias Stieler,Match Report,
Bundesliga,11,Sat,2024-11-23,15:30,Leverkusen,2.2,5–2,1.1,Heidenheim,29103,BayArena,Bastian Dankert,Match Report,
Bundesliga,11,Sat,2024-11-23,15:30,Hoffenheim,2.0,4–3,1.6,RB Leipzig,28023,PreZero Arena,Frank Willenborg,Match Report,
Bundesliga,11,Sat,2024-11-23,15:30,Stuttgart,1.7,2–0,0.7,Bochum,59000,MHPArena,Benjamin Brand,Match Report,
Round,Wk,Day,Date,Time,Home,xG,Score,xG,Away,Attendance,Venue,Referee,Match Report,Notes
Bundesliga,11,Sat,2024-11-23,15:30,Dortmund,1.3,4–0,0.8,Freiburg,81365,Signal Iduna Park,Felix Brych,Match Report,
Bundesliga,11,Sat,2024-11-23,18:30,Eint Frankfurt,1.1,1–0,0.4,Werder Bremen,58000,Deutsche Bank Park,Florian Badstübner,Match Report,
Bundesliga,11,Sun,2024-11-24,15:30,Holstein Kiel,0.4,0–3,2.2,Mainz 05,14906,Holstein-Stadion,Sascha Stegemann,Match Report,
Bundesliga,11,Sun,2024-11-24,17:30,Gladbach,2.3,2–0,1.1,St. Pauli,54042,Stadion im Borussia-Park,Robin Braun,Match Report,
Bundesliga,12,Fri,2024-11-29,20:30,St. Pauli,1.3,3–1,1.2,Holstein Kiel,29546,Millerntor-Stadion,Felix Zwayer,Match Report,
Bundesliga,12,Sat,2024-11-30,15:30,RB Leipzig,1.0,1–5,2.2,Wolfsburg,40000,Red Bull Arena,Martin Petersen,Match Report,
Bundesliga,12,Sat,2024-11-30,15:30,Freiburg,1.6,3–1,1.5,Gladbach,34700,Europa-Park Stadion,Robert Hartmann,Match Report,
Bundesliga,12,Sat,2024-11-30,15:30,Union Berlin,0.7,1–2,0.9,Leverkusen,22012,Stadion An der Alten Försterei,Christian Dingert,Match Report,
Bundesliga,12,Sat,2024-11-30,15:30,Werder Bremen,1.6,2–2,1.8,Stuttgart,42100,Weserstadion,Harm Osmers,Match Report,
Bundesliga,12,Sat,2024-11-30,15:30,Augsburg,1.9,1–0,0.3,Bochum,29556,WWK Arena,Tobias Reichel,Match Report,
Bundesliga,12,Sat,2024-11-30,18:30,Dortmund,0.6,1–1,1.5,Bayern Munich,81365,Signal Iduna Park,Sven Jablonski,Match Report,
Bundesliga,12,Sun,2024-12-01,15:30,Mainz 05,2.2,2–0,0.4,Hoffenheim,30400,Mewa Arena,Daniel Siebert,Match Report,
Bundesliga,12,Sun,2024-12-01,17:30,Heidenheim,0.7,0–4,2.6,Eint Frankfurt,15000,Voith-Arena,Florian Exner,Match Report,
Bundesliga,13,Fri,2024-12-06,20:30,Stuttgart,2.1,3–2,1.4,Union Berlin,59000,MHPArena,Tobias Welz,Match Report,
Bundesliga,13,Sat,2024-12-07,15:30,Bochum,1.2,0–1,0.8,Werder Bremen,26000,Vonovia Ruhrstadion,Felix Brych,Match Report,
Bundesliga,13,Sat,2024-12-07,15:30,Holstein Kiel,1.2,0–2,1.6,RB Leipzig,14715,Holstein-Stadion,Florian Badstübner,Match Report,
Bundesliga,13,Sat,2024-12-07,15:30,Leverkusen,0.9,2–1,1.8,St. Pauli,30210,BayArena,Matthias Jöllenbeck,Match Report,
Bundesliga,13,Sat,2024-12-07,15:30,Eint Frankfurt,1.7,2–2,0.6,Augsburg,57000,Deutsche Bank Park,Bastian Dankert,Match Report,
Bundesliga,13,Sat,2024-12-07,15:30,Bayern Munich,2.4,4–2,1.3,Heidenheim,75000,Allianz Arena,Sören Storks,Match Report,
Bundesliga,13,Sat,2024-12-07,18:30,Gladbach,1.1,1–1,1.5,Dortmund,54042,Stadion im Borussia-Park,Tobias Stieler,Match Report,
Bundesliga,13,Sun,2024-12-08,15:30,Wolfsburg,1.2,4–3,2.6,Mainz 05,20036,Volkswagen Arena,Timo Gerach,Match Report,
Bundesliga,13,Sun,2024-12-08,17:30,Hoffenheim,1.4,1–1,1.0,Freiburg,22027,PreZero Arena,Sven Jablonski,Match Report,
Bundesliga,14,Fri,2024-12-13,20:30,Freiburg,2.1,3–2,1.8,Wolfsburg,32600,Europa-Park Stadion,Sascha Stegemann,Match Report,
Bundesliga,14,Sat,2024-12-14,15:30,Augsburg,0.6,0–2,0.8,Leverkusen,29310,WWK Arena,Felix Zwayer,Match Report,
Bundesliga,14,Sat,2024-12-14,15:30,Mainz 05,1.0,2–1,1.4,Bayern Munich,33305,Mewa Arena,Frank Willenborg,Match Report,
Bundesliga,14,Sat,2024-12-14,15:30,Union Berlin,2.5,0–2,1.0,Bochum,22012,Stadion An der Alten Försterei,Martin Petersen,Match Report,Match awarded to Bochum
Bundesliga,14,Sat,2024-12-14,15:30,Gladbach,2.4,4–1,0.6,Holstein Kiel,52210,Stadion im Borussia-Park,Daniel Schlager,Match Report,
Bundesliga,14,Sat,2024-12-14,18:30,St. Pauli,0.6,0–2,1.0,Werder Bremen,29546,Millerntor-Stadion,Robert Hartmann,Match Report,
Bundesliga,14,Sun,2024-12-15,15:30,Heidenheim,1.0,1–3,2.3,Stuttgart,15000,Voith-Arena,Christian Dingert,Match Report,
Bundesliga,14,Sun,2024-12-15,17:30,Dortmund,0.5,1–1,1.0,Hoffenheim,81365,Signal Iduna Park,Harm Osmers,Match Report,
Bundesliga,14,Sun,2024-12-15,19:30,RB Leipzig,1.9,2–1,0.9,Eint Frankfurt,40193,Red Bull Arena,Benjamin Brand,Match Report,
Round,Wk,Day,Date,Time,Home,xG,Score,xG,Away,Attendance,Venue,Referee,Match Report,Notes
Bundesliga,15,Fri,2024-12-20,20:30,Bayern Munich,3.3,5–1,0.4,RB Leipzig,75000,Allianz Arena,Daniel Siebert,Match Report,
Bundesliga,15,Sat,2024-12-21,15:30,Werder Bremen,2.3,4–1,1.3,Union Berlin,42100,Weserstadion,Florian Exner,Match Report,
Bundesliga,15,Sat,2024-12-21,15:30,Eint Frankfurt,2.4,1–3,0.6,Mainz 05,58000,Deutsche Bank Park,Florian Badstübner,Match Report,
Bundesliga,15,Sat,2024-12-21,15:30,Stuttgart,2.1,0–1,2.2,St. Pauli,60000,MHPArena,Felix Brych,Match Report,
Bundesliga,15,Sat,2024-12-21,15:30,Hoffenheim,3.5,1–2,0.7,Gladbach,28923,PreZero Arena,Bastian Dankert,Match Report,
Bundesliga,15,Sat,2024-12-21,15:30,Holstein Kiel,1.7,5–1,1.5,Augsburg,14830,Holstein-Stadion,Tobias Welz,Match Report,
Bundesliga,15,Sat,2024-12-21,18:30,Leverkusen,2.8,5–1,0.7,Freiburg,30210,BayArena,Tobias Stieler,Match Report,
Bundesliga,15,Sun,2024-12-22,15:30,Bochum,1.6,2–0,0.6,Heidenheim,24328,Vonovia Ruhrstadion,Sven Jablonski,Match Report,
Bundesliga,15,Sun,2024-12-22,17:30,Wolfsburg,1.5,1–3,2.7,Dortmund,28917,Volkswagen Arena,Matthias Jöllenbeck,Match Report,
Bundesliga,16,Fri,2025-01-10,20:45,Dortmund,1.3,2–3,1.6,Leverkusen,81365,Signal Iduna Park,Tobias Stieler,Match Report,
Bundesliga,16,Sat,2025-01-11,15:30,Mainz 05,1.9,2–0,0.6,Bochum,32000,Mewa Arena,Benjamin Brand,Match Report,
Bundesliga,16,Sat,2025-01-11,15:30,St. Pauli,2.2,0–1,1.5,Eint Frankfurt,29546,Millerntor-Stadion,Harm Osmers,Match Report,
Bundesliga,16,Sat,2025-01-11,15:30,Heidenheim,1.4,2–0,1.1,Union Berlin,15000,Voith-Arena,Robert Hartmann,Match Report,
Bundesliga,16,Sat,2025-01-11,15:30,Freiburg,0.7,3–2,1.8,Holstein Kiel,33700,Europa-Park Stadion,Sören Storks,Match Report,
Bundesliga,16,Sat,2025-01-11,15:30,Hoffenheim,0.9,0–1,0.7,Wolfsburg,18114,PreZero Arena,Christian Dingert,Match Report,
Bundesliga,16,Sat,2025-01-11,18:30,Gladbach,0.4,0–1,4.3,Bayern Munich,54042,Stadion im Borussia-Park,Felix Zwayer,Match Report,
Bundesliga,16,Sun,2025-01-12,15:30,RB Leipzig,2.1,4–2,1.5,Werder Bremen,47187,Red Bull Arena,Tobias Reichel,Match Report,
Bundesliga,16,Sun,2025-01-12,17:30,Augsburg,0.3,0–1,2.4,Stuttgart,30660,WWK Arena,Daniel Schlager,Match Report,
Bundesliga,17,Tue,2025-01-14,18:30,Holstein Kiel,1.6,4–2,1.0,Dortmund,15034,Holstein-Stadion,Martin Petersen,Match Report,
Bundesliga,17,Tue,2025-01-14,20:30,Wolfsburg,3.9,5–1,1.1,Gladbach,20519,Volkswagen Arena,Florian Badstübner,Match Report,
Bundesliga,17,Tue,2025-01-14,20:30,Leverkusen,1.8,1–0,0.7,Mainz 05,30210,BayArena,Tobias Welz,Match Report,
Bundesliga,17,Tue,2025-01-14,20:30,Eint Frankfurt,2.4,4–1,0.5,Freiburg,56500,Deutsche Bank Park,Sven Jablonski,Match Report,
Bundesliga,17,Wed,2025-01-15,18:30,Bochum,1.4,1–0,0.7,St. Pauli,26000,Vonovia Ruhrstadion,Daniel Siebert,Match Report,
Bundesliga,17,Wed,2025-01-15,20:30,Union Berlin,0.8,0–2,1.2,Augsburg,21560,Stadion An der Alten Försterei,Frank Willenborg,Match Report,
Bundesliga,17,Wed,2025-01-15,20:30,Stuttgart,2.5,2–1,1.0,RB Leipzig,57500,MHPArena,Sascha Stegemann,Match Report,
Bundesliga,17,Wed,2025-01-15,20:30,Werder Bremen,1.5,3–3,1.4,Heidenheim,39350,Weserstadion,Matthias Jöllenbeck,Match Report,
Bundesliga,17,Wed,2025-01-15,20:30,Bayern Munich,3.4,5–0,0.2,Hoffenheim,75000,Allianz Arena,Timo Gerach,Match Report,
Bundesliga,18,Fri,2025-01-17,20:30,Eint Frankfurt,1.7,2–0,0.8,Dortmund,58000,Deutsche Bank Park,Daniel Schlager,Match Report,
Bundesliga,18,Sat,2025-01-18,15:30,Holstein Kiel,1.0,1–3,0.8,Hoffenheim,13923,Holstein-Stadion,Felix Brych,Match Report,
Bundesliga,18,Sat,2025-01-18,15:30,Heidenheim,0.7,0–2,1.9,St. Pauli,15000,Voith-Arena,Bastian Dankert,Match Report,
Bundesliga,18,Sat,2025-01-18,15:30,Bochum,2.7,3–3,2.2,RB Leipzig,24158,Vonovia Ruhrstadion,Robert Hartmann,Match Report,
Bundesliga,18,Sat,2025-01-18,15:30,Stuttgart,1.9,4–0,0.2,Freiburg,60000,MHPArena,Felix Zwayer,Match Report,
Round,Wk,Day,Date,Time,Home,xG,Score,xG,Away,Attendance,Venue,Referee,Match Report,Notes
Bundesliga,18,Sat,2025-01-18,15:30,Bayern Munich,3.0,3–2,0.5,Wolfsburg,75000,Allianz Arena,Tobias Reichel,Match Report,
Bundesliga,18,Sat,2025-01-18,18:30,Leverkusen,2.1,3–1,0.6,Gladbach,30210,BayArena,Harm Osmers,Match Report,
Bundesliga,18,Sun,2025-01-19,15:30,Union Berlin,2.1,2–1,1.7,Mainz 05,21646,Stadion An der Alten Försterei,Florian Exner,Match Report,
Bundesliga,18,Sun,2025-01-19,17:30,Werder Bremen,1.3,0–2,1.2,Augsburg,39350,Weserstadion,Benjamin Brand,Match Report,
Bundesliga,19,Fri,2025-01-24,20:30,Wolfsburg,2.0,2–2,0.2,Holstein Kiel,22103,Volkswagen Arena,Sven Jablonski,Match Report,
Bundesliga,19,Sat,2025-01-25,15:30,Freiburg,0.3,1–2,1.0,Bayern Munich,34700,Europa-Park Stadion,Daniel Siebert,Match Report,
Bundesliga,19,Sat,2025-01-25,15:30,RB Leipzig,0.7,2–2,2.4,Leverkusen,46793,Red Bull Arena,Bastian Dankert,Match Report,
Bundesliga,19,Sat,2025-01-25,15:30,Dortmund,1.0,2–2,1.3,Werder Bremen,81365,Signal Iduna Park,Christian Dingert,Match Report,
Bundesliga,19,Sat,2025-01-25,15:30,Augsburg,1.1,2–1,1.2,Heidenheim,30660,WWK Arena,Florian Badstübner,Match Report,
Bundesliga,19,Sat,2025-01-25,15:30,Mainz 05,1.9,2–0,1.1,Stuttgart,33000,Mewa Arena,Tobias Stieler,Match Report,
Bundesliga,19,Sat,2025-01-25,18:30,Gladbach,2.3,3–0,0.5,Bochum,54042,Stadion im Borussia-Park,Matthias Jöllenbeck,Match Report,
Bundesliga,19,Sun,2025-01-26,15:30,Hoffenheim,2.4,2–2,2.4,Eint Frankfurt,30150,PreZero Arena,Sascha Stegemann,Match Report,
Bundesliga,19,Sun,2025-01-26,17:30,St. Pauli,1.2,3–0,1.1,Union Berlin,29546,Millerntor-Stadion,Sören Storks,Match Report,
Bundesliga,20,Fri,2025-01-31,20:30,Werder Bremen,2.5,1–0,1.2,Mainz 05,40500,Weserstadion,Martin Petersen,Match Report,
Bundesliga,20,Sat,2025-02-01,15:30,Heidenheim,0.6,1–2,2.2,Dortmund,15000,Voith-Arena,Frank Willenborg,Match Report,
Bundesliga,20,Sat,2025-02-01,15:30,St. Pauli,0.8,1–1,0.3,Augsburg,29546,Millerntor-Stadion,Tobias Reichel,Match Report,
Bundesliga,20,Sat,2025-02-01,15:30,Bayern Munich,3.4,4–3,1.8,Holstein Kiel,75000,Allianz Arena,Florian Exner,Match Report,
Bundesliga,20,Sat,2025-02-01,15:30,Bochum,1.0,0–1,1.7,Freiburg,25900,Vonovia Ruhrstadion,Tobias Welz,Match Report,
Bundesliga,20,Sat,2025-02-01,15:30,Stuttgart,1.2,1–2,2.1,Gladbach,60000,MHPArena,Robert Hartmann,Match Report,
Bundesliga,20,Sat,2025-02-01,18:30,Union Berlin,1.3,0–0,0.3,RB Leipzig,22012,Stadion An der Alten Försterei,Daniel Schlager,Match Report,
Bundesliga,20,Sun,2025-02-02,15:30,Eint Frankfurt,1.2,1–1,1.2,Wolfsburg,56900,Deutsche Bank Park,Benjamin Brand,Match Report,
Bundesliga,20,Sun,2025-02-02,17:30,Leverkusen,1.4,3–1,1.9,Hoffenheim,29278,BayArena,Robin Braun,Match Report,
Bundesliga,21,Fri,2025-02-07,20:30,Bayern Munich,4.1,3–0,0.1,Werder Bremen,75000,Allianz Arena,Sören Storks,Match Report,
Bundesliga,21,Sat,2025-02-08,15:30,Freiburg,1.0,1–0,0.5,Heidenheim,34000,Europa-Park Stadion,Timo Gerach,Match Report,
Bundesliga,21,Sat,2025-02-08,15:30,Dortmund,1.4,1–2,0.3,Stuttgart,81365,Signal Iduna Park,Daniel Siebert,Match Report,
Bundesliga,21,Sat,2025-02-08,15:30,Wolfsburg,0.7,0–0,1.4,Leverkusen,28198,Volkswagen Arena,Sascha Stegemann,Match Report,
Bundesliga,21,Sat,2025-02-08,15:30,Hoffenheim,1.1,0–4,2.8,Union Berlin,20023,PreZero Arena,Tobias Stieler,Match Report,
Bundesliga,21,Sat,2025-02-08,15:30,Mainz 05,1.3,0–0,0.3,Augsburg,33000,Mewa Arena,Daniel Schlager,Match Report,
Bundesliga,21,Sat,2025-02-08,18:30,Gladbach,0.4,1–1,2.2,Eint Frankfurt,54042,Stadion im Borussia-Park,Christian Dingert,Match Report,
Bundesliga,21,Sun,2025-02-09,15:30,Holstein Kiel,1.9,2–2,2.3,Bochum,15034,Holstein-Stadion,Felix Zwayer,Match Report,
Bundesliga,21,Sun,2025-02-09,17:30,RB Leipzig,1.5,2–0,0.6,St. Pauli,46021,Red Bull Arena,Florian Badstübner,Match Report,
Round,Wk,Day,Date,Time,Home,xG,Score,xG,Away,Attendance,Venue,Referee,Match Report,Notes
Bundesliga,22,Fri,2025-02-14,20:30,Augsburg,1.0,0–0,1.2,RB Leipzig,28260,WWK Arena,Sascha Stegemann,Match Report,
Bundesliga,22,Sat,2025-02-15,15:30,Stuttgart,0.8,1–2,1.6,Wolfsburg,58000,MHPArena,Tobias Welz,Match Report,
Bundesliga,22,Sat,2025-02-15,15:30,Union Berlin,2.0,1–2,2.1,Gladbach,22012,Stadion An der Alten Försterei,Sven Jablonski,Match Report,
Bundesliga,22,Sat,2025-02-15,15:30,St. Pauli,0.2,0–1,1.3,Freiburg,29546,Millerntor-Stadion,Benjamin Brand,Match Report,
Bundesliga,22,Sat,2025-02-15,15:30,Bochum,2.7,2–0,2.6,Dortmund,26000,Vonovia Ruhrstadion,Harm Osmers,Match Report,
Bundesliga,22,Sat,2025-02-15,18:30,Leverkusen,2.0,0–0,0.0,Bayern Munich,30210,BayArena,Daniel Siebert,Match Report,
Bundesliga,22,Sun,2025-02-16,15:30,Werder Bremen,1.1,1–3,1.4,Hoffenheim,39400,Weserstadion,Frank Willenborg,Match Report,
Bundesliga,22,Sun,2025-02-16,17:30,Eint Frankfurt,2.5,3–1,1.4,Holstein Kiel,57700,Deutsche Bank Park,Robert Hartmann,Match Report,
Bundesliga,22,Sun,2025-02-16,19:30,Heidenheim,0.6,0–2,2.0,Mainz 05,15000,Voith-Arena,Felix Brych,Match Report,
Bundesliga,23,Fri,2025-02-21,20:30,Freiburg,1.8,5–0,1.2,Werder Bremen,34700,Europa-Park Stadion,Max Burda,Match Report,
Bundesliga,23,Sat,2025-02-22,15:30,Mainz 05,1.2,2–0,0.8,St. Pauli,33305,Mewa Arena,Felix Zwayer,Match Report,
Bundesliga,23,Sat,2025-02-22,15:30,Wolfsburg,1.6,1–1,0.8,Bochum,23772,Volkswagen Arena,Timo Gerach,Match Report,
Bundesliga,23,Sat,2025-02-22,15:30,Gladbach,1.0,0–3,1.5,Augsburg,51493,Stadion im Borussia-Park,Florian Exner,Match Report,
Bundesliga,23,Sat,2025-02-22,15:30,Holstein Kiel,0.3,0–2,1.8,Leverkusen,15034,Holstein-Stadion,Daniel Schlager,Match Report,
Bundesliga,23,Sat,2025-02-22,18:30,Dortmund,4.8,6–0,0.3,Union Berlin,81365,Signal Iduna Park,Bastian Dankert,Match Report,
Bundesliga,23,Sun,2025-02-23,15:30,RB Leipzig,1.9,2–2,0.8,Heidenheim,36619,Red Bull Arena,Martin Petersen,Match Report,
Bundesliga,23,Sun,2025-02-23,17:30,Bayern Munich,3.8,4–0,0.5,Eint Frankfurt,75000,Allianz Arena,Sascha Stegemann,Match Report,
Bundesliga,23,Sun,2025-02-23,19:30,Hoffenheim,1.0,1–1,2.1,Stuttgart,30150,PreZero Arena,Christian Dingert,Match Report,
Bundesliga,24,Fri,2025-02-28,20:30,Stuttgart,0.9,1–3,2.2,Bayern Munich,60000,MHPArena,Benjamin Brand,Match Report,
Bundesliga,24,Sat,2025-03-01,15:30,Werder Bremen,1.9,1–2,0.9,Wolfsburg,41152,Weserstadion,Felix Brych,Match Report,
Bundesliga,24,Sat,2025-03-01,15:30,RB Leipzig,1.4,1–2,1.5,Mainz 05,41406,Red Bull Arena,Daniel Siebert,Match Report,
Bundesliga,24,Sat,2025-03-01,15:30,Heidenheim,1.6,0–3,1.8,Gladbach,15000,Voith-Arena,Sören Storks,Match Report,
Bundesliga,24,Sat,2025-03-01,15:30,Bochum,0.9,0–1,0.6,Hoffenheim,24120,Vonovia Ruhrstadion,Florian Badstübner,Match Report,
Bundesliga,24,Sat,2025-03-01,15:30,St. Pauli,0.4,0–2,1.5,Dortmund,29546,Millerntor-Stadion,Tobias Stieler,Match Report,
Bundesliga,24,Sat,2025-03-01,18:30,Eint Frankfurt,1.1,1–4,2.0,Leverkusen,58000,Deutsche Bank Park,Felix Zwayer,Match Report,
Bundesliga,24,Sun,2025-03-02,15:30,Union Berlin,1.2,0–1,1.0,Holstein Kiel,22012,Stadion An der Alten Försterei,Tobias Reichel,Match Report,
Bundesliga,24,Sun,2025-03-02,17:30,Augsburg,1.5,0–0,0.8,Freiburg,29651,WWK Arena,Harm Osmers,Match Report,
Bundesliga,25,Fri,2025-03-07,20:30,Gladbach,1.4,1–3,1.5,Mainz 05,51749,Stadion im Borussia-Park,Sascha Stegemann,Match Report,
Bundesliga,25,Sat,2025-03-08,15:30,Leverkusen,1.6,0–2,1.1,Werder Bremen,30210,BayArena,Tobias Welz,Match Report,
Bundesliga,25,Sat,2025-03-08,15:30,Bayern Munich,2.4,2–3,1.1,Bochum,75000,Allianz Arena,Christian Dingert,Match Report,
Bundesliga,25,Sat,2025-03-08,15:30,Holstein Kiel,1.4,2–2,0.8,Stuttgart,15034,Holstein-Stadion,Bastian Dankert,Match Report,
Bundesliga,25,Sat,2025-03-08,15:30,Wolfsburg,2.0,1–1,1.5,St. Pauli,28917,Volkswagen Arena,Robert Hartmann,Match Report,
Round,Wk,Day,Date,Time,Home,xG,Score,xG,Away,Attendance,Venue,Referee,Match Report,Notes
Bundesliga,25,Sat,2025-03-08,15:30,Dortmund,1.2,0–1,0.2,Augsburg,81365,Signal Iduna Park,Deniz Aytekin,Match Report,
Bundesliga,25,Sat,2025-03-08,18:30,Freiburg,0.5,0–0,1.5,RB Leipzig,32900,Europa-Park Stadion,Sven Jablonski,Match Report,
Bundesliga,25,Sun,2025-03-09,15:30,Eint Frankfurt,1.8,1–2,0.9,Union Berlin,58000,Deutsche Bank Park,Frank Willenborg,Match Report,
Bundesliga,25,Sun,2025-03-09,17:30,Hoffenheim,1.3,1–1,1.2,Heidenheim,20814,PreZero Arena,Daniel Schlager,Match Report,
Bundesliga,26,Fri,2025-03-14,20:30,St. Pauli,2.0,1–0,0.2,Hoffenheim,29546,Millerntor-Stadion,Felix Brych,Match Report,
Bundesliga,26,Sat,2025-03-15,15:30,Union Berlin,0.7,1–1,1.6,Bayern Munich,22012,Stadion An der Alten Försterei,Florian Exner,Match Report,
Bundesliga,26,Sat,2025-03-15,15:30,Werder Bremen,2.5,2–4,2.4,Gladbach,42100,Weserstadion,Timo Gerach,Match Report,
Bundesliga,26,Sat,2025-03-15,15:30,Mainz 05,1.3,2–2,3.1,Freiburg,33305,Mewa Arena,Benjamin Brand,Match Report,
Bundesliga,26,Sat,2025-03-15,15:30,Augsburg,0.7,1–0,0.8,Wolfsburg,28351,WWK Arena,Martin Petersen,Match Report,
Bundesliga,26,Sat,2025-03-15,18:30,RB Leipzig,1.8,2–0,3.0,Dortmund,47800,Red Bull Arena,Matthias Jöllenbeck,Match Report,
Bundesliga,26,Sun,2025-03-16,15:30,Bochum,1.4,1–3,2.5,Eint Frankfurt,26000,Vonovia Ruhrstadion,Felix Zwayer,Match Report,
Bundesliga,26,Sun,2025-03-16,17:30,Heidenheim,1.5,3–1,1.5,Holstein Kiel,15000,Voith-Arena,Harm Osmers,Match Report,
Bundesliga,26,Sun,2025-03-16,19:30,Stuttgart,2.3,3–4,1.7,Leverkusen,59000,MHPArena,Daniel Siebert,Match Report,
Bundesliga,27,Fri,2025-03-28,20:30,Leverkusen,2.0,3–1,0.5,Bochum,30210,BayArena,Sven Jablonski,Match Report,
Bundesliga,27,Sat,2025-03-29,15:30,Hoffenheim,1.4,1–1,0.6,Augsburg,21427,PreZero Arena,Tobias Reichel,Match Report,
Bundesliga,27,Sat,2025-03-29,15:30,Holstein Kiel,0.5,0–3,1.8,Werder Bremen,15034,Holstein-Stadion,Sascha Stegemann,Match Report,
Bundesliga,27,Sat,2025-03-29,15:30,Gladbach,1.8,1–0,1.3,RB Leipzig,52358,Stadion im Borussia-Park,Tobias Stieler,Match Report,
Bundesliga,27,Sat,2025-03-29,15:30,Bayern Munich,3.5,3–2,1.0,St. Pauli,75000,Allianz Arena,Florian Badstübner,Match Report,
Bundesliga,27,Sat,2025-03-29,15:30,Wolfsburg,1.3,0–1,1.3,Heidenheim,21545,Volkswagen Arena,Bastian Dankert,Match Report,
Bundesliga,27,Sat,2025-03-29,18:30,Eint Frankfurt,3.7,1–0,1.2,Stuttgart,58000,Deutsche Bank Park,Deniz Aytekin,Match Report,
Bundesliga,27,Sun,2025-03-30,15:30,Freiburg,1.4,1–2,1.0,Union Berlin,34300,Europa-Park Stadion,Sören Storks,Match Report,
Bundesliga,27,Sun,2025-03-30,17:30,Dortmund,2.8,3–1,0.8,Mainz 05,81365,Signal Iduna Park,Daniel Schlager,Match Report,
Bundesliga,28,Fri,2025-04-04,20:30,Augsburg,0.4,1–3,2.4,Bayern Munich,30660,WWK Arena,Matthias Jöllenbeck,Match Report,
Bundesliga,28,Sat,2025-04-05,15:30,Mainz 05,1.8,1–1,0.9,Holstein Kiel,32500,Mewa Arena,Frank Willenborg,Match Report,
Bundesliga,28,Sat,2025-04-05,15:30,RB Leipzig,1.6,3–1,0.9,Hoffenheim,44478,Red Bull Arena,Robert Hartmann,Match Report,
Bundesliga,28,Sat,2025-04-05,15:30,Freiburg,1.8,1–4,3.3,Dortmund,34700,Europa-Park Stadion,Felix Zwayer,Match Report,
Bundesliga,28,Sat,2025-04-05,15:30,Bochum,0.8,0–4,2.8,Stuttgart,26000,Vonovia Ruhrstadion,Felix Brych,Match Report,
Bundesliga,28,Sat,2025-04-05,15:30,Heidenheim,1.0,0–1,0.4,Leverkusen,15000,Voith-Arena,Tobias Stieler,Match Report,
Bundesliga,28,Sat,2025-04-05,18:30,Werder Bremen,1.0,2–0,0.5,Eint Frankfurt,42100,Weserstadion,Daniel Siebert,Match Report,
Bundesliga,28,Sun,2025-04-06,15:30,St. Pauli,1.9,1–1,0.6,Gladbach,29546,Millerntor-Stadion,Christian Dingert,Match Report,
Bundesliga,28,Sun,2025-04-06,17:30,Union Berlin,1.2,1–0,1.9,Wolfsburg,22012,Stadion An der Alten Försterei,Harm Osmers,Match Report,
Round,Wk,Day,Date,Time,Home,xG,Score,xG,Away,Attendance,Venue,Referee,Match Report,Notes
Bundesliga,29,Fri,2025-04-11,20:30,Wolfsburg,1.6,2–3,1.3,RB Leipzig,23070,Volkswagen Arena,Florian Exner,Match Report,
Bundesliga,29,Sat,2025-04-12,15:30,Hoffenheim,1.7,2–0,1.2,Mainz 05,30150,PreZero Arena,Sven Jablonski,Match Report,
Bundesliga,29,Sat,2025-04-12,15:30,Gladbach,0.7,1–2,1.6,Freiburg,53981,Stadion im Borussia-Park,Deniz Aytekin,Match Report,
Bundesliga,29,Sat,2025-04-12,15:30,Bochum,2.8,1–2,1.1,Augsburg,25048,Vonovia Ruhrstadion,Martin Petersen,Match Report,
Bundesliga,29,Sat,2025-04-12,15:30,Leverkusen,0.8,0–0,0.5,Union Berlin,30210,BayArena,Bastian Dankert,Match Report,
Bundesliga,29,Sat,2025-04-12,15:30,Holstein Kiel,0.5,1–2,1.2,St. Pauli,15034,Holstein-Stadion,Benjamin Brand,Match Report,
Bundesliga,29,Sat,2025-04-12,18:30,Bayern Munich,2.3,2–2,1.6,Dortmund,75000,Allianz Arena,Tobias Welz,Match Report,
Bundesliga,29,Sun,2025-04-13,15:30,Stuttgart,1.7,1–2,1.5,Werder Bremen,60000,MHPArena,Daniel Schlager,Match Report,
Bundesliga,29,Sun,2025-04-13,17:30,Eint Frankfurt,3.7,3–0,1.7,Heidenheim,57500,Deutsche Bank Park,Timo Gerach,Match Report,
Bundesliga,30,Sat,2025-04-19,15:30,RB Leipzig,1.9,1–1,0.8,Holstein Kiel,45940,Red Bull Arena,Felix Brych,Match Report,
Bundesliga,30,Sat,2025-04-19,15:30,Freiburg,1.3,3–2,1.5,Hoffenheim,34100,Europa-Park Stadion,Sascha Stegemann,Match Report,
Bundesliga,30,Sat,2025-04-19,15:30,Werder Bremen,1.8,1–0,0.7,Bochum,42100,Weserstadion,Robert Schröder,Match Report,
Bundesliga,30,Sat,2025-04-19,15:30,Heidenheim,0.6,0–4,3.2,Bayern Munich,15000,Voith-Arena,Frank Willenborg,Match Report,
Bundesliga,30,Sat,2025-04-19,15:30,Mainz 05,2.7,2–2,1.6,Wolfsburg,31500,Mewa Arena,Felix Zwayer,Match Report,
Bundesliga,30,Sat,2025-04-19,18:30,Union Berlin,1.3,4–4,0.9,Stuttgart,22012,Stadion An der Alten Försterei,Tobias Stieler,Match Report,
Bundesliga,30,Sun,2025-04-20,15:30,Augsburg,0.9,0–0,1.1,Eint Frankfurt,30660,WWK Arena,Florian Badstübner,Match Report,
Bundesliga,30,Sun,2025-04-20,17:30,Dortmund,1.4,3–2,1.4,Gladbach,81365,Signal Iduna Park,Daniel Siebert,Match Report,
Bundesliga,30,Sun,2025-04-20,19:30,St. Pauli,1.1,1–1,0.8,Leverkusen,29546,Millerntor-Stadion,Sören Storks,Match Report,
Bundesliga,31,Fri,2025-04-25,20:30,Stuttgart,1.8,0–1,0.3,Heidenheim,60000,MHPArena,Tobias Welz,Match Report,
Bundesliga,31,Sat,2025-04-26,15:30,Hoffenheim,1.1,2–3,2.6,Dortmund,30150,PreZero Arena,Benjamin Brand,Match Report,
Bundesliga,31,Sat,2025-04-26,15:30,Bayern Munich,1.1,3–0,0.7,Mainz 05,75000,Allianz Arena,Bastian Dankert,Match Report,
Bundesliga,31,Sat,2025-04-26,15:30,Leverkusen,0.9,2–0,0.7,Augsburg,29563,BayArena,Christian Dingert,Match Report,
Bundesliga,31,Sat,2025-04-26,15:30,Holstein Kiel,3.5,4–3,1.6,Gladbach,15034,Holstein-Stadion,Robert Hartmann,Match Report,
Bundesliga,31,Sat,2025-04-26,15:30,Wolfsburg,0.3,0–1,1.6,Freiburg,23145,Volkswagen Arena,Sven Jablonski,Match Report,
Bundesliga,31,Sat,2025-04-26,18:30,Eint Frankfurt,2.1,4–0,0.4,RB Leipzig,56500,Deutsche Bank Park,Matthias Jöllenbeck,Match Report,
Bundesliga,31,Sun,2025-04-27,15:30,Bochum,1.5,1–1,0.3,Union Berlin,26000,Vonovia Ruhrstadion,Deniz Aytekin,Match Report,
Bundesliga,31,Sun,2025-04-27,17:30,Werder Bremen,1.1,0–0,0.6,St. Pauli,42100,Weserstadion,Tobias Reichel,Match Report,
Bundesliga,32,Fri,2025-05-02,20:30,Heidenheim,0.7,0–0,1.3,Bochum,15000,Voith-Arena,Sascha Stegemann,Match Report,
Bundesliga,32,Sat,2025-05-03,15:30,St. Pauli,0.4,0–1,2.7,Stuttgart,29546,Millerntor-Stadion,Florian Exner,Match Report,
Bundesliga,32,Sat,2025-05-03,15:30,Gladbach,1.4,4–4,1.8,Hoffenheim,52000,Stadion im Borussia-Park,Frank Willenborg,Match Report,
Bundesliga,32,Sat,2025-05-03,15:30,RB Leipzig,1.2,3–3,1.6,Bayern Munich,47800,Red Bull Arena,Felix Zwayer,Match Report,
Bundesliga,32,Sat,2025-05-03,15:30,Union Berlin,1.5,2–2,1.6,Werder Bremen,22012,Stadion An der Alten Försterei,Sören Storks,Match Report,
Round,Wk,Day,Date,Time,Home,xG,Score,xG,Away,Attendance,Venue,Referee,Match Report,Notes
Bundesliga,32,Sat,2025-05-03,18:30,Dortmund,2.4,4–0,0.7,Wolfsburg,81365,Signal Iduna Park,Felix Brych,Match Report,
Bundesliga,32,Sun,2025-05-04,15:30,Augsburg,3.2,1–3,1.7,Holstein Kiel,28660,WWK Arena,Harm Osmers,Match Report,
Bundesliga,32,Sun,2025-05-04,17:30,Freiburg,0.9,2–2,0.3,Leverkusen,34700,Europa-Park Stadion,Daniel Siebert,Match Report,
Bundesliga,32,Sun,2025-05-04,19:30,Mainz 05,1.4,1–1,1.3,Eint Frankfurt,33305,Mewa Arena,Martin Petersen,Match Report,
Bundesliga,33,Fri,2025-05-09,20:30,Wolfsburg,1.0,2–2,1.4,Hoffenheim,20145,Volkswagen Arena,Matthias Jöllenbeck,Match Report,
Bundesliga,33,Sat,2025-05-10,15:30,Bochum,0.9,1–4,1.5,Mainz 05,26000,Vonovia Ruhrstadion,Tobias Stieler,Match Report,
Bundesliga,33,Sat,2025-05-10,15:30,Werder Bremen,2.0,0–0,1.7,RB Leipzig,41000,Weserstadion,Bastian Dankert,Match Report,
Bundesliga,33,Sat,2025-05-10,15:30,Holstein Kiel,1.0,1–2,1.4,Freiburg,15034,Holstein-Stadion,Robert Schröder,Match Report,
Bundesliga,33,Sat,2025-05-10,15:30,Union Berlin,0.5,0–3,1.1,Heidenheim,22000,Stadion An der Alten Försterei,Florian Badstübner,Match Report,
Bundesliga,33,Sat,2025-05-10,18:30,Bayern Munich,2.5,2–0,1.6,Gladbach,75000,Allianz Arena,Sven Jablonski,Match Report,
Bundesliga,33,Sun,2025-05-11,15:30,Leverkusen,2.2,2–4,1.2,Dortmund,30210,BayArena,Deniz Aytekin,Match Report,
Bundesliga,33,Sun,2025-05-11,17:30,Eint Frankfurt,1.7,2–2,0.8,St. Pauli,58000,Deutsche Bank Park,Christian Dingert,Match Report,
Bundesliga,33,Sun,2025-05-11,19:30,Stuttgart,3.9,4–0,0.5,Augsburg,59000,MHPArena,Timo Gerach,Match Report,
Bundesliga,34,Sat,2025-05-17,15:30,RB Leipzig,1.1,2–3,2.6,Stuttgart,47800,Red Bull Arena,Daniel Siebert,Match Report,
Bundesliga,34,Sat,2025-05-17,15:30,Gladbach,1.0,0–1,1.7,Wolfsburg,53048,Stadion im Borussia-Park,Sascha Stegemann,Match Report,
Bundesliga,34,Sat,2025-05-17,15:30,Heidenheim,1.6,1–4,2.2,Werder Bremen,15000,Voith-Arena,Tobias Welz,Match Report,
Bundesliga,34,Sat,2025-05-17,15:30,St. Pauli,0.8,0–2,1.3,Bochum,29546,Millerntor-Stadion,Felix Zwayer,Match Report,
Bundesliga,34,Sat,2025-05-17,15:30,Freiburg,0.7,1–3,2.0,Eint Frankfurt,34700,Europa-Park Stadion,Benjamin Brand,Match Report,
Bundesliga,34,Sat,2025-05-17,15:30,Augsburg,1.7,1–2,0.8,Union Berlin,30660,WWK Arena,Felix Brych,Match Report,
Bundesliga,34,Sat,2025-05-17,15:30,Mainz 05,3.1,2–2,1.2,Leverkusen,33305,Mewa Arena,Tobias Reichel,Match Report,
Bundesliga,34,Sat,2025-05-17,15:30,Dortmund,2.4,3–0,0.8,Holstein Kiel,81365,Signal Iduna Park,Harm Osmers,Match Report,
Bundesliga,34,Sat,2025-05-17,15:30,Hoffenheim,0.4,0–4,1.4,Bayern Munich,30150,PreZero Arena,Daniel Schlager,Match Report,
German 1/2 Relegation/Promotion play-offs,,Thu,2025-05-22,20:30,Heidenheim,,2–2,,Elversberg,15000,Voith-Arena,Sven Jablonski,Match Report,Leg 1 of 2
German 1/2 Relegation/Promotion play-offs,,Mon,2025-05-26,20:30,Elversberg,,1–2,,Heidenheim,9105,Ursapharm-Arena an der Kaiserlinde,Sascha Stegemann,Match Report,Leg 2 of 2; Heidenheim won
