rk,player,nation,pos,squad,age,born,mp,starts,min,90s,gls,ast,g_plus_a,g_pk,pk,pkatt,crdy,crdr,xg,npxg,xag,npxg_xag,prgc,prgp,prgr,gls_per90,ast_per90,g_plus_a_per90,g_pk_per90,g_plus_a_pk_per90,xg_per90,xag_per90,xg_xag_per90,npxg_per90,npxg_xag_per90,matches
1,Ismael Aaneba,fr FRA,DF,Strasbourg,21,1999,2,0,11,0.1,0,0,0,0,0,0,0,0,0.0,0.0,0.0,0.0,0,0,0,0.00,0.00,0.00,0.00,0.00,0.00,0.00,0.00,0.00,0.00,Matches
2,Yunis Abdelhamid,ma MAR,DF,Reims,32,1987,33,33,2889,32.1,3,0,3,3,0,0,4,1,1.9,1.9,0.3,2.2,18,99,3,0.09,0.00,0.09,0.09,0.09,0.06,0.01,0.07,0.06,0.07,Matches
3,Mehdi Abeid,dz ALG,MF,Nantes,27,1992,18,15,1320,14.7,0,0,0,0,0,0,5,0,1.0,1.0,0.8,1.8,32,65,16,0.00,0.00,0.00,0.00,0.00,0.07,0.05,0.12,0.07,0.12,Matches
4,Laurent Abergel,fr FRA,MF,Lorient,27,1993,38,32,2963,32.9,3,1,4,3,0,0,5,0,1.5,1.5,1.7,3.3,32,138,35,0.09,0.03,0.12,0.09,0.12,0.05,0.05,0.10,0.05,0.10,Matches
5,Charles Abi,fr FRA,"FW,MF",Saint-Étienne,20,2000,24,9,912,10.1,3,2,5,3,0,0,1,0,2.1,2.1,0.3,2.4,13,21,48,0.30,0.20,0.49,0.30,0.49,0.21,0.03,0.24,0.21,0.24,Matches
6,Matthis Abline,fr FRA,FW,Rennes,17,2003,1,0,2,0.0,0,0,0,0,0,0,0,0,0.0,0.0,0.0,0.0,0,0,0,0.00,0.00,0.00,0.00,0.00,0.00,0.00,0.00,0.00,0.00,Matches
7,Pape Abou Cissé,sn SEN,DF,Saint-Étienne,24,1995,14,14,1260,14.0,0,0,0,0,0,0,1,0,1.4,1.4,0.1,1.5,2,31,1,0.00,0.00,0.00,0.00,0.00,0.10,0.01,0.11,0.10,0.11,Matches
8,Yacine Adli,fr FRA,MF,Bordeaux,20,2000,35,25,2418,26.9,2,5,7,2,0,0,6,0,1.9,1.9,4.4,6.3,54,188,48,0.07,0.19,0.26,0.07,0.26,0.07,0.16,0.23,0.07,0.23,Matches
9,Nayef Aguerd,ma MAR,DF,Rennes,24,1996,35,35,3147,35.0,3,1,4,3,0,0,6,0,3.2,3.2,0.7,4.0,14,136,2,0.09,0.03,0.11,0.09,0.11,0.09,0.02,0.11,0.09,0.11,Matches
10,Ruben Aguilar,fr FRA,"DF,MF",Monaco,27,1993,33,27,2225,24.7,1,3,4,1,0,0,6,0,0.9,0.9,4.7,5.6,74,101,231,0.04,0.12,0.16,0.04,0.16,0.03,0.19,0.23,0.03,0.23,Matches
11,Matteo Ahlinvi,bj BEN,MF,Nîmes,21,1999,20,10,899,10.0,2,0,2,2,0,0,0,0,1.4,1.4,0.2,1.5,31,25,17,0.20,0.00,0.20,0.20,0.20,0.14,0.02,0.16,0.14,0.16,Matches
12,Jean-Eudes Aholou,ci CIV,MF,Strasbourg,26,1994,27,26,2146,23.8,2,2,4,2,0,0,9,0,2.3,2.1,1.3,3.4,26,92,25,0.08,0.08,0.17,0.08,0.17,0.10,0.05,0.15,0.09,0.14,Matches
13,Jean-Eudes Aholou,ci CIV,MF,Monaco,26,1994,2,0,36,0.4,0,0,0,0,0,0,0,0,0.1,0.1,0.0,0.1,1,1,0,0.00,0.00,0.00,0.00,0.00,0.23,0.00,0.23,0.23,0.23,Matches
14,Rayan Aït-Nouri,dz ALG,DF,Angers,19,2001,3,2,187,2.1,0,1,1,0,0,0,0,0,0.1,0.1,0.3,0.3,7,11,18,0.00,0.48,0.48,0.00,0.48,0.03,0.13,0.16,0.03,0.16,Matches
15,Ludovic Ajorque,fr FRA,FW,Strasbourg,26,1994,35,34,2967,33.0,16,4,20,12,4,5,5,0,15.7,11.8,3.9,15.7,33,61,224,0.49,0.12,0.61,0.36,0.49,0.48,0.12,0.60,0.36,0.48,Matches
16,Marley Aké,fr FRA,FW,Marseille,19,2001,9,0,146,1.6,0,0,0,0,0,0,0,0,1.0,1.0,0.0,1.0,4,5,12,0.00,0.00,0.00,0.00,0.00,0.64,0.00,0.64,0.64,0.64,Matches
17,Sofiane Alakouch,ma MAR,DF,Nîmes,22,1998,22,17,1505,16.7,0,2,2,0,0,0,4,0,0.2,0.2,1.3,1.5,35,65,47,0.00,0.12,0.12,0.00,0.12,0.01,0.08,0.09,0.01,0.09,Matches
18,Mohamed Ali Cho,fr FRA,"FW,MF",Angers,16,2004,21,1,348,3.9,0,0,0,0,0,0,1,0,1.9,1.9,0.1,2.0,15,4,26,0.00,0.00,0.00,0.00,0.00,0.49,0.02,0.51,0.49,0.51,Matches
19,Rachid Alioui,ma MAR,FW,Angers,28,1992,1,0,15,0.2,0,0,0,0,0,0,0,0,0.0,0.0,0.0,0.0,0,0,1,0.00,0.00,0.00,0.00,0.00,0.00,0.00,0.00,0.00,0.00,Matches
20,Saturnin Allagbé,bj BEN,GK,Dijon,26,1993,12,12,1080,12.0,0,0,0,0,0,0,2,0,0.0,0.0,0.0,0.0,0,0,0,0.00,0.00,0.00,0.00,0.00,0.00,0.00,0.00,0.00,0.00,Matches
21,Ibrahim Amadou,fr FRA,MF,Angers,27,1993,24,20,1504,16.7,0,0,0,0,0,0,6,0,1.5,1.5,0.2,1.7,14,63,14,0.00,0.00,0.00,0.00,0.00,0.09,0.01,0.10,0.09,0.10,Matches
22,Romain Amalfitano,fr FRA,"FW,DF",Dijon,30,1989,2,1,116,1.3,0,0,0,0,0,0,0,0,0.0,0.0,0.0,0.1,3,8,8,0.00,0.00,0.00,0.00,0.00,0.04,0.02,0.06,0.04,0.06,Matches
23,Jordan Amavi,fr FRA,DF,Marseille,26,1994,13,10,813,9.0,1,0,1,1,0,0,3,1,0.2,0.2,0.3,0.5,17,25,33,0.11,0.00,0.11,0.11,0.11,0.03,0.03,0.06,0.03,0.06,Matches
24,Thierry Ambrose,gp GLP,FW,Metz,23,1997,23,5,753,8.4,0,1,1,0,0,0,4,0,1.0,1.0,1.4,2.4,26,30,77,0.00,0.12,0.12,0.00,0.12,0.12,0.16,0.29,0.12,0.29,Matches
25,Joachim Andersen,dk DEN,DF,Lyon,24,1996,3,2,192,2.1,0,0,0,0,0,0,1,0,0.3,0.3,0.0,0.3,4,12,0,0.00,0.00,0.00,0.00,0.00,0.16,0.00,0.16,0.16,0.16,Matches
Rk,Player,Nation,Pos,Squad,Age,Born,MP,Starts,Min,90s,Gls,Ast,G+A,G-PK,PK,PKatt,CrdY,CrdR,xG,npxG,xAG,npxG+xAG,PrgC,PrgP,PrgR,Gls,Ast,G+A,G-PK,G+A-PK,xG,xAG,xG+xAG,npxG,npxG+xAG,Matches
26,Benjamin André,fr FRA,MF,Lille,29,1990,35,35,2885,32.1,0,1,1,0,0,0,10,0,1.6,1.6,1.1,2.7,28,200,64,0.00,0.03,0.03,0.00,0.03,0.05,0.03,0.08,0.05,0.08,Matches
27,Victorien Angban,ci CIV,MF,Metz,23,1996,26,21,1672,18.6,0,1,1,0,0,0,5,0,0.5,0.5,0.5,1.0,20,90,30,0.00,0.05,0.05,0.00,0.05,0.03,0.03,0.05,0.03,0.05,Matches
28,Houssem Aouar,dz ALG,"MF,FW",Lyon,22,1998,30,23,1781,19.8,7,3,10,5,2,2,3,1,9.9,8.3,4.0,12.3,74,130,172,0.35,0.15,0.51,0.25,0.40,0.50,0.20,0.70,0.42,0.62,Matches
29,Adil Aouchiche,fr FRA,"MF,FW",Saint-Étienne,18,2002,34,21,1731,19.2,2,5,7,2,0,0,2,0,3.4,3.4,5.8,9.2,56,87,92,0.10,0.26,0.36,0.10,0.36,0.17,0.30,0.48,0.17,0.48,Matches
30,Dennis Appiah,fr FRA,DF,Nantes,28,1992,22,16,1556,17.3,0,2,2,0,0,0,3,0,0.3,0.3,1.2,1.6,34,77,80,0.00,0.12,0.12,0.00,0.12,0.02,0.07,0.09,0.02,0.09,Matches
31,Luiz Araújo,br BRA,MF,Lille,24,1996,28,17,1496,16.6,4,2,6,4,0,0,5,0,3.7,3.7,2.0,5.6,50,65,135,0.24,0.12,0.36,0.24,0.36,0.22,0.12,0.34,0.22,0.34,Matches
32,Karim Aribi,dz ALG,FW,Nîmes,26,1994,13,2,294,3.3,0,0,0,0,0,0,0,0,0.8,0.8,0.1,0.9,4,2,19,0.00,0.00,0.00,0.00,0.00,0.24,0.04,0.27,0.24,0.27,Matches
33,Roger Assalé,ci CIV,"FW,MF",Dijon,26,1993,17,11,828,9.2,1,1,2,1,0,0,0,1,1.2,1.2,0.2,1.4,22,14,58,0.11,0.11,0.22,0.11,0.22,0.13,0.02,0.15,0.13,0.15,Matches
34,Youcef Atal,dz ALG,"DF,FW",Nice,24,1996,18,13,956,10.6,1,0,1,1,0,0,1,0,0.4,0.4,0.8,1.3,43,44,95,0.09,0.00,0.09,0.09,0.09,0.04,0.08,0.12,0.04,0.12,Matches
35,Jean-Kévin Augustin,fr FRA,FW,Nantes,23,1997,3,0,36,0.4,0,0,0,0,0,0,0,0,0.0,0.0,0.0,0.0,0,0,1,0.00,0.00,0.00,0.00,0.00,0.00,0.00,0.00,0.00,0.00,Matches
36,Ludovic Baal,gf GUF,"DF,MF",Brest,34,1986,7,3,296,3.3,0,0,0,0,0,0,0,0,0.0,0.0,0.4,0.4,8,24,7,0.00,0.00,0.00,0.00,0.00,0.00,0.13,0.13,0.00,0.13,Matches
37,Loïc Bade,fr FRA,DF,Lens,20,2000,31,29,2610,29.0,0,0,0,0,0,0,11,1,1.0,1.0,0.3,1.3,42,113,2,0.00,0.00,0.00,0.00,0.00,0.03,0.01,0.05,0.03,0.05,Matches
38,Benoît Badiashile,fr FRA,DF,Monaco,19,2001,35,32,2870,31.9,2,1,3,2,0,0,5,0,2.3,2.3,1.2,3.5,17,170,6,0.06,0.03,0.09,0.06,0.09,0.07,0.04,0.11,0.07,0.11,Matches
39,Stéphane Bahoken,cm CMR,FW,Angers,28,1992,30,18,1616,18.0,6,2,8,6,0,1,4,0,8.3,7.5,1.0,8.5,34,22,110,0.33,0.11,0.45,0.33,0.45,0.46,0.06,0.52,0.42,0.48,Matches
40,Stefan Bajic,fr FRA,GK,Saint-Étienne,18,2001,1,1,90,1.0,0,0,0,0,0,0,0,0,0.0,0.0,0.0,0.0,0,0,0,0.00,0.00,0.00,0.00,0.00,0.00,0.00,0.00,0.00,0.00,Matches
41,Mitchel Bakker,nl NED,DF,Paris S-G,20,2000,26,18,1694,18.8,0,2,2,0,0,0,1,0,0.3,0.3,1.9,2.1,31,77,180,0.00,0.11,0.11,0.00,0.11,0.01,0.10,0.11,0.01,0.11,Matches
42,Dilane Bakwa,fr FRA,"FW,MF",Bordeaux,17,2002,7,0,56,0.6,0,0,0,0,0,0,0,0,0.1,0.1,0.0,0.2,1,6,2,0.00,0.00,0.00,0.00,0.00,0.22,0.05,0.27,0.22,0.27,Matches
43,Leonardo Balerdi,ar ARG,DF,Marseille,21,1999,21,19,1634,18.2,2,0,2,2,0,0,6,1,2.0,2.0,0.0,2.0,11,48,1,0.11,0.00,0.11,0.11,0.11,0.11,0.00,0.11,0.11,0.11,Matches
44,Fodé Ballo-Touré,sn SEN,DF,Monaco,23,1997,24,6,662,7.4,0,3,3,0,0,0,2,0,0.1,0.1,0.7,0.8,30,24,52,0.00,0.41,0.41,0.00,0.41,0.02,0.10,0.11,0.02,0.11,Matches
45,Abdoulaye Bamba,ci CIV,DF,Angers,30,1990,16,16,1347,15.0,0,0,0,0,0,0,2,0,0.1,0.1,1.4,1.4,19,53,60,0.00,0.00,0.00,0.00,0.00,0.00,0.09,0.10,0.00,0.10,Matches
46,Jonathan Bamba,ci CIV,MF,Lille,24,1996,38,34,2985,33.2,6,9,15,6,0,0,2,0,4.2,4.2,5.1,9.3,103,128,262,0.18,0.27,0.45,0.18,0.45,0.13,0.15,0.28,0.13,0.28,Matches
47,Robson Bambu,br BRA,DF,Nice,22,1997,15,12,1046,11.6,0,0,0,0,0,0,3,1,0.1,0.1,0.0,0.1,10,21,5,0.00,0.00,0.00,0.00,0.00,0.01,0.00,0.01,0.01,0.01,Matches
48,Simon Banza,cd COD,FW,Lens,23,1996,34,12,1372,15.2,5,2,7,4,1,1,6,1,6.0,5.2,2.1,7.3,17,34,115,0.33,0.13,0.46,0.26,0.39,0.39,0.14,0.53,0.34,0.48,Matches
49,Danilo Barbosa,br BRA,DF,Nice,24,1996,4,3,250,2.8,0,0,0,0,0,0,2,0,0.2,0.2,0.0,0.2,3,11,0,0.00,0.00,0.00,0.00,0.00,0.07,0.00,0.07,0.07,0.07,Matches
50,Melvin Bard,fr FRA,DF,Lyon,19,2000,14,4,432,4.8,0,0,0,0,0,0,0,1,0.1,0.1,0.4,0.5,17,30,48,0.00,0.00,0.00,0.00,0.00,0.02,0.08,0.10,0.02,0.10,Matches
Rk,Player,Nation,Pos,Squad,Age,Born,MP,Starts,Min,90s,Gls,Ast,G+A,G-PK,PK,PKatt,CrdY,CrdR,xG,npxG,xAG,npxG+xAG,PrgC,PrgP,PrgR,Gls,Ast,G+A,G-PK,G+A-PK,xG,xAG,xG+xAG,npxG,npxG+xAG,Matches
51,Toma Bašić,hr CRO,MF,Bordeaux,23,1996,34,32,2601,28.9,4,1,5,4,0,0,7,0,4.6,4.6,2.5,7.0,31,111,76,0.14,0.03,0.17,0.14,0.17,0.16,0.09,0.24,0.16,0.24,Matches
52,Cristian Battocchio,it ITA,MF,Brest,28,1992,15,2,355,3.9,0,0,0,0,0,0,0,0,0.4,0.4,0.3,0.8,5,20,6,0.00,0.00,0.00,0.00,0.00,0.11,0.08,0.19,0.11,0.19,Matches
53,Paul Baysse,fr FRA,DF,Bordeaux,32,1988,31,29,2614,29.0,2,2,4,2,0,0,5,1,1.5,1.5,0.6,2.0,17,88,6,0.07,0.07,0.14,0.07,0.14,0.05,0.02,0.07,0.05,0.07,Matches
54,Erwan Belhadji,fr FRA,MF,Dijon,19,2001,1,0,30,0.3,0,0,0,0,0,0,0,0,0.0,0.0,0.0,0.1,2,1,1,0.00,0.00,0.00,0.00,0.00,0.09,0.09,0.18,0.09,0.18,Matches
55,Haris Belkebla,dz ALG,MF,Brest,26,1994,35,33,2727,30.3,0,0,0,0,0,0,7,1,0.2,0.2,0.9,1.1,21,127,32,0.00,0.00,0.00,0.00,0.00,0.01,0.03,0.03,0.01,0.03,Matches
56,Jean-Ricner Bellegarde,ht HAI,"MF,FW",Strasbourg,22,1998,36,25,2086,23.2,1,1,2,1,0,0,3,0,2.1,2.1,2.5,4.6,64,68,97,0.04,0.04,0.09,0.04,0.09,0.09,0.11,0.20,0.09,0.20,Matches
57,Sami Ben Amar,ma MAR,MF,Nîmes,22,1998,1,0,7,0.1,0,0,0,0,0,0,0,0,0.0,0.0,0.0,0.0,0,2,1,0.00,0.00,0.00,0.00,0.00,0.00,0.00,0.00,0.00,0.00,Matches
58,Hatem Ben Arfa,fr FRA,"MF,FW",Bordeaux,33,1987,24,19,1703,18.9,2,4,6,2,0,0,2,0,2.3,2.3,3.8,6.1,81,87,131,0.11,0.21,0.32,0.11,0.32,0.12,0.20,0.32,0.12,0.32,Matches
59,Salim Ben Seghir,fr FRA,DF,Nice,17,2003,1,0,7,0.1,0,0,0,0,0,0,0,0,0.0,0.0,0.0,0.0,0,2,1,0.00,0.00,0.00,0.00,0.00,0.00,0.00,0.00,0.00,0.00,Matches
60,Wissam Ben Yedder,fr FRA,FW,Monaco,29,1990,37,32,2607,29.0,20,7,27,10,10,12,3,0,19.6,10.2,6.7,16.9,61,109,226,0.69,0.24,0.93,0.35,0.59,0.68,0.23,0.91,0.35,0.58,Matches
61,Samy Benchamma,fr FRA,"DF,MF",Montpellier,20,2000,5,0,42,0.5,0,0,0,0,0,0,1,0,0.0,0.0,0.0,0.0,0,1,0,0.00,0.00,0.00,0.00,0.00,0.00,0.00,0.00,0.00,0.00,Matches
62,Darío Benedetto,ar ARG,FW,Marseille,30,1990,32,19,1579,17.5,5,3,8,4,1,1,3,2,7.6,6.8,1.8,8.6,15,22,96,0.28,0.17,0.46,0.23,0.40,0.43,0.10,0.53,0.39,0.49,Matches
63,Walter Benítez,ar ARG,GK,Nice,27,1993,38,38,3420,38.0,0,0,0,0,0,0,3,0,0.0,0.0,0.0,0.0,0,1,0,0.00,0.00,0.00,0.00,0.00,0.00,0.00,0.00,0.00,0.00,Matches
64,Loris Benito,ch SUI,DF,Bordeaux,28,1992,31,30,2651,29.5,0,0,0,0,0,0,7,1,0.5,0.5,1.3,1.8,57,120,73,0.00,0.00,0.00,0.00,0.00,0.02,0.05,0.06,0.02,0.06,Matches
65,Bilal Benkhedim,fr FRA,FW,Saint-Étienne,19,2001,3,1,73,0.8,0,0,0,0,0,0,0,0,0.0,0.0,0.1,0.1,0,1,9,0.00,0.00,0.00,0.00,0.00,0.00,0.10,0.10,0.00,0.10,Matches
66,Djamel Benlamri,dz ALG,DF,Lyon,30,1989,6,0,149,1.7,0,0,0,0,0,0,0,0,0.0,0.0,0.0,0.0,3,7,1,0.00,0.00,0.00,0.00,0.00,0.00,0.02,0.02,0.00,0.02,Matches
67,Yassine Benrahou,fr FRA,MF,Nîmes,21,1999,23,15,1239,13.8,0,0,0,0,0,0,2,0,0.8,0.8,2.7,3.4,26,61,53,0.00,0.00,0.00,0.00,0.00,0.06,0.19,0.25,0.06,0.25,Matches
68,Yassine Benzia,dz ALG,"MF,FW",Dijon,25,1994,7,5,407,4.5,2,1,3,0,2,2,1,0,1.8,0.2,0.5,0.7,5,19,11,0.44,0.22,0.66,0.00,0.22,0.39,0.11,0.50,0.04,0.15,Matches
69,Valon Berisha,xk KVX,MF,Reims,27,1993,24,17,1645,18.3,0,3,3,0,0,0,2,0,1.0,1.0,1.8,2.8,48,130,51,0.00,0.16,0.16,0.00,0.16,0.06,0.10,0.15,0.06,0.15,Matches
70,Paul Bernardoni,fr FRA,GK,Angers,23,1997,38,38,3420,38.0,0,0,0,0,0,0,1,0,0.0,0.0,0.0,0.0,0,0,0,0.00,0.00,0.00,0.00,0.00,0.00,0.00,0.00,0.00,0.00,Matches
71,Juan Bernat,es ESP,DF,Paris S-G,27,1993,3,2,194,2.2,0,0,0,0,0,0,2,0,0.0,0.0,0.2,0.2,4,11,16,0.00,0.00,0.00,0.00,0.00,0.00,0.09,0.09,0.00,0.09,Matches
72,Dimitry Bertaud,cd COD,GK,Montpellier,22,1998,9,7,745,8.3,0,0,0,0,0,0,0,0,0.0,0.0,0.0,0.0,0,0,0,0.00,0.00,0.00,0.00,0.00,0.00,0.00,0.00,0.00,0.00,Matches
73,Loïc Bessile,tg TOG,DF,Bordeaux,21,1999,1,1,90,1.0,0,0,0,0,0,0,0,0,0.0,0.0,0.0,0.0,0,2,0,0.00,0.00,0.00,0.00,0.00,0.00,0.00,0.00,0.00,0.00,Matches
74,Giulian Biancone,fr FRA,"DF,MF",Monaco,20,2000,2,1,92,1.0,0,0,0,0,0,0,1,0,0.0,0.0,0.1,0.2,4,6,15,0.00,0.00,0.00,0.00,0.00,0.04,0.12,0.17,0.04,0.17,Matches
75,El Bilal Touré,ml MLI,FW,Reims,18,2001,33,11,1245,13.8,4,1,5,4,0,0,4,0,3.1,3.1,0.7,3.8,13,20,65,0.29,0.07,0.36,0.29,0.36,0.22,0.05,0.27,0.22,0.27,Matches
Rk,Player,Nation,Pos,Squad,Age,Born,MP,Starts,Min,90s,Gls,Ast,G+A,G-PK,PK,PKatt,CrdY,CrdR,xG,npxG,xAG,npxG+xAG,PrgC,PrgP,PrgR,Gls,Ast,G+A,G-PK,G+A-PK,xG,xAG,xG+xAG,npxG,npxG+xAG,Matches
76,Ludovic Blas,fr FRA,"MF,FW",Nantes,22,1997,36,32,2787,31.0,10,4,14,10,0,0,5,0,8.1,8.1,3.6,11.7,73,131,151,0.32,0.13,0.45,0.32,0.45,0.26,0.12,0.38,0.26,0.38,Matches
77,Antonin Bobichon,fr FRA,"MF,FW",Angers,24,1995,23,10,911,10.1,0,1,1,0,0,0,0,0,1.0,1.0,1.4,2.4,20,61,58,0.00,0.10,0.10,0.00,0.10,0.10,0.14,0.24,0.10,0.24,Matches
78,Sacha Boey,fr FRA,DF,Dijon,19,2000,24,21,1863,20.7,0,1,1,0,0,0,1,0,0.3,0.3,1.5,1.9,32,65,91,0.00,0.05,0.05,0.00,0.05,0.02,0.07,0.09,0.02,0.09,Matches
79,Sacha Boey,fr FRA,DF,Rennes,19,2000,2,2,124,1.4,0,0,0,0,0,0,0,1,0.1,0.1,0.1,0.1,1,5,7,0.00,0.00,0.00,0.00,0.00,0.06,0.05,0.10,0.06,0.10,Matches
80,Quentin Boisgard,fr FRA,"MF,FW",Lorient,23,1997,24,17,1314,14.6,2,2,4,2,0,0,5,0,2.1,2.1,1.7,3.7,28,43,107,0.14,0.14,0.27,0.14,0.27,0.14,0.11,0.26,0.14,0.26,Matches
81,Sven Botman,nl NED,DF,Lille,20,2000,37,37,3309,36.8,0,0,0,0,0,0,2,0,1.2,1.2,0.3,1.5,24,183,7,0.00,0.00,0.00,0.00,0.00,0.03,0.01,0.04,0.03,0.04,Matches
82,Denis Bouanga,ga GAB,"MF,FW",Saint-Étienne,25,1994,36,30,2720,30.2,7,4,11,4,3,4,7,0,12.8,9.6,3.1,12.7,85,51,222,0.23,0.13,0.36,0.13,0.26,0.42,0.10,0.53,0.32,0.42,Matches
83,Hicham Boudaoui,dz ALG,MF,Nice,20,1999,25,22,1736,19.3,3,2,5,3,0,0,9,0,2.2,2.2,1.9,4.1,33,64,70,0.16,0.10,0.26,0.16,0.26,0.11,0.10,0.21,0.11,0.21,Matches
84,Ryad Boudebouz,dz ALG,"MF,FW",Saint-Étienne,30,1990,14,7,651,7.2,0,1,1,0,0,2,2,0,2.1,0.5,2.8,3.3,20,49,36,0.00,0.14,0.14,0.00,0.14,0.29,0.39,0.68,0.07,0.46,Matches
85,Sofiane Boufal,ma MAR,"FW,MF",Angers,26,1993,14,9,732,8.1,1,0,1,1,0,0,3,0,1.7,1.7,0.1,1.9,26,34,35,0.12,0.00,0.12,0.12,0.12,0.21,0.02,0.23,0.21,0.23,Matches
86,Farid Boulaya,dz ALG,"MF,FW",Metz,27,1993,33,32,2815,31.3,6,8,14,5,1,2,5,0,5.2,3.7,8.5,12.2,120,217,116,0.19,0.26,0.45,0.16,0.42,0.17,0.27,0.44,0.12,0.39,Matches
87,Ismaël Boura,km COM,DF,Lens,19,2000,20,8,824,9.2,0,0,0,0,0,0,1,0,0.1,0.1,0.7,0.9,30,34,56,0.00,0.00,0.00,0.00,0.00,0.01,0.08,0.09,0.01,0.09,Matches
88,Benjamin Bourigeaud,fr FRA,"MF,FW",Rennes,26,1994,37,29,2552,28.4,6,5,11,6,0,0,8,0,4.3,4.3,5.6,9.9,21,192,164,0.21,0.18,0.39,0.21,0.39,0.15,0.20,0.35,0.15,0.35,Matches
89,John Boye,gh GHA,DF,Metz,33,1987,35,35,3041,33.8,1,2,3,1,0,0,6,2,2.3,2.3,0.2,2.6,4,38,0,0.03,0.06,0.09,0.03,0.09,0.07,0.01,0.08,0.07,0.08,Matches
90,Umut Bozok,tr TUR,"MF,FW",Lorient,23,1996,5,0,61,0.7,0,0,0,0,0,0,0,0,0.0,0.0,0.0,0.0,2,3,6,0.00,0.00,0.00,0.00,0.00,0.00,0.00,0.00,0.00,0.00,Matches
91,Domagoj Bradarić,hr CRO,DF,Lille,20,1999,26,14,1263,14.0,1,2,3,1,0,0,4,0,0.2,0.2,0.9,1.1,42,44,93,0.07,0.14,0.21,0.07,0.21,0.01,0.07,0.08,0.01,0.08,Matches
92,Lilian Brassier,fr FRA,DF,Brest,20,1999,11,11,962,10.7,1,1,2,1,0,0,3,0,0.6,0.6,1.0,1.6,2,51,15,0.09,0.09,0.19,0.09,0.19,0.06,0.09,0.15,0.06,0.15,Matches
93,Anthony Briançon,fr FRA,DF,Nîmes,25,1994,16,14,1225,13.6,0,0,0,0,0,0,4,0,0.4,0.4,0.2,0.6,9,57,0,0.00,0.00,0.00,0.00,0.00,0.03,0.01,0.04,0.03,0.04,Matches
94,Jimmy Briand,fr FRA,FW,Bordeaux,34,1985,24,1,571,6.3,1,2,3,0,1,1,2,0,1.8,1.0,0.2,1.2,3,7,22,0.16,0.32,0.47,0.00,0.32,0.28,0.03,0.31,0.15,0.18,Matches
95,Dylan Bronn,tn TUN,DF,Metz,25,1995,38,38,3412,37.9,2,0,2,1,1,2,4,0,2.3,0.7,0.3,1.0,37,119,7,0.05,0.00,0.05,0.03,0.03,0.06,0.01,0.07,0.02,0.03,Matches
96,Lucas Buadés,fr FRA,MF,Nîmes,22,1997,2,0,21,0.2,0,0,0,0,0,0,0,0,0.0,0.0,0.0,0.0,0,0,0,0.00,0.00,0.00,0.00,0.00,0.00,0.00,0.00,0.00,0.00,Matches
97,Patrick Burner,mq MTQ,DF,Nice,24,1996,1,0,1,0.0,0,0,0,0,0,0,0,0,0.0,0.0,0.0,0.0,0,0,0,0.00,0.00,0.00,0.00,0.00,0.00,0.00,0.00,0.00,0.00,Matches
98,Patrick Burner,mq MTQ,DF,Nîmes,24,1996,22,14,1317,14.6,0,0,0,0,0,0,0,0,0.3,0.3,0.4,0.7,17,56,34,0.00,0.00,0.00,0.00,0.00,0.02,0.03,0.05,0.02,0.05,Matches
99,Marcin Bułka,pl POL,GK,Paris S-G,20,1999,1,1,90,1.0,0,0,0,0,0,0,0,0,0.0,0.0,0.0,0.0,0,0,0,0.00,0.00,0.00,0.00,0.00,0.00,0.00,0.00,0.00,0.00,Matches
100,Jimmy Cabot,fr FRA,"FW,MF",Angers,26,1994,22,8,942,10.5,1,1,2,1,0,0,1,0,0.8,0.8,1.1,1.9,33,42,84,0.10,0.10,0.19,0.10,0.19,0.08,0.11,0.18,0.08,0.18,Matches
Rk,Player,Nation,Pos,Squad,Age,Born,MP,Starts,Min,90s,Gls,Ast,G+A,G-PK,PK,PKatt,CrdY,CrdR,xG,npxG,xAG,npxG+xAG,PrgC,PrgP,PrgR,Gls,Ast,G+A,G-PK,G+A-PK,xG,xAG,xG+xAG,npxG,npxG+xAG,Matches
101,Anthony Caci,fr FRA,DF,Strasbourg,23,1997,33,32,2797,31.1,0,2,2,0,0,0,0,0,0.3,0.3,2.5,2.8,52,159,86,0.00,0.06,0.06,0.00,0.06,0.01,0.08,0.09,0.01,0.09,Matches
102,Mathieu Cafaro,fr FRA,"MF,FW",Reims,23,1997,31,27,2074,23.0,4,2,6,4,0,0,3,0,2.7,2.7,2.6,5.3,61,69,111,0.17,0.09,0.26,0.17,0.26,0.12,0.11,0.23,0.12,0.23,Matches
103,Yannick Cahuzac,fr FRA,MF,Lens,35,1985,30,26,2252,25.0,1,0,1,1,0,0,9,0,1.4,1.4,0.6,2.0,28,100,50,0.04,0.00,0.04,0.04,0.04,0.06,0.02,0.08,0.06,0.08,Matches
104,Marc-Aurèle Caillard,fr FRA,GK,Metz,26,1994,5,4,361,4.0,0,0,0,0,0,0,1,0,0.0,0.0,0.0,0.0,0,0,0,0.00,0.00,0.00,0.00,0.00,0.00,0.00,0.00,0.00,0.00,Matches
105,Duje Ćaleta-Car,hr CRO,DF,Marseille,23,1996,33,32,2813,31.3,2,1,3,2,0,0,8,1,1.2,1.2,1.0,2.2,13,82,3,0.06,0.03,0.10,0.06,0.10,0.04,0.03,0.07,0.04,0.07,Matches
106,Mahdi Camara,fr FRA,"MF,DF",Saint-Étienne,22,1998,37,37,3290,36.6,3,2,5,3,0,0,4,0,3.2,3.2,1.3,4.5,55,141,57,0.08,0.05,0.14,0.08,0.14,0.09,0.04,0.12,0.09,0.12,Matches
107,Eduardo Camavinga,fr FRA,MF,Rennes,17,2002,35,28,2402,26.7,1,2,3,1,0,0,6,0,1.8,1.8,1.8,3.6,85,185,73,0.04,0.07,0.11,0.04,0.11,0.07,0.07,0.14,0.07,0.14,Matches
108,Pierrick Capelle,fr FRA,"MF,DF",Angers,33,1987,35,24,2053,22.8,3,3,6,3,0,0,2,0,3.0,3.0,2.1,5.2,38,97,90,0.13,0.13,0.26,0.13,0.26,0.13,0.09,0.23,0.13,0.23,Matches
109,Maxence Caqueret,fr FRA,MF,Lyon,20,2000,29,19,1761,19.6,0,1,1,0,0,0,4,1,0.7,0.7,1.6,2.3,24,174,44,0.00,0.05,0.05,0.00,0.05,0.04,0.08,0.12,0.04,0.12,Matches
110,Irvin Cardona,mt MLT,FW,Brest,22,1997,36,22,2029,22.5,8,1,9,8,0,0,2,0,7.7,7.7,1.1,8.8,46,34,164,0.35,0.04,0.40,0.35,0.40,0.34,0.05,0.39,0.34,0.39,Matches
111,Lionel Carole,fr FRA,DF,Strasbourg,29,1991,27,14,1342,14.9,0,1,1,0,0,0,2,0,0.1,0.1,1.1,1.2,29,69,38,0.00,0.07,0.07,0.00,0.07,0.01,0.07,0.08,0.01,0.08,Matches
112,Moreto Cassamã,gw GNB,MF,Reims,22,1998,29,26,2031,22.6,1,1,2,1,0,0,8,3,0.3,0.3,0.7,1.1,17,112,12,0.04,0.04,0.09,0.04,0.09,0.02,0.03,0.05,0.02,0.05,Matches
113,Jean-Charles Castelletto,cm CMR,DF,Nantes,25,1995,24,22,1947,21.6,1,0,1,1,0,0,4,0,2.0,2.0,0.3,2.2,8,50,3,0.05,0.00,0.05,0.05,0.05,0.09,0.01,0.10,0.09,0.10,Matches
114,Zeki Çelik,tr TUR,DF,Lille,23,1997,29,28,2381,26.5,3,2,5,3,0,0,8,0,0.6,0.6,2.0,2.6,69,102,119,0.11,0.08,0.19,0.11,0.19,0.02,0.07,0.10,0.02,0.10,Matches
115,Bersant Celina,xk KVX,"MF,FW",Dijon,23,1996,32,25,2298,25.5,0,5,5,0,0,0,5,1,1.7,1.7,4.6,6.3,68,113,120,0.00,0.20,0.20,0.00,0.20,0.06,0.18,0.25,0.06,0.25,Matches
116,Fabien Centonze,fr FRA,DF,Metz,24,1996,36,36,3221,35.8,1,0,1,1,0,0,9,0,1.2,1.2,2.4,3.6,117,107,191,0.03,0.00,0.03,0.03,0.03,0.03,0.07,0.10,0.03,0.10,Matches
117,Nassim Chadli,fr FRA,"FW,MF",Nîmes,19,2001,3,0,31,0.3,0,0,0,0,0,0,0,0,0.0,0.0,0.0,0.0,1,1,1,0.00,0.00,0.00,0.00,0.00,0.00,0.00,0.00,0.00,0.00,Matches
118,Fouad Chafik,ma MAR,DF,Dijon,33,1986,23,18,1622,18.0,1,0,1,1,0,0,5,0,0.2,0.2,0.8,1.0,41,65,51,0.06,0.00,0.06,0.06,0.06,0.01,0.04,0.05,0.01,0.05,Matches
119,Mehdi Chahiri,ma MAR,"FW,MF",Strasbourg,24,1996,23,8,801,8.9,2,0,2,2,0,0,0,0,1.6,1.6,1.0,2.6,24,37,77,0.22,0.00,0.22,0.22,0.22,0.18,0.11,0.29,0.18,0.29,Matches
120,Aníbal Chalá,ec ECU,DF,Dijon,24,1996,13,9,744,8.3,0,0,0,0,0,0,0,0,0.0,0.0,0.1,0.1,17,28,31,0.00,0.00,0.00,0.00,0.00,0.00,0.02,0.02,0.00,0.02,Matches
121,Trevoh Chalobah,eng ENG,"DF,MF",Lorient,21,1999,29,24,2237,24.9,2,2,4,2,0,0,5,0,1.6,1.6,0.7,2.2,25,93,20,0.08,0.08,0.16,0.08,0.16,0.06,0.03,0.09,0.06,0.09,Matches
122,Gaëtan Charbonnier,fr FRA,"MF,FW",Brest,31,1988,36,17,1570,17.4,6,1,7,5,1,1,4,0,6.3,5.5,3.1,8.6,18,65,123,0.34,0.06,0.40,0.29,0.34,0.36,0.18,0.54,0.32,0.49,Matches
123,Brendan Chardonnet,fr FRA,DF,Brest,25,1994,33,30,2716,30.2,3,1,4,3,0,0,3,1,2.3,2.3,0.8,3.1,29,106,7,0.10,0.03,0.13,0.10,0.13,0.08,0.03,0.10,0.08,0.10,Matches
124,Xavier Chavalerin,fr FRA,MF,Reims,29,1991,30,29,2547,28.3,0,3,3,0,0,0,8,0,1.2,1.2,2.6,3.8,11,101,44,0.00,0.11,0.11,0.00,0.11,0.04,0.09,0.14,0.04,0.14,Matches
125,Pape Cheikh Diop,sn SEN,MF,Dijon,22,1997,21,13,1089,12.1,0,0,0,0,0,0,5,0,0.3,0.3,0.6,0.9,14,51,5,0.00,0.00,0.00,0.00,0.00,0.02,0.05,0.07,0.02,0.07,Matches
Rk,Player,Nation,Pos,Squad,Age,Born,MP,Starts,Min,90s,Gls,Ast,G+A,G-PK,PK,PKatt,CrdY,CrdR,xG,npxG,xAG,npxG+xAG,PrgC,PrgP,PrgR,Gls,Ast,G+A,G-PK,G+A-PK,xG,xAG,xG+xAG,npxG,npxG+xAG,Matches
126,Rayan Cherki,fr FRA,"FW,MF",Lyon,16,2003,27,5,698,7.8,1,3,4,1,0,0,1,1,1.0,1.0,1.8,2.8,54,43,81,0.13,0.39,0.52,0.13,0.52,0.13,0.23,0.36,0.13,0.36,Matches
127,Pedro Chirivella,es ESP,MF,Nantes,23,1997,32,26,2280,25.3,0,2,2,0,0,0,4,0,0.4,0.4,1.4,1.8,19,148,34,0.00,0.08,0.08,0.00,0.08,0.01,0.06,0.07,0.01,0.07,Matches
128,Joris Chotard,fr FRA,MF,Montpellier,18,2001,29,11,1165,12.9,0,0,0,0,0,0,3,0,0.5,0.5,0.7,1.2,5,31,21,0.00,0.00,0.00,0.00,0.00,0.04,0.05,0.09,0.04,0.09,Matches
129,Mounir Chouiar,fr FRA,"FW,MF",Dijon,21,1999,23,14,1288,14.3,0,2,2,0,0,1,5,0,2.0,1.2,2.4,3.6,49,42,83,0.00,0.14,0.14,0.00,0.14,0.14,0.17,0.31,0.09,0.25,Matches
130,Sébastien Cibois,fr FRA,GK,Brest,22,1998,3,3,270,3.0,0,0,0,0,0,0,0,0,0.0,0.0,0.0,0.0,0,1,0,0.00,0.00,0.00,0.00,0.00,0.00,0.00,0.00,0.00,0.00,Matches
131,Alexis Claude-Maurice,fr FRA,"MF,FW",Nice,22,1998,30,21,1910,21.2,4,5,9,4,0,0,2,0,3.8,3.8,3.8,7.6,61,76,116,0.19,0.24,0.42,0.19,0.42,0.18,0.18,0.36,0.18,0.36,Matches
132,Jonathan Clauss,fr FRA,DF,Lens,27,1992,33,30,2521,28.0,3,6,9,3,0,0,2,0,1.7,1.7,7.1,8.8,102,113,235,0.11,0.21,0.32,0.11,0.32,0.06,0.25,0.31,0.06,0.31,Matches
133,Marcus Coco,fr FRA,"MF,FW",Nantes,24,1996,32,16,1474,16.4,0,2,2,0,0,0,5,0,0.8,0.8,0.8,1.6,36,41,97,0.00,0.12,0.12,0.00,0.12,0.05,0.05,0.10,0.05,0.10,Matches
134,Racine Coly,sn SEN,MF,Nice,24,1995,1,0,17,0.2,0,0,0,0,0,0,0,0,0.0,0.0,0.0,0.0,1,1,0,0.00,0.00,0.00,0.00,0.00,0.00,0.00,0.00,0.00,0.00,Matches
135,Daniel Congré,fr FRA,DF,Montpellier,35,1985,38,38,3292,36.6,2,0,2,2,0,0,4,0,1.3,1.3,0.2,1.5,26,101,4,0.05,0.00,0.05,0.05,0.05,0.03,0.01,0.04,0.03,0.04,Matches
136,Sébastien Corchia,fr FRA,DF,Nantes,29,1990,25,23,2066,23.0,0,1,1,0,0,0,3,0,0.9,0.9,2.8,3.7,39,67,96,0.00,0.04,0.04,0.00,0.04,0.04,0.12,0.16,0.04,0.16,Matches
137,Maxwel Cornet,ci CIV,"DF,FW",Lyon,23,1996,36,29,2446,27.2,2,5,7,2,0,0,5,0,2.1,2.1,3.5,5.6,73,128,196,0.07,0.18,0.26,0.07,0.26,0.08,0.13,0.21,0.08,0.21,Matches
138,David Costa,pt POR,"MF,FW",Lens,19,2001,7,1,150,1.7,1,1,2,1,0,0,0,0,0.4,0.4,0.1,0.6,4,4,6,0.60,0.60,1.20,0.60,1.20,0.27,0.06,0.33,0.27,0.33,Matches
139,Charles Costes,fr FRA,MF,Dijon,17,2002,1,0,2,0.0,0,0,0,0,0,0,0,0,0.0,0.0,0.0,0.0,0,0,0,0.00,0.00,0.00,0.00,0.00,0.00,0.00,0.00,0.00,0.00,Matches
140,Benoît Costil,fr FRA,GK,Bordeaux,33,1987,38,38,3420,38.0,0,0,0,0,0,0,0,0,0.0,0.0,0.0,0.0,0,3,0,0.00,0.00,0.00,0.00,0.00,0.00,0.00,0.00,0.00,0.00,Matches
141,Kalifa Coulibaly,ml MLI,FW,Nantes,28,1991,17,11,981,10.9,3,1,4,2,1,1,2,0,2.6,1.8,1.1,2.9,7,21,72,0.28,0.09,0.37,0.18,0.28,0.24,0.10,0.34,0.17,0.27,Matches
142,Lassana Coulibaly,ml MLI,MF,Angers,24,1996,29,18,1687,18.7,1,1,2,1,0,0,4,1,1.2,1.2,0.6,1.7,20,65,21,0.05,0.05,0.11,0.05,0.11,0.06,0.03,0.09,0.06,0.09,Matches
143,Senou Coulibaly,ml MLI,DF,Dijon,25,1994,22,22,1934,21.5,2,0,2,2,0,0,6,1,0.8,0.8,0.2,1.0,8,47,1,0.09,0.00,0.09,0.09,0.09,0.04,0.01,0.05,0.04,0.05,Matches
144,Nicolas Cozza,fr FRA,DF,Montpellier,21,1999,20,15,1369,15.2,0,0,0,0,0,0,2,0,0.3,0.3,0.4,0.7,25,42,27,0.00,0.00,0.00,0.00,0.00,0.02,0.03,0.05,0.02,0.05,Matches
145,Andrés Cubas,py PAR,MF,Nîmes,24,1996,27,27,2242,24.9,1,0,1,1,0,0,6,1,0.4,0.4,0.6,1.0,6,76,10,0.04,0.00,0.04,0.04,0.04,0.02,0.02,0.04,0.02,0.04,Matches
146,Mickaël Cuisance,fr FRA,MF,Marseille,20,1999,23,11,1024,11.4,2,1,3,2,0,0,3,0,0.8,0.8,0.5,1.3,19,45,53,0.18,0.09,0.26,0.18,0.26,0.07,0.05,0.12,0.07,0.12,Matches
147,Damien Da Silva,fr FRA,DF,Rennes,32,1988,30,30,2661,29.6,4,0,4,4,0,0,7,1,2.1,2.1,0.3,2.3,28,145,4,0.14,0.00,0.14,0.14,0.14,0.07,0.01,0.08,0.07,0.08,Matches
148,Colin Dagba,fr FRA,DF,Paris S-G,21,1998,25,15,1357,15.1,1,2,3,1,0,0,3,0,0.7,0.7,1.0,1.7,38,44,110,0.07,0.13,0.20,0.07,0.20,0.05,0.07,0.11,0.05,0.11,Matches
149,Flavius Daniliuc,at AUT,DF,Nice,19,2001,23,15,1477,16.4,1,0,1,1,0,0,0,0,0.6,0.6,0.4,1.0,25,102,7,0.06,0.00,0.06,0.06,0.06,0.04,0.02,0.06,0.04,0.06,Matches
150,Dante,br BRA,DF,Nice,36,1983,9,9,774,8.6,2,1,3,2,0,0,2,0,0.9,0.9,0.2,1.0,3,27,0,0.23,0.12,0.35,0.23,0.35,0.10,0.02,0.12,0.10,0.12,Matches
Rk,Player,Nation,Pos,Squad,Age,Born,MP,Starts,Min,90s,Gls,Ast,G+A,G-PK,PK,PKatt,CrdY,CrdR,xG,npxG,xAG,npxG+xAG,PrgC,PrgP,PrgR,Gls,Ast,G+A,G-PK,G+A-PK,xG,xAG,xG+xAG,npxG,npxG+xAG,Matches
151,Jonathan David,ca CAN,FW,Lille,20,2000,37,29,2354,26.2,13,2,15,13,0,0,0,0,9.1,9.1,2.6,11.7,46,47,173,0.50,0.08,0.57,0.50,0.57,0.35,0.10,0.45,0.35,0.45,Matches
152,Mattia De Sciglio,it ITA,DF,Lyon,27,1992,29,14,1467,16.3,0,1,1,0,0,0,4,1,0.1,0.1,1.0,1.1,25,79,82,0.00,0.06,0.06,0.00,0.06,0.01,0.06,0.07,0.01,0.07,Matches
153,Thibault De Smet,be BEL,DF,Reims,22,1998,8,6,496,5.5,0,0,0,0,0,0,3,0,0.0,0.0,0.2,0.2,23,29,30,0.00,0.00,0.00,0.00,0.00,0.00,0.03,0.03,0.00,0.03,Matches
154,Lucas Deaux,fr FRA,"MF,DF",Nîmes,31,1988,25,19,1754,19.5,1,2,3,1,0,0,4,1,1.2,1.2,1.5,2.7,23,76,47,0.05,0.10,0.15,0.05,0.15,0.06,0.08,0.14,0.06,0.14,Matches
155,Mathieu Debuchy,fr FRA,DF,Saint-Étienne,35,1985,26,25,2103,23.4,2,1,3,2,0,0,5,0,2.7,2.7,1.5,4.2,33,80,91,0.09,0.04,0.13,0.09,0.13,0.12,0.07,0.18,0.12,0.18,Matches
156,Romain Del Castillo,fr FRA,"MF,FW",Rennes,24,1996,26,5,652,7.2,0,5,5,0,0,0,2,0,1.1,1.1,2.7,3.8,24,41,104,0.00,0.69,0.69,0.00,0.69,0.15,0.38,0.53,0.15,0.53,Matches
157,Thomas Delaine,fr FRA,"DF,FW",Metz,28,1992,24,19,1779,19.8,3,2,5,3,0,0,4,0,1.7,1.7,1.1,2.8,98,43,113,0.15,0.10,0.25,0.15,0.25,0.09,0.06,0.14,0.09,0.14,Matches
158,Jonathan Delaplace,fr FRA,DF,Lorient,34,1986,18,9,906,10.1,0,1,1,0,0,0,1,1,0.2,0.2,1.8,2.0,15,30,48,0.00,0.10,0.10,0.00,0.10,0.02,0.18,0.20,0.02,0.20,Matches
159,Sacha Delaye,fr FRA,MF,Montpellier,18,2002,1,0,7,0.1,0,0,0,0,0,0,0,0,0.0,0.0,0.0,0.0,0,0,0,0.00,0.00,0.00,0.00,0.00,0.00,0.00,0.00,0.00,0.00,Matches
160,Andy Delort,dz ALG,FW,Montpellier,28,1991,30,30,2482,27.6,15,9,24,15,0,1,4,0,12.8,12.0,6.4,18.3,49,69,210,0.54,0.33,0.87,0.54,0.87,0.46,0.23,0.69,0.43,0.66,Matches
161,Moussa Dembélé,fr FRA,FW,Lyon,24,1996,16,6,677,7.5,1,0,1,1,0,0,3,0,5.3,5.3,1.0,6.3,9,14,45,0.13,0.00,0.13,0.13,0.13,0.70,0.13,0.83,0.70,0.83,Matches
162,Jason Denayer,be BEL,DF,Lyon,25,1995,31,31,2614,29.0,1,0,1,1,0,0,1,0,0.5,0.5,0.0,0.5,15,93,3,0.03,0.00,0.03,0.03,0.03,0.02,0.00,0.02,0.02,0.02,Matches
163,Kévin Denkey,tg TOG,FW,Nîmes,19,2000,10,6,524,5.8,1,1,2,1,0,0,3,0,2.1,2.1,0.6,2.7,6,10,37,0.17,0.17,0.34,0.17,0.34,0.36,0.10,0.46,0.36,0.46,Matches
164,Clément Depres,fr FRA,FW,Nîmes,25,1994,1,0,14,0.2,0,0,0,0,0,0,0,0,0.0,0.0,0.0,0.0,0,1,2,0.00,0.00,0.00,0.00,0.00,0.00,0.00,0.00,0.00,0.00,Matches
165,Ángel Di María,ar ARG,"FW,MF",Paris S-G,32,1988,27,23,1853,20.6,4,9,13,4,0,0,1,0,4.7,4.7,11.2,15.9,90,159,219,0.19,0.44,0.63,0.19,0.63,0.23,0.55,0.77,0.23,0.77,Matches
166,Boulaye Dia,sn SEN,"FW,MF",Reims,23,1996,36,35,2930,32.6,14,1,15,9,5,5,2,0,12.5,8.6,1.8,10.4,68,56,163,0.43,0.03,0.46,0.28,0.31,0.39,0.06,0.44,0.26,0.32,Matches
167,Abdou Diallo,sn SEN,DF,Paris S-G,24,1996,22,17,1490,16.6,0,1,1,0,0,0,3,2,0.2,0.2,0.5,0.7,28,76,34,0.00,0.06,0.06,0.00,0.06,0.01,0.03,0.04,0.01,0.04,Matches
168,Habib Diallo,sn SEN,FW,Strasbourg,25,1995,32,27,2322,25.8,9,3,12,8,1,1,2,0,7.6,6.8,2.4,9.2,20,39,159,0.35,0.12,0.47,0.31,0.43,0.29,0.09,0.39,0.26,0.36,Matches
169,Habib Diallo,sn SEN,"FW,MF",Metz,25,1995,4,1,143,1.6,0,0,0,0,0,0,0,0,0.4,0.4,0.4,0.8,2,3,11,0.00,0.00,0.00,0.00,0.00,0.26,0.25,0.51,0.26,0.51,Matches
170,Ibrahima Diallo,fr FRA,MF,Brest,21,1999,5,5,440,4.9,0,0,0,0,0,0,1,0,0.0,0.0,0.3,0.3,4,23,3,0.00,0.00,0.00,0.00,0.00,0.00,0.06,0.07,0.00,0.07,Matches
171,Stéphane Diarra,fr FRA,"MF,FW",Lorient,21,1998,13,2,197,2.2,0,0,0,0,0,0,1,0,0.1,0.1,0.3,0.4,8,8,30,0.00,0.00,0.00,0.00,0.00,0.04,0.12,0.17,0.04,0.17,Matches
172,Krépin Diatta,sn SEN,"MF,DF",Monaco,21,1999,12,3,389,4.3,1,0,1,1,0,0,3,0,0.4,0.4,0.1,0.5,16,11,44,0.23,0.00,0.23,0.23,0.23,0.10,0.02,0.11,0.10,0.11,Matches
173,Bamba Dieng,sn SEN,"FW,DF",Marseille,20,2000,5,2,129,1.4,0,0,0,0,0,0,0,0,0.2,0.2,0.0,0.2,0,1,4,0.00,0.00,0.00,0.00,0.00,0.17,0.00,0.17,0.17,0.17,Matches
174,Junior Dina Ebimbe,fr FRA,"FW,MF",Dijon,19,2000,30,25,2144,23.8,1,1,2,1,0,0,5,0,3.4,3.4,2.4,5.8,65,67,145,0.04,0.04,0.08,0.04,0.08,0.14,0.10,0.24,0.14,0.24,Matches
175,Tristan Dingomé,cm CMR,MF,Reims,29,1991,1,0,15,0.2,0,0,0,0,0,0,0,0,0.0,0.0,0.0,0.0,0,1,0,0.00,0.00,0.00,0.00,0.00,0.00,0.00,0.00,0.00,0.00,Matches
Rk,Player,Nation,Pos,Squad,Age,Born,MP,Starts,Min,90s,Gls,Ast,G+A,G-PK,PK,PKatt,CrdY,CrdR,xG,npxG,xAG,npxG+xAG,PrgC,PrgP,PrgR,Gls,Ast,G+A,G-PK,G+A-PK,xG,xAG,xG+xAG,npxG,npxG+xAG,Matches
176,Sinaly Diomande,ci CIV,DF,Lyon,19,2001,27,10,1133,12.6,0,0,0,0,0,0,3,0,1.3,1.3,0.3,1.5,8,41,9,0.00,0.00,0.00,0.00,0.00,0.10,0.02,0.12,0.10,0.12,Matches
177,Lois Diony,fr FRA,FW,Angers,27,1992,36,20,1749,19.4,5,1,6,4,1,1,2,0,4.0,3.3,1.9,5.1,45,20,159,0.26,0.05,0.31,0.21,0.26,0.21,0.10,0.30,0.17,0.26,Matches
178,Sofiane Diop,fr FRA,"MF,FW",Monaco,20,2000,32,24,2023,22.5,7,1,8,7,0,0,4,0,4.8,4.8,2.8,7.6,65,127,132,0.31,0.04,0.36,0.31,0.36,0.21,0.12,0.34,0.21,0.34,Matches
179,Andy Diouf,fr FRA,FW,Rennes,17,2003,1,0,12,0.1,0,0,0,0,0,0,1,0,0.0,0.0,0.0,0.0,1,0,0,0.00,0.00,0.00,0.00,0.00,0.00,0.00,0.00,0.00,0.00,Matches
180,Yehvann Diouf,sn SEN,GK,Reims,20,1999,2,1,135,1.5,0,0,0,0,0,0,0,0,0.0,0.0,0.0,0.0,0,0,0,0.00,0.00,0.00,0.00,0.00,0.00,0.00,0.00,0.00,0.00,Matches
181,Assane Dioussé,sn SEN,DF,Saint-Étienne,22,1997,1,0,1,0.0,0,0,0,0,0,0,0,0,0.0,0.0,0.0,0.0,0,0,0,0.00,0.00,0.00,0.00,0.00,0.00,0.00,0.00,0.00,0.00,Matches
182,Axel Disasi,fr FRA,DF,Monaco,22,1998,29,24,2011,22.3,3,0,3,3,0,0,4,2,2.4,2.4,0.4,2.8,19,87,4,0.13,0.00,0.13,0.13,0.13,0.11,0.02,0.13,0.11,0.13,Matches
183,Tiago Djaló,pt POR,DF,Lille,20,2000,17,8,873,9.7,0,0,0,0,0,0,4,1,0.1,0.1,0.1,0.2,14,37,28,0.00,0.00,0.00,0.00,0.00,0.01,0.01,0.02,0.01,0.02,Matches
184,Alexander Djiku,gh GHA,"DF,MF",Strasbourg,25,1994,30,29,2552,28.4,0,0,0,0,0,0,8,0,2.0,2.0,0.6,2.7,11,83,7,0.00,0.00,0.00,0.00,0.00,0.07,0.02,0.09,0.07,0.09,Matches
185,Mihai Dobre,ro ROU,FW,Dijon,21,1998,22,4,529,5.9,0,0,0,0,0,0,0,0,0.5,0.5,0.3,0.8,17,7,39,0.00,0.00,0.00,0.00,0.00,0.08,0.05,0.13,0.08,0.13,Matches
186,Jeremy Doku,be BEL,"MF,FW",Rennes,18,2002,30,26,2313,25.7,2,3,5,2,0,0,1,1,2.8,2.8,2.9,5.7,135,106,281,0.08,0.12,0.19,0.08,0.19,0.11,0.11,0.22,0.11,0.22,Matches
187,Kasper Dolberg,dk DEN,FW,Nice,22,1997,25,21,1928,21.4,6,2,8,4,2,2,2,0,8.4,6.8,1.1,7.9,15,21,92,0.28,0.09,0.37,0.19,0.28,0.39,0.05,0.44,0.32,0.37,Matches
188,Keagan Dolly,za RSA,MF,Montpellier,27,1993,18,3,452,5.0,0,0,0,0,0,0,2,0,0.1,0.1,0.3,0.4,11,19,19,0.00,0.00,0.00,0.00,0.00,0.03,0.05,0.08,0.03,0.08,Matches
189,Anastasios Donis,gr GRE,MF,Reims,23,1996,3,1,97,1.1,0,0,0,0,0,0,0,1,0.0,0.0,0.0,0.0,2,0,13,0.00,0.00,0.00,0.00,0.00,0.03,0.00,0.03,0.03,0.03,Matches
190,Cheick Doucouré,ml MLI,MF,Lens,20,2000,33,30,2627,29.2,2,1,3,2,0,0,8,0,1.3,1.3,1.1,2.4,45,179,44,0.07,0.03,0.10,0.07,0.10,0.05,0.04,0.08,0.05,0.08,Matches
191,Fodé Doucouré,ml MLI,DF,Reims,19,2001,7,3,333,3.7,0,0,0,0,0,0,0,0,0.3,0.3,0.5,0.8,11,18,8,0.00,0.00,0.00,0.00,0.00,0.08,0.13,0.21,0.08,0.21,Matches
192,Mahamadou Doucouré,ml MLI,"FW,MF",Nîmes,20,2000,3,0,45,0.5,0,0,0,0,0,0,0,0,0.0,0.0,0.0,0.0,4,0,6,0.00,0.00,0.00,0.00,0.00,0.00,0.00,0.00,0.00,0.00,Matches
193,Moussa Doumbia,ml MLI,"MF,FW",Reims,25,1994,23,9,899,10.0,0,1,1,0,0,0,1,0,0.6,0.6,2.1,2.8,50,46,102,0.00,0.10,0.10,0.00,0.10,0.06,0.21,0.28,0.06,0.28,Matches
194,Souleyman Doumbia,ci CIV,DF,Angers,23,1996,27,24,2222,24.7,0,1,1,0,0,0,8,0,0.6,0.6,2.1,2.8,65,62,121,0.00,0.04,0.04,0.00,0.04,0.03,0.09,0.11,0.03,0.11,Matches
195,Mouhamadou Drammeh,gm GAM,MF,Reims,21,1999,6,1,173,1.9,0,0,0,0,0,0,1,0,0.0,0.0,0.1,0.1,4,9,1,0.00,0.00,0.00,0.00,0.00,0.01,0.03,0.04,0.01,0.04,Matches
196,Julian Draxler,de GER,"MF,FW",Paris S-G,26,1993,24,12,1064,11.8,4,3,7,4,0,0,3,0,1.6,1.6,3.1,4.8,49,70,94,0.34,0.25,0.59,0.34,0.59,0.14,0.26,0.40,0.14,0.40,Matches
197,Matthieu Dreyer,fr FRA,GK,Lorient,31,1989,15,15,1350,15.0,0,0,0,0,0,0,1,0,0.0,0.0,0.0,0.0,0,0,0,0.00,0.00,0.00,0.00,0.00,0.00,0.00,0.00,0.00,0.00,Matches
198,Leo Dubois,fr FRA,DF,Lyon,25,1994,37,35,2903,32.3,2,4,6,2,0,0,3,0,1.1,1.1,6.6,7.7,111,194,239,0.06,0.12,0.19,0.06,0.19,0.04,0.20,0.24,0.04,0.24,Matches
199,Haris Duljević,ba BIH,"MF,FW",Nîmes,26,1993,20,8,773,8.6,0,2,2,0,0,0,1,0,1.2,1.2,1.4,2.6,27,47,52,0.00,0.23,0.23,0.00,0.23,0.14,0.17,0.30,0.14,0.30,Matches
200,Jean-Kevin Duverne,ht HAI,DF,Brest,23,1997,27,22,2029,22.5,1,0,1,1,0,0,4,0,0.6,0.6,0.6,1.2,39,106,10,0.04,0.00,0.04,0.04,0.04,0.03,0.03,0.05,0.03,0.05,Matches
Rk,Player,Nation,Pos,Squad,Age,Born,MP,Starts,Min,90s,Gls,Ast,G+A,G-PK,PK,PKatt,CrdY,CrdR,xG,npxG,xAG,npxG+xAG,PrgC,PrgP,PrgR,Gls,Ast,G+A,G-PK,G+A-PK,xG,xAG,xG+xAG,npxG,npxG+xAG,Matches
201,Enzo Ebosse,cm CMR,DF,Angers,21,1999,6,3,260,2.9,0,0,0,0,0,0,1,0,0.0,0.0,0.4,0.4,1,6,7,0.00,0.00,0.00,0.00,0.00,0.00,0.14,0.14,0.00,0.14,Matches
202,Bruno Ecuele Manga,ga GAB,DF,Dijon,32,1988,38,38,3420,38.0,2,0,2,2,0,0,3,0,2.4,2.4,0.1,2.5,10,76,2,0.05,0.00,0.05,0.05,0.05,0.06,0.00,0.07,0.06,0.07,Matches
203,Hugo Ekitike,fr FRA,"FW,MF",Reims,18,2002,2,0,88,1.0,0,0,0,0,0,0,1,0,0.2,0.2,0.1,0.3,3,1,9,0.00,0.00,0.00,0.00,0.00,0.18,0.11,0.29,0.18,0.29,Matches
204,Niclas Eliasson,se SWE,"MF,FW",Nîmes,24,1995,30,19,1799,20.0,4,3,7,4,0,0,1,0,3.6,3.6,4.4,8.0,27,27,141,0.20,0.15,0.35,0.20,0.35,0.18,0.22,0.40,0.18,0.40,Matches
205,Renaud Emond,be BEL,"FW,MF",Nantes,28,1991,22,3,354,3.9,2,0,2,2,0,0,1,0,1.5,1.5,0.1,1.7,2,5,27,0.51,0.00,0.51,0.51,0.51,0.39,0.03,0.42,0.39,0.42,Matches
206,Yoann Etienne,fr FRA,DF,Lorient,23,1997,1,1,90,1.0,0,0,0,0,0,0,1,0,0.0,0.0,0.0,0.0,0,5,1,0.00,0.00,0.00,0.00,0.00,0.00,0.04,0.04,0.00,0.04,Matches
207,Fábio,br BRA,DF,Nantes,30,1990,22,19,1507,16.7,0,1,1,0,0,0,5,1,0.3,0.3,0.5,0.8,24,70,59,0.00,0.06,0.06,0.00,0.06,0.02,0.03,0.05,0.02,0.05,Matches
208,Cesc Fàbregas,es ESP,"MF,FW",Monaco,33,1987,21,7,877,9.7,2,3,5,0,2,2,2,0,3.2,1.6,3.3,4.9,10,115,48,0.21,0.31,0.51,0.00,0.31,0.33,0.34,0.67,0.16,0.51,Matches
209,Bandiougou Fadiga,fr FRA,"FW,MF",Paris S-G,19,2001,6,0,63,0.7,0,0,0,0,0,0,1,0,0.0,0.0,0.0,0.0,3,3,7,0.00,0.00,0.00,0.00,0.00,0.04,0.00,0.04,0.04,0.04,Matches
210,Bandiougou Fadiga,fr FRA,"MF,FW",Brest,19,2001,4,0,43,0.5,0,0,0,0,0,0,0,0,0.0,0.0,0.1,0.1,0,1,3,0.00,0.00,0.00,0.00,0.00,0.00,0.14,0.14,0.00,0.14,Matches
211,Wout Faes,be BEL,DF,Reims,22,1998,33,33,2899,32.2,1,0,1,1,0,0,13,2,1.2,1.2,0.1,1.3,22,86,2,0.03,0.00,0.03,0.03,0.03,0.04,0.00,0.04,0.04,0.04,Matches
212,Romain Faivre,fr FRA,"MF,FW",Brest,22,1998,36,33,2891,32.1,6,5,11,5,1,1,0,0,6.2,5.4,7.2,12.7,141,171,166,0.19,0.16,0.34,0.16,0.31,0.19,0.23,0.42,0.17,0.39,Matches
213,Wuilker Faríñez,ve VEN,GK,Lens,22,1998,3,1,107,1.2,0,0,0,0,0,0,0,0,0.0,0.0,0.0,0.0,0,0,0,0.00,0.00,0.00,0.00,0.00,0.00,0.00,0.00,0.00,0.00,Matches
214,Noah Fatar,fr FRA,"FW,MF",Angers,18,2002,2,0,21,0.2,0,0,0,0,0,0,0,0,0.0,0.0,0.0,0.0,0,0,2,0.00,0.00,0.00,0.00,0.00,0.00,0.00,0.00,0.00,0.00,Matches
215,Julien Faussurier,fr FRA,DF,Brest,33,1987,17,9,955,10.6,0,3,3,0,0,0,2,0,0.4,0.4,2.2,2.6,28,56,63,0.00,0.28,0.28,0.00,0.28,0.04,0.21,0.24,0.04,0.24,Matches
216,Zinedine Ferhat,dz ALG,"FW,MF",Nîmes,27,1993,33,33,2957,32.9,6,10,16,5,1,1,2,0,5.9,5.1,6.5,11.6,92,121,266,0.18,0.30,0.49,0.15,0.46,0.18,0.20,0.38,0.15,0.35,Matches
217,Jordan Ferri,fr FRA,MF,Montpellier,28,1992,34,31,2577,28.6,0,3,3,0,0,0,6,0,0.1,0.1,1.7,1.9,36,192,41,0.00,0.10,0.10,0.00,0.10,0.00,0.06,0.06,0.00,0.06,Matches
218,Alexis Flips,fr FRA,"MF,FW",Reims,20,2000,2,0,43,0.5,1,0,1,1,0,0,0,0,0.0,0.0,0.0,0.0,0,1,4,2.09,0.00,2.09,2.09,2.09,0.10,0.00,0.10,0.10,0.10,Matches
219,Alessandro Florenzi,it ITA,DF,Paris S-G,29,1991,21,18,1538,17.1,2,1,3,2,0,0,1,0,2.2,2.2,2.4,4.6,27,63,148,0.12,0.06,0.18,0.12,0.18,0.13,0.14,0.27,0.13,0.27,Matches
220,Mamadou Fofana,ml MLI,"MF,DF",Metz,22,1998,16,11,1070,11.9,0,0,0,0,0,0,2,0,0.4,0.4,0.1,0.5,2,20,2,0.00,0.00,0.00,0.00,0.00,0.03,0.00,0.04,0.03,0.04,Matches
221,Seko Fofana,ci CIV,MF,Lens,25,1995,30,25,2309,25.7,2,3,5,2,0,0,2,0,2.9,2.9,2.3,5.3,75,120,126,0.08,0.12,0.19,0.08,0.19,0.11,0.09,0.20,0.11,0.20,Matches
222,Wesley Fofana,fr FRA,DF,Saint-Étienne,19,2000,4,3,315,3.5,0,0,0,0,0,0,1,0,0.1,0.1,0.0,0.1,2,8,2,0.00,0.00,0.00,0.00,0.00,0.01,0.01,0.02,0.01,0.02,Matches
223,Youssouf Fofana,fr FRA,MF,Monaco,21,1999,35,35,2873,31.9,0,3,3,0,0,0,10,1,1.5,1.5,2.4,3.9,57,187,36,0.00,0.09,0.09,0.00,0.09,0.05,0.07,0.12,0.05,0.12,Matches
224,Thomas Foket,be BEL,DF,Reims,25,1994,37,37,3324,36.9,0,3,3,0,0,0,4,0,0.2,0.2,1.3,1.5,90,102,149,0.00,0.08,0.08,0.00,0.08,0.01,0.03,0.04,0.01,0.04,Matches
225,Lamine Fomba,fr FRA,MF,Nîmes,22,1998,32,24,2175,24.2,1,1,2,1,0,0,8,0,2.6,2.6,1.2,3.8,19,48,23,0.04,0.04,0.08,0.04,0.08,0.11,0.05,0.16,0.11,0.16,Matches
Rk,Player,Nation,Pos,Squad,Age,Born,MP,Starts,Min,90s,Gls,Ast,G+A,G-PK,PK,PKatt,CrdY,CrdR,xG,npxG,xAG,npxG+xAG,PrgC,PrgP,PrgR,Gls,Ast,G+A,G-PK,G+A-PK,xG,xAG,xG+xAG,npxG,npxG+xAG,Matches
226,Thomas Fontaine,mg MAD,DF,Lorient,29,1991,4,4,320,3.6,0,0,0,0,0,0,0,0,0.2,0.2,0.0,0.2,0,3,0,0.00,0.00,0.00,0.00,0.00,0.05,0.00,0.05,0.05,0.05,Matches
227,José Fonte,pt POR,DF,Lille,36,1983,36,36,3185,35.4,3,0,3,3,0,0,7,0,2.1,2.1,0.5,2.6,14,137,14,0.08,0.00,0.08,0.08,0.08,0.06,0.01,0.07,0.06,0.07,Matches
228,Steven Fortes,cv CPV,DF,Lens,28,1992,18,16,1435,15.9,0,0,0,0,0,0,7,1,0.4,0.4,0.3,0.6,18,64,0,0.00,0.00,0.00,0.00,0.00,0.02,0.02,0.04,0.02,0.04,Matches
229,Yassin Fortune,ht HAI,FW,Angers,21,1999,1,0,15,0.2,0,0,0,0,0,0,0,0,0.0,0.0,0.0,0.0,0,0,1,0.00,0.00,0.00,0.00,0.00,0.00,0.00,0.00,0.00,0.00,Matches
230,Angelo Fulgini,fr FRA,MF,Angers,23,1996,33,33,2725,30.3,7,3,10,6,1,1,4,0,5.4,4.6,4.8,9.4,101,201,192,0.23,0.10,0.33,0.20,0.30,0.18,0.16,0.34,0.15,0.31,Matches
231,Baptiste Gabard,fr FRA,MF,Saint-Étienne,20,2000,2,2,133,1.5,0,0,0,0,0,0,1,0,0.0,0.0,0.1,0.1,1,3,4,0.00,0.00,0.00,0.00,0.00,0.00,0.04,0.04,0.00,0.04,Matches
232,Idrissa Gana Gueye,sn SEN,MF,Paris S-G,30,1989,28,20,1581,17.6,2,1,3,2,0,0,3,0,0.8,0.8,0.9,1.7,46,163,30,0.11,0.06,0.17,0.11,0.17,0.05,0.05,0.10,0.05,0.10,Matches
233,Ignatius Ganago,cm CMR,FW,Lens,21,1999,24,16,1304,14.5,7,0,7,7,0,0,0,0,7.8,7.8,1.3,9.1,27,13,107,0.48,0.00,0.48,0.48,0.48,0.54,0.09,0.63,0.54,0.63,Matches
234,Yann Gboho,fr FRA,"MF,FW",Rennes,19,2001,10,2,303,3.4,0,0,0,0,0,0,0,0,0.9,0.9,0.2,1.1,18,13,44,0.00,0.00,0.00,0.00,0.00,0.26,0.06,0.32,0.26,0.32,Matches
235,Valère Germain,fr FRA,"FW,MF",Marseille,30,1990,24,6,857,9.5,3,0,3,3,0,0,1,0,2.2,2.2,0.1,2.2,4,17,38,0.32,0.00,0.32,0.32,0.32,0.23,0.01,0.23,0.23,0.23,Matches
236,Willem Geubbels,fr FRA,"MF,FW",Monaco,18,2001,14,2,294,3.3,1,0,1,1,0,0,3,1,1.2,1.2,0.5,1.7,3,5,26,0.31,0.00,0.31,0.31,0.31,0.36,0.15,0.51,0.36,0.51,Matches
237,Andrei Girotto,br BRA,"DF,MF",Nantes,28,1992,34,29,2668,29.6,1,1,2,1,0,0,3,1,1.5,1.5,1.6,3.1,18,117,6,0.03,0.03,0.07,0.03,0.07,0.05,0.05,0.10,0.05,0.10,Matches
238,Aleksandr Golovin,ru RUS,"MF,FW",Monaco,24,1996,21,12,1069,11.9,5,9,14,5,0,0,2,0,2.9,2.9,5.4,8.3,45,36,93,0.42,0.76,1.18,0.42,1.18,0.25,0.45,0.70,0.25,0.70,Matches
239,Alfred Gomis,sn SEN,GK,Dijon,26,1993,5,5,450,5.0,0,0,0,0,0,0,0,0,0.0,0.0,0.0,0.0,0,0,0,0.00,0.00,0.00,0.00,0.00,0.00,0.00,0.00,0.00,0.00,Matches
240,Alfred Gomis,sn SEN,GK,Rennes,26,1993,22,22,1980,22.0,0,0,0,0,0,0,1,0,0.0,0.0,0.0,0.0,0,0,0,0.00,0.00,0.00,0.00,0.00,0.00,0.00,0.00,0.00,0.00,Matches
241,Vagner Gonçalves,cv CPV,"FW,MF",Metz,24,1996,26,10,967,10.7,4,1,5,2,2,2,3,0,4.7,3.1,1.6,4.7,14,19,73,0.37,0.09,0.47,0.19,0.28,0.44,0.15,0.58,0.29,0.44,Matches
242,Álvaro González,es ESP,DF,Marseille,30,1990,32,32,2831,31.5,2,3,5,2,0,0,14,0,1.3,1.3,1.2,2.5,25,122,4,0.06,0.10,0.16,0.06,0.16,0.04,0.04,0.08,0.04,0.08,Matches
243,Amine Gouiri,dz ALG,"FW,MF",Nice,20,2000,34,31,2747,30.5,12,7,19,8,4,4,5,0,14.4,11.5,7.1,18.6,87,78,269,0.39,0.23,0.62,0.26,0.49,0.47,0.23,0.70,0.38,0.61,Matches
244,Lucas Gourna-Douath,fr FRA,MF,Saint-Étienne,16,2003,30,13,1327,14.7,0,0,0,0,0,0,8,0,0.5,0.5,0.1,0.6,17,50,6,0.00,0.00,0.00,0.00,0.00,0.04,0.00,0.04,0.04,0.04,Matches
245,Jonathan Gradit,fr FRA,DF,Lens,27,1992,33,33,2823,31.4,0,1,1,0,0,0,9,1,0.0,0.0,0.3,0.4,72,177,11,0.00,0.03,0.03,0.00,0.03,0.00,0.01,0.01,0.00,0.01,Matches
246,Andrew Gravillon,gp GLP,DF,Lorient,22,1998,26,26,2272,25.2,2,2,4,2,0,0,3,1,1.6,1.6,0.7,2.3,16,50,10,0.08,0.08,0.16,0.08,0.16,0.06,0.03,0.09,0.06,0.09,Matches
247,Adrian Grbić,at AUT,FW,Lorient,23,1996,33,9,961,10.7,4,0,4,1,3,3,2,0,6.5,4.1,0.5,4.7,13,10,53,0.37,0.00,0.37,0.09,0.09,0.61,0.05,0.66,0.39,0.44,Matches
248,Etienne Green,eng ENG,GK,Saint-Étienne,20,2000,8,8,720,8.0,0,0,0,0,0,0,0,0,0.0,0.0,0.0,0.0,0,0,0,0.00,0.00,0.00,0.00,0.00,0.00,0.00,0.00,0.00,0.00,Matches
249,Clément Grenier,fr FRA,"MF,FW",Rennes,29,1991,23,12,1078,12.0,4,3,7,3,1,1,3,0,2.6,1.8,2.2,4.0,17,90,63,0.33,0.25,0.58,0.25,0.50,0.22,0.19,0.40,0.15,0.34,Matches
250,Evann Guessand,ci CIV,FW,Nice,19,2001,3,0,29,0.3,0,0,0,0,0,0,0,0,0.1,0.1,0.0,0.1,1,2,2,0.00,0.00,0.00,0.00,0.00,0.18,0.00,0.18,0.18,0.18,Matches
Rk,Player,Nation,Pos,Squad,Age,Born,MP,Starts,Min,90s,Gls,Ast,G+A,G-PK,PK,PKatt,CrdY,CrdR,xG,npxG,xAG,npxG+xAG,PrgC,PrgP,PrgR,Gls,Ast,G+A,G-PK,G+A-PK,xG,xAG,xG+xAG,npxG,npxG+xAG,Matches
251,Kelyan Guessoum,dz ALG,DF,Nîmes,21,1999,15,11,1128,12.5,0,0,0,0,0,0,2,0,0.5,0.5,0.2,0.6,4,24,1,0.00,0.00,0.00,0.00,0.00,0.04,0.01,0.05,0.04,0.05,Matches
252,Lamine Gueye,sn SEN,"FW,MF",Metz,22,1998,26,19,1454,16.2,3,2,5,3,0,0,1,0,4.6,4.6,2.3,6.9,42,30,142,0.19,0.12,0.31,0.19,0.31,0.29,0.14,0.43,0.29,0.43,Matches
253,Pape Gueye,sn SEN,MF,Marseille,21,1999,32,22,2058,22.9,2,0,2,2,0,0,11,1,1.2,1.2,0.9,2.1,16,130,29,0.09,0.00,0.09,0.09,0.09,0.05,0.04,0.09,0.05,0.09,Matches
254,Frederic Guilbert,fr FRA,DF,Strasbourg,25,1994,13,13,1114,12.4,1,4,5,1,0,0,2,1,0.5,0.5,1.7,2.2,39,51,48,0.08,0.32,0.40,0.08,0.40,0.04,0.14,0.18,0.04,0.18,Matches
255,Bruno Guimarães,br BRA,MF,Lyon,22,1997,33,21,1754,19.5,3,1,4,2,1,1,6,0,2.6,1.8,2.1,3.9,41,196,56,0.15,0.05,0.21,0.10,0.15,0.13,0.11,0.24,0.09,0.20,Matches
256,Serhou Guirassy,gn GUI,FW,Rennes,24,1996,27,19,1764,19.6,10,1,11,9,1,1,3,0,9.2,8.4,2.7,11.2,17,36,151,0.51,0.05,0.56,0.46,0.51,0.47,0.14,0.61,0.43,0.57,Matches
257,Malo Gusto,fr FRA,"DF,MF",Lyon,17,2003,2,0,2,0.0,0,0,0,0,0,0,0,0,0.0,0.0,0.0,0.0,0,0,0,0.00,0.00,0.00,0.00,0.00,0.00,0.00,0.00,0.00,0.00,Matches
258,Massadio Haïdara,ml MLI,DF,Lens,27,1992,25,24,2132,23.7,2,1,3,2,0,0,6,0,2.1,2.1,1.8,3.9,56,107,90,0.08,0.04,0.13,0.08,0.13,0.09,0.07,0.16,0.09,0.16,Matches
259,Pierre-Yves Hamel,fr FRA,FW,Lorient,26,1994,23,7,849,9.4,4,2,6,3,1,1,5,0,3.1,2.3,0.7,3.0,6,14,26,0.42,0.21,0.64,0.32,0.53,0.33,0.07,0.40,0.24,0.31,Matches
260,Romain Hamouma,fr FRA,"FW,MF",Saint-Étienne,33,1987,29,19,1769,19.7,6,1,7,6,0,0,5,0,4.8,4.7,3.5,8.1,62,59,165,0.31,0.05,0.36,0.31,0.36,0.24,0.18,0.42,0.24,0.41,Matches
261,Dalbert Henrique,br BRA,DF,Rennes,26,1993,13,3,373,4.1,0,1,1,0,0,0,3,0,0.1,0.1,0.4,0.5,11,15,19,0.00,0.24,0.24,0.00,0.24,0.02,0.10,0.12,0.02,0.12,Matches
262,Luis Henrique,br BRA,"FW,DF",Marseille,18,2001,19,6,675,7.5,0,5,5,0,0,0,0,0,0.3,0.3,2.2,2.4,27,23,83,0.00,0.67,0.67,0.00,0.67,0.03,0.29,0.33,0.03,0.33,Matches
263,Christophe Hérelle,mq MTQ,DF,Brest,27,1992,16,15,1377,15.3,0,0,0,0,0,0,4,0,0.9,0.9,0.1,1.0,9,59,3,0.00,0.00,0.00,0.00,0.00,0.06,0.01,0.07,0.06,0.07,Matches
264,Jérôme Hergault,fr FRA,"DF,MF",Lorient,34,1986,22,19,1625,18.1,2,0,2,2,0,0,0,0,0.4,0.4,0.3,0.7,25,55,68,0.11,0.00,0.11,0.11,0.11,0.02,0.02,0.04,0.02,0.04,Matches
265,Ander Herrera,es ESP,MF,Paris S-G,30,1989,31,18,1851,20.6,1,3,4,1,0,0,6,0,1.4,1.4,3.1,4.6,27,171,57,0.05,0.15,0.19,0.05,0.19,0.07,0.15,0.22,0.07,0.22,Matches
266,Vitorino Hilton,br BRA,DF,Montpellier,42,1977,29,24,2117,23.5,0,1,1,0,0,0,4,2,1.2,1.2,0.3,1.5,3,60,4,0.00,0.04,0.04,0.00,0.04,0.05,0.01,0.06,0.05,0.06,Matches
267,Franck Honorat,fr FRA,"MF,FW",Brest,23,1996,36,28,2458,27.3,8,4,12,8,0,0,3,0,4.2,4.2,7.9,12.1,83,83,227,0.29,0.15,0.44,0.29,0.44,0.15,0.29,0.44,0.15,0.44,Matches
268,Fraser Hornby,sct SCO,"FW,MF",Reims,20,1999,3,0,35,0.4,0,0,0,0,0,0,1,0,0.2,0.2,0.0,0.2,0,1,1,0.00,0.00,0.00,0.00,0.00,0.65,0.00,0.65,0.65,0.65,Matches
269,Adrien Hunou,fr FRA,"FW,MF",Rennes,26,1994,20,5,589,6.5,4,0,4,4,0,0,1,0,4.6,4.6,1.0,5.6,8,14,60,0.61,0.00,0.61,0.61,0.61,0.71,0.15,0.85,0.71,0.85,Matches
270,Didier Ibrahim Ndong,ga GAB,MF,Dijon,26,1994,29,29,2610,29.0,0,1,1,0,0,0,7,0,0.2,0.2,1.2,1.4,39,155,28,0.00,0.03,0.03,0.00,0.03,0.01,0.04,0.05,0.01,0.05,Matches
271,Mauro Icardi,ar ARG,FW,Paris S-G,27,1993,20,11,1079,12.0,7,3,10,6,1,1,1,0,8.6,7.8,2.7,10.5,3,12,46,0.58,0.25,0.83,0.50,0.75,0.72,0.22,0.94,0.65,0.87,Matches
272,Jonathan Ikone,fr FRA,"MF,FW",Lille,22,1998,37,26,2177,24.2,4,5,9,3,1,1,0,0,4.3,3.5,2.9,6.4,65,73,117,0.17,0.21,0.37,0.12,0.33,0.18,0.12,0.30,0.14,0.26,Matches
273,Yun Il-lok,kr KOR,"MF,FW",Montpellier,28,1992,12,3,312,3.5,0,0,0,0,0,0,1,0,0.6,0.6,0.5,1.1,8,6,11,0.00,0.00,0.00,0.00,0.00,0.16,0.15,0.31,0.16,0.31,Matches
274,Corentin Jean,fr FRA,"FW,MF",Lens,25,1995,23,6,580,6.4,1,1,2,1,0,0,3,0,1.7,1.7,0.5,2.2,9,9,55,0.16,0.16,0.31,0.16,0.31,0.26,0.08,0.34,0.26,0.34,Matches
275,Jesé,es ESP,FW,Paris S-G,27,1993,2,0,24,0.3,0,0,0,0,0,0,0,0,0.0,0.0,0.0,0.0,0,0,4,0.00,0.00,0.00,0.00,0.00,0.00,0.00,0.00,0.00,0.00,Matches
Rk,Player,Nation,Pos,Squad,Age,Born,MP,Starts,Min,90s,Gls,Ast,G+A,G-PK,PK,PKatt,CrdY,CrdR,xG,npxG,xAG,npxG+xAG,PrgC,PrgP,PrgR,Gls,Ast,G+A,G-PK,G+A-PK,xG,xAG,xG+xAG,npxG,npxG+xAG,Matches
276,Stevan Jovetić,me MNE,"FW,MF",Monaco,30,1989,29,6,802,8.9,6,0,6,6,0,1,1,0,5.5,4.3,0.6,4.9,30,50,80,0.67,0.00,0.67,0.67,0.67,0.62,0.07,0.68,0.48,0.54,Matches
277,Abdoul Kader Bamba,fr FRA,"FW,MF",Nantes,26,1994,29,6,917,10.2,3,1,4,3,0,1,2,0,2.4,1.6,1.3,2.8,41,43,96,0.29,0.10,0.39,0.29,0.39,0.23,0.12,0.36,0.15,0.28,Matches
278,Tino Kadewere,zw ZIM,FW,Lyon,24,1996,33,24,2009,22.3,10,3,13,10,0,0,4,0,9.9,9.9,3.4,13.3,36,39,186,0.45,0.13,0.58,0.45,0.58,0.44,0.15,0.60,0.44,0.60,Matches
279,Gaël Kakuta,cd COD,"MF,FW",Lens,29,1991,35,30,2394,26.6,11,5,16,4,7,9,3,0,11.1,4.0,6.6,10.6,48,147,123,0.41,0.19,0.60,0.15,0.34,0.42,0.25,0.66,0.15,0.40,Matches
280,Arnaud Kalimuendo,fr FRA,FW,Paris S-G,18,2002,1,1,73,0.8,0,0,0,0,0,0,0,0,0.2,0.2,0.0,0.2,1,0,11,0.00,0.00,0.00,0.00,0.00,0.23,0.05,0.29,0.23,0.29,Matches
281,Arnaud Kalimuendo,fr FRA,"FW,MF",Lens,18,2002,28,13,1218,13.5,7,3,10,7,0,0,0,0,5.8,5.8,2.5,8.3,41,21,121,0.52,0.22,0.74,0.52,0.74,0.43,0.18,0.61,0.43,0.61,Matches
282,Samuel Kalu,ng NGA,"FW,MF",Bordeaux,22,1997,20,14,964,10.7,4,1,5,4,0,0,3,0,1.8,1.8,0.6,2.4,34,26,80,0.37,0.09,0.47,0.37,0.47,0.16,0.06,0.22,0.16,0.22,Matches
283,Aboubakar Kamara,mr MTN,"FW,MF",Dijon,25,1995,10,7,557,6.2,1,0,1,1,0,0,1,1,1.2,1.2,0.8,2.0,10,7,37,0.16,0.00,0.16,0.16,0.16,0.19,0.13,0.32,0.19,0.32,Matches
284,Bingourou Kamara,sn SEN,GK,Strasbourg,23,1996,8,8,720,8.0,0,0,0,0,0,0,0,0,0.0,0.0,0.0,0.0,0,0,0,0.00,0.00,0.00,0.00,0.00,0.00,0.00,0.00,0.00,0.00,Matches
285,Boubacar Kamara,fr FRA,MF,Marseille,20,1999,35,35,2894,32.2,0,2,2,0,0,0,6,0,0.8,0.8,1.4,2.2,41,201,44,0.00,0.06,0.06,0.00,0.06,0.03,0.04,0.07,0.03,0.07,Matches
286,Hassane Kamara,ci CIV,"DF,FW",Nice,26,1994,36,34,2960,32.9,2,1,3,2,0,0,3,0,1.4,1.4,2.5,3.9,111,142,214,0.06,0.03,0.09,0.06,0.09,0.04,0.07,0.12,0.04,0.12,Matches
287,Wilfried Kanga,ci CIV,FW,Angers,22,1998,2,2,132,1.5,0,0,0,0,0,0,0,0,0.2,0.2,0.0,0.2,2,0,8,0.00,0.00,0.00,0.00,0.00,0.17,0.00,0.17,0.17,0.17,Matches
288,Eiji Kawashima,jp JPN,GK,Strasbourg,37,1983,24,24,2160,24.0,0,0,0,0,0,0,1,0,0.0,0.0,0.0,0.0,0,0,0,0.00,0.00,0.00,0.00,0.00,0.00,0.00,0.00,0.00,0.00,Matches
289,Moise Kean,it ITA,FW,Paris S-G,20,2000,26,22,1698,18.9,13,0,13,13,0,0,4,0,10.2,10.2,0.9,11.1,31,22,104,0.69,0.00,0.69,0.69,0.69,0.54,0.05,0.59,0.54,0.59,Matches
290,Thilo Kehrer,de GER,DF,Paris S-G,23,1996,24,16,1616,18.0,0,0,0,0,0,0,3,0,0.8,0.8,0.7,1.5,9,58,21,0.00,0.00,0.00,0.00,0.00,0.04,0.04,0.08,0.04,0.08,Matches
291,Habib Keita,ml MLI,MF,Lyon,18,2002,1,0,6,0.1,0,0,0,0,0,0,0,0,0.5,0.5,0.0,0.5,0,1,0,0.00,0.00,0.00,0.00,0.00,7.19,0.00,7.19,7.19,7.19,Matches
292,Saîf-Eddine Khaoui,tn TUN,"FW,DF",Marseille,25,1995,17,5,606,6.7,2,1,3,2,0,0,4,0,0.9,0.9,0.5,1.4,7,31,39,0.30,0.15,0.45,0.30,0.45,0.13,0.07,0.20,0.13,0.20,Matches
293,Wahbi Khazri,tn TUN,FW,Saint-Étienne,29,1991,22,16,1181,13.1,7,1,8,4,3,3,5,1,4.8,2.4,1.5,3.9,36,56,64,0.53,0.08,0.61,0.30,0.38,0.36,0.11,0.48,0.18,0.30,Matches
294,Presnel Kimpembe,fr FRA,DF,Paris S-G,24,1995,28,26,2303,25.6,0,0,0,0,0,0,6,1,0.3,0.3,0.4,0.7,13,117,1,0.00,0.00,0.00,0.00,0.00,0.01,0.02,0.03,0.01,0.03,Matches
295,Randal Kolo Muani,fr FRA,FW,Nantes,21,1998,37,35,3029,33.7,9,4,13,9,0,0,3,0,9.5,9.5,6.9,16.4,87,40,204,0.27,0.12,0.39,0.27,0.39,0.28,0.21,0.49,0.28,0.49,Matches
296,Timothée Kolodziejczak,fr FRA,DF,Saint-Étienne,28,1991,24,23,2036,22.6,0,0,0,0,0,0,4,1,0.8,0.8,0.4,1.2,12,89,5,0.00,0.00,0.00,0.00,0.00,0.04,0.02,0.05,0.04,0.05,Matches
297,Ghislain Konan,ci CIV,DF,Reims,24,1995,31,29,2613,29.0,2,1,3,2,0,0,5,0,0.3,0.3,1.1,1.4,106,120,127,0.07,0.03,0.10,0.07,0.10,0.01,0.04,0.05,0.01,0.05,Matches
298,Moussa Konaté,sn SEN,FW,Dijon,27,1993,27,13,1196,13.3,5,1,6,4,1,2,4,0,5.2,3.7,0.4,4.2,10,19,72,0.38,0.08,0.45,0.30,0.38,0.39,0.03,0.42,0.28,0.31,Matches
299,Lamine Koné,ci CIV,DF,Strasbourg,31,1989,15,12,1042,11.6,1,0,1,1,0,0,3,0,0.8,0.8,0.0,0.9,10,30,2,0.09,0.00,0.09,0.09,0.09,0.07,0.00,0.07,0.07,0.07,Matches
300,Moussa Koné,sn SEN,FW,Nîmes,23,1996,33,21,1755,19.5,9,0,9,9,0,0,2,0,6.4,6.4,1.0,7.4,22,26,85,0.46,0.00,0.46,0.46,0.46,0.33,0.05,0.38,0.33,0.38,Matches
Rk,Player,Nation,Pos,Squad,Age,Born,MP,Starts,Min,90s,Gls,Ast,G+A,G-PK,PK,PKatt,CrdY,CrdR,xG,npxG,xAG,npxG+xAG,PrgC,PrgP,PrgR,Gls,Ast,G+A,G-PK,G+A-PK,xG,xAG,xG+xAG,npxG,npxG+xAG,Matches
301,Laurent Koscielny,fr FRA,DF,Bordeaux,34,1985,26,25,2218,24.6,0,2,2,0,0,0,3,0,1.6,1.6,1.1,2.7,1,53,3,0.00,0.08,0.08,0.00,0.08,0.06,0.05,0.11,0.06,0.11,Matches
302,Boubakar Kouyaté,ml MLI,DF,Metz,23,1997,25,21,1964,21.8,1,0,1,1,0,0,10,0,2.0,2.0,0.2,2.2,1,23,3,0.05,0.00,0.05,0.05,0.05,0.09,0.01,0.10,0.09,0.10,Matches
303,Jean-Philippe Krasso,ci CIV,FW,Saint-Étienne,23,1997,6,2,223,2.5,0,0,0,0,0,0,0,0,0.3,0.3,0.1,0.4,1,6,20,0.00,0.00,0.00,0.00,0.00,0.12,0.03,0.15,0.12,0.15,Matches
304,Layvin Kurzawa,fr FRA,DF,Paris S-G,27,1992,19,15,1278,14.2,1,1,2,1,0,0,4,1,1.0,1.0,1.5,2.5,32,60,121,0.07,0.07,0.14,0.07,0.14,0.07,0.11,0.17,0.07,0.17,Matches
305,Dereck Kutesa,ch SUI,"MF,FW",Reims,22,1997,28,6,687,7.6,1,2,3,1,0,0,2,0,1.0,1.0,0.7,1.7,30,11,68,0.13,0.26,0.39,0.13,0.39,0.14,0.09,0.23,0.14,0.23,Matches
306,Enock Kwateng,fr FRA,DF,Bordeaux,23,1997,18,12,1038,11.5,1,0,1,1,0,0,4,0,0.5,0.5,0.7,1.2,15,44,35,0.09,0.00,0.09,0.09,0.09,0.04,0.06,0.10,0.04,0.10,Matches
307,Gaëtan Laborde,fr FRA,"FW,MF",Montpellier,26,1994,38,38,3256,36.2,16,8,24,16,0,0,3,0,11.4,11.2,4.6,15.8,81,70,238,0.44,0.22,0.66,0.44,0.66,0.31,0.13,0.44,0.31,0.44,Matches
308,Tom Lacoux,fr FRA,MF,Bordeaux,18,2002,13,6,523,5.8,0,0,0,0,0,0,4,1,0.1,0.1,0.1,0.2,3,7,8,0.00,0.00,0.00,0.00,0.00,0.02,0.01,0.03,0.02,0.03,Matches
309,Alban Lafont,ci CIV,GK,Nantes,21,1999,38,38,3420,38.0,0,0,0,0,0,0,2,0,0.0,0.0,0.0,0.0,0,0,0,0.00,0.00,0.00,0.00,0.00,0.00,0.00,0.00,0.00,0.00,Matches
310,Kenny Lala,mg MAD,DF,Strasbourg,28,1991,21,21,1834,20.4,3,2,5,0,3,3,1,0,2.7,0.4,4.0,4.4,48,88,88,0.15,0.10,0.25,0.00,0.10,0.13,0.20,0.33,0.02,0.22,Matches
311,Loïck Landre,fr FRA,DF,Nîmes,28,1992,20,20,1626,18.1,1,0,1,1,0,0,2,1,2.1,2.1,0.0,2.1,11,43,1,0.06,0.00,0.06,0.06,0.06,0.12,0.00,0.12,0.12,0.12,Matches
312,Julien Laporte,fr FRA,DF,Lorient,26,1993,30,30,2659,29.5,0,0,0,0,0,0,8,1,0.8,0.8,0.3,1.1,17,74,0,0.00,0.00,0.00,0.00,0.00,0.03,0.01,0.04,0.03,0.04,Matches
313,Gautier Larsonneur,fr FRA,GK,Brest,23,1997,35,35,3150,35.0,0,0,0,0,0,0,2,0,0.0,0.0,0.0,0.0,0,0,0,0.00,0.00,0.00,0.00,0.00,0.00,0.00,0.00,0.00,0.00,Matches
314,Paul Lasne,fr FRA,MF,Brest,31,1989,22,19,1681,18.7,0,0,0,0,0,0,4,1,0.8,0.8,0.3,1.1,10,69,10,0.00,0.00,0.00,0.00,0.00,0.04,0.02,0.06,0.04,0.06,Matches
315,Armand Lauriente,fr FRA,"MF,FW",Lorient,21,1998,29,16,1622,18.0,3,5,8,3,0,0,4,0,3.7,3.7,5.6,9.4,87,43,144,0.17,0.28,0.44,0.17,0.44,0.21,0.31,0.52,0.21,0.52,Matches
316,Wesley Lautoa,nc NCL,"MF,DF",Dijon,32,1987,25,19,1608,17.9,0,0,0,0,0,0,4,0,0.6,0.6,0.2,0.8,5,66,5,0.00,0.00,0.00,0.00,0.00,0.03,0.01,0.04,0.03,0.04,Matches
317,Jérémy Le Douaron,fr FRA,"FW,MF",Brest,22,1998,28,7,816,9.1,1,2,3,1,0,0,0,0,2.2,2.2,0.5,2.8,22,10,68,0.11,0.22,0.33,0.11,0.33,0.25,0.06,0.31,0.25,0.31,Matches
318,Enzo Le Fée,fr FRA,MF,Lorient,20,2000,36,21,1816,20.2,0,5,5,0,0,0,6,0,1.2,1.2,5.0,6.2,47,101,76,0.00,0.25,0.25,0.00,0.25,0.06,0.25,0.31,0.06,0.31,Matches
319,Vincent Le Goff,fr FRA,DF,Lorient,30,1989,26,26,2306,25.6,0,0,0,0,0,0,0,0,0.3,0.3,1.8,2.1,42,88,83,0.00,0.00,0.00,0.00,0.00,0.01,0.07,0.08,0.01,0.08,Matches
320,Damien Le Tallec,fr FRA,"MF,DF",Montpellier,30,1990,23,13,1227,13.6,0,0,0,0,0,0,3,1,1.5,1.5,0.6,2.1,8,46,8,0.00,0.00,0.00,0.00,0.00,0.11,0.04,0.15,0.11,0.15,Matches
321,James Lea Siliki,cm CMR,MF,Rennes,24,1996,7,3,255,2.8,0,0,0,0,0,0,0,0,0.2,0.2,0.0,0.3,8,20,14,0.00,0.00,0.00,0.00,0.00,0.09,0.02,0.10,0.09,0.10,Matches
322,Jean-Louis Leca,fr FRA,GK,Lens,34,1985,37,37,3313,36.8,0,0,0,0,0,0,2,0,0.0,0.0,0.1,0.1,0,0,0,0.00,0.00,0.00,0.00,0.00,0.00,0.00,0.00,0.00,0.00,Matches
323,Benjamin Lecomte,fr FRA,GK,Monaco,29,1991,28,28,2520,28.0,0,0,0,0,0,0,1,0,0.0,0.0,0.0,0.0,0,3,0,0.00,0.00,0.00,0.00,0.00,0.00,0.00,0.00,0.00,0.00,Matches
324,Pierre Lees-Melou,fr FRA,MF,Nice,27,1993,29,23,2063,22.9,4,2,6,3,1,1,3,1,4.7,3.9,0.8,4.7,38,141,56,0.17,0.09,0.26,0.13,0.22,0.20,0.03,0.24,0.17,0.21,Matches
325,Fabien Lemoine,fr FRA,MF,Lorient,33,1987,30,24,1934,21.5,1,0,1,1,0,0,8,0,0.9,0.9,1.5,2.3,21,122,26,0.05,0.00,0.05,0.05,0.05,0.04,0.07,0.11,0.04,0.11,Matches
Rk,Player,Nation,Pos,Squad,Age,Born,MP,Starts,Min,90s,Gls,Ast,G+A,G-PK,PK,PKatt,CrdY,CrdR,xG,npxG,xAG,npxG+xAG,PrgC,PrgP,PrgR,Gls,Ast,G+A,G-PK,G+A-PK,xG,xAG,xG+xAG,npxG,npxG+xAG,Matches
326,Aaron Leya Iseka,be BEL,FW,Metz,22,1997,21,12,1008,11.2,4,0,4,2,2,3,4,0,4.8,2.5,0.6,3.0,13,12,51,0.36,0.00,0.36,0.18,0.18,0.43,0.05,0.48,0.22,0.27,Matches
327,Yanis Lhery,fr FRA,MF,Saint-Étienne,17,2003,1,0,30,0.3,0,0,0,0,0,0,0,0,0.0,0.0,0.0,0.0,1,0,3,0.00,0.00,0.00,0.00,0.00,0.09,0.00,0.09,0.09,0.09,Matches
328,Dimitri Liénard,fr FRA,MF,Strasbourg,32,1988,34,19,1829,20.3,2,4,6,1,1,2,2,0,2.8,1.1,4.8,5.9,45,111,87,0.10,0.20,0.30,0.05,0.25,0.14,0.24,0.37,0.05,0.29,Matches
329,Isaac Lihadji,fr FRA,"MF,FW",Lille,18,2002,15,1,196,2.2,0,1,1,0,0,0,0,0,0.7,0.7,0.5,1.2,11,10,30,0.00,0.46,0.46,0.00,0.46,0.34,0.24,0.57,0.34,0.57,Matches
330,Pol Lirola,es ESP,"DF,FW",Marseille,22,1997,19,17,1553,17.3,2,2,4,2,0,0,3,0,1.3,1.3,2.2,3.5,63,55,128,0.12,0.12,0.23,0.12,0.23,0.08,0.13,0.20,0.08,0.20,Matches
331,Anthony Lopes,pt POR,GK,Lyon,29,1990,38,38,3420,38.0,0,0,0,0,0,0,2,0,0.0,0.0,0.0,0.0,1,9,0,0.00,0.00,0.00,0.00,0.00,0.00,0.00,0.00,0.00,0.00,Matches
332,Rony Lopes,pt POR,"FW,MF",Nice,24,1995,28,23,1783,19.8,3,1,4,3,0,0,1,0,2.9,2.9,3.9,6.8,55,68,159,0.15,0.05,0.20,0.15,0.20,0.15,0.20,0.35,0.15,0.35,Matches
333,Maxime Lopez,fr FRA,"FW,MF",Marseille,22,1997,4,2,134,1.5,0,0,0,0,0,0,1,0,0.0,0.0,0.1,0.1,0,5,5,0.00,0.00,0.00,0.00,0.00,0.00,0.05,0.05,0.00,0.05,Matches
334,Dion Lopy,sn SEN,MF,Reims,18,2002,4,3,256,2.8,0,0,0,0,0,0,0,0,0.2,0.2,0.1,0.2,5,12,3,0.00,0.00,0.00,0.00,0.00,0.06,0.02,0.08,0.06,0.08,Matches
335,Jordan Lotomba,ch SUI,"DF,MF",Nice,21,1998,30,24,2123,23.6,1,0,1,1,0,0,7,1,0.3,0.3,1.3,1.6,65,85,115,0.04,0.00,0.04,0.04,0.04,0.01,0.05,0.07,0.01,0.07,Matches
336,Adrien Louveau,fr FRA,MF,Lens,20,2000,1,0,8,0.1,0,0,0,0,0,0,0,0,0.0,0.0,0.0,0.0,0,0,0,0.00,0.00,0.00,0.00,0.00,0.00,0.00,0.00,0.00,0.00,Matches
337,Imran Louza,ma MAR,MF,Nantes,21,1999,33,28,2379,26.4,7,2,9,2,5,5,4,1,5.8,1.9,1.8,3.7,33,152,77,0.26,0.08,0.34,0.08,0.15,0.22,0.07,0.29,0.07,0.14,Matches
338,Jean Lucas,br BRA,MF,Lyon,22,1998,8,1,172,1.9,0,0,0,0,0,0,1,0,0.2,0.2,0.0,0.2,6,19,9,0.00,0.00,0.00,0.00,0.00,0.08,0.02,0.10,0.08,0.10,Matches
339,Jean Lucas,br BRA,"MF,FW",Brest,22,1998,16,11,1011,11.2,0,2,2,0,0,0,4,1,1.2,1.2,1.1,2.3,28,62,25,0.00,0.18,0.18,0.00,0.18,0.10,0.10,0.20,0.10,0.20,Matches
340,Florentino Luís,pt POR,MF,Monaco,20,1999,9,2,241,2.7,0,0,0,0,0,0,1,0,0.1,0.1,0.1,0.2,3,16,1,0.00,0.00,0.00,0.00,0.00,0.02,0.05,0.07,0.02,0.07,Matches
341,Yann M'Vila,fr FRA,MF,Saint-Étienne,30,1990,1,0,20,0.2,0,0,0,0,0,0,0,0,0.0,0.0,0.0,0.0,0,2,0,0.00,0.00,0.00,0.00,0.00,0.00,0.00,0.00,0.00,0.00,Matches
342,Yvann Macon,fr FRA,DF,Saint-Étienne,21,1998,6,6,539,6.0,1,1,2,1,0,0,2,0,0.1,0.1,0.1,0.1,16,17,17,0.17,0.17,0.33,0.17,0.33,0.01,0.01,0.02,0.01,0.02,Matches
343,Hugo Magnetti,fr FRA,MF,Brest,22,1998,13,7,603,6.7,0,0,0,0,0,0,4,0,0.3,0.3,0.4,0.7,6,35,1,0.00,0.00,0.00,0.00,0.00,0.04,0.06,0.10,0.04,0.10,Matches
344,Hicham Mahou,fr FRA,FW,Nice,21,1999,2,0,34,0.4,0,0,0,0,0,0,1,0,0.0,0.0,0.0,0.0,2,2,5,0.00,0.00,0.00,0.00,0.00,0.00,0.08,0.08,0.00,0.08,Matches
345,Habib Maïga,ci CIV,MF,Metz,24,1996,31,31,2693,29.9,1,3,4,1,0,0,9,0,2.1,2.1,1.9,4.0,47,161,43,0.03,0.10,0.13,0.03,0.13,0.07,0.06,0.13,0.07,0.13,Matches
346,Mike Maignan,fr FRA,GK,Lille,25,1995,38,38,3420,38.0,0,0,0,0,0,0,1,0,0.0,0.0,0.1,0.1,0,4,0,0.00,0.00,0.00,0.00,0.00,0.00,0.00,0.00,0.00,0.00,Matches
347,Josh Maja,ng NGA,FW,Bordeaux,21,1998,17,11,804,8.9,2,0,2,2,0,0,2,0,2.4,2.4,0.4,2.8,7,8,57,0.22,0.00,0.22,0.22,0.22,0.27,0.04,0.31,0.27,0.31,Matches
348,Radosław Majecki,pl POL,GK,Monaco,20,1999,1,1,90,1.0,0,0,0,0,0,0,0,0,0.0,0.0,0.0,0.0,0,0,0,0.00,0.00,0.00,0.00,0.00,0.00,0.00,0.00,0.00,0.00,Matches
349,Abdul Majeed Waris,gh GHA,"FW,MF",Strasbourg,28,1991,15,5,552,6.1,1,0,1,0,1,1,0,0,1.9,1.1,0.1,1.2,18,9,43,0.16,0.00,0.16,0.00,0.00,0.32,0.01,0.32,0.19,0.20,Matches
350,Marco Majouga,cf CTA,"FW,MF",Nîmes,19,2001,8,0,124,1.4,0,0,0,0,0,0,0,0,0.2,0.2,0.7,0.8,5,6,8,0.00,0.00,0.00,0.00,0.00,0.12,0.47,0.58,0.12,0.58,Matches
Rk,Player,Nation,Pos,Squad,Age,Born,MP,Starts,Min,90s,Gls,Ast,G+A,G-PK,PK,PKatt,CrdY,CrdR,xG,npxG,xAG,npxG+xAG,PrgC,PrgP,PrgR,Gls,Ast,G+A,G-PK,G+A-PK,xG,xAG,xG+xAG,npxG,npxG+xAG,Matches
351,Hianga Mananga Mbock,fr FRA,"MF,FW",Brest,20,1999,12,4,458,5.1,0,0,0,0,0,0,1,0,0.2,0.2,0.0,0.2,9,16,4,0.00,0.00,0.00,0.00,0.00,0.03,0.01,0.04,0.03,0.04,Matches
352,Vincent Manceau,fr FRA,DF,Angers,31,1989,27,25,2309,25.7,0,0,0,0,0,0,4,0,0.2,0.2,0.9,1.1,37,123,103,0.00,0.00,0.00,0.00,0.00,0.01,0.04,0.04,0.01,0.04,Matches
353,Steve Mandanda,fr FRA,GK,Marseille,35,1985,37,37,3330,37.0,0,0,0,0,0,0,1,0,0.0,0.0,0.0,0.0,0,0,0,0.00,0.00,0.00,0.00,0.00,0.00,0.00,0.00,0.00,0.00,Matches
354,Reinildo Mandava,mz MOZ,DF,Lille,26,1994,29,24,2180,24.2,0,0,0,0,0,0,2,1,0.1,0.1,1.4,1.6,48,117,145,0.00,0.00,0.00,0.00,0.00,0.01,0.06,0.06,0.01,0.06,Matches
355,Thomas Mangani,fr FRA,MF,Angers,33,1987,35,32,2691,29.9,3,3,6,0,3,3,3,0,3.3,0.9,3.7,4.6,22,265,36,0.10,0.10,0.20,0.00,0.10,0.11,0.12,0.23,0.03,0.15,Matches
356,Vito Mannone,it ITA,GK,Monaco,32,1988,9,9,810,9.0,0,0,0,0,0,0,0,0,0.0,0.0,0.0,0.0,0,1,0,0.00,0.00,0.00,0.00,0.00,0.00,0.00,0.00,0.00,0.00,Matches
357,Myziane Maolida,km COM,"FW,MF",Nice,21,1999,19,11,1077,12.0,3,1,4,3,0,0,2,0,2.2,2.2,1.9,4.1,35,20,92,0.25,0.08,0.33,0.25,0.33,0.19,0.16,0.34,0.19,0.34,Matches
358,Faitout Maouassa,fr FRA,DF,Rennes,22,1998,23,13,1170,13.0,0,1,1,0,0,0,4,0,1.0,1.0,0.9,1.8,43,58,60,0.00,0.08,0.08,0.00,0.08,0.07,0.07,0.14,0.07,0.14,Matches
359,Sekou Mara,fr FRA,"FW,MF",Bordeaux,18,2002,8,2,229,2.5,1,2,3,1,0,0,0,0,0.5,0.5,0.4,0.9,5,3,17,0.39,0.79,1.18,0.39,1.18,0.20,0.16,0.36,0.20,0.36,Matches
360,Fernando Marçal,br BRA,DF,Lyon,31,1989,1,1,78,0.9,0,0,0,0,0,0,0,0,0.0,0.0,0.0,0.0,2,18,0,0.00,0.00,0.00,0.00,0.00,0.00,0.00,0.00,0.00,0.00,Matches
361,Marcelo,br BRA,DF,Lyon,33,1987,34,34,2907,32.3,3,0,3,3,0,0,7,2,1.8,1.8,0.5,2.3,18,146,6,0.09,0.00,0.09,0.09,0.09,0.06,0.01,0.07,0.06,0.07,Matches
362,Dario Maresic,at AUT,DF,Reims,20,1999,8,5,514,5.7,0,0,0,0,0,0,0,0,0.0,0.0,0.0,0.0,9,39,3,0.00,0.00,0.00,0.00,0.00,0.00,0.00,0.00,0.00,0.00,Matches
363,Jordan Marié,fr FRA,MF,Dijon,28,1991,24,16,1432,15.9,0,0,0,0,0,0,2,0,0.9,0.9,0.8,1.7,6,70,24,0.00,0.00,0.00,0.00,0.00,0.05,0.05,0.11,0.05,0.11,Matches
364,Guillermo Maripán,cl CHI,DF,Monaco,26,1994,28,22,2089,23.2,5,1,6,5,0,0,7,0,2.2,2.2,0.5,2.7,16,83,4,0.22,0.04,0.26,0.22,0.26,0.09,0.02,0.12,0.09,0.12,Matches
365,Marquinhos,br BRA,DF,Paris S-G,26,1994,25,24,2128,23.6,3,1,4,3,0,0,2,0,2.2,2.2,0.2,2.5,14,117,7,0.13,0.04,0.17,0.13,0.17,0.09,0.01,0.10,0.09,0.10,Matches
366,Jonas Martin,fr FRA,MF,Rennes,30,1990,12,6,482,5.4,0,0,0,0,0,0,3,0,0.0,0.0,0.1,0.1,5,26,9,0.00,0.00,0.00,0.00,0.00,0.00,0.02,0.02,0.00,0.02,Matches
367,Pablo Martinez,fr FRA,DF,Nîmes,31,1989,7,6,540,6.0,0,1,1,0,0,0,1,0,0.0,0.0,0.1,0.1,6,21,0,0.00,0.17,0.17,0.00,0.17,0.00,0.01,0.01,0.00,0.01,Matches
368,Gelson Martins,pt POR,"MF,FW",Monaco,25,1995,23,20,1551,17.2,3,2,5,3,0,0,3,0,2.7,2.7,3.2,5.8,57,60,191,0.17,0.12,0.29,0.17,0.29,0.15,0.18,0.34,0.15,0.34,Matches
369,Sylvain Marveaux,fr FRA,"MF,FW",Lorient,34,1986,9,2,200,2.2,0,0,0,0,0,0,0,0,0.9,0.9,0.1,1.1,9,16,5,0.00,0.00,0.00,0.00,0.00,0.41,0.06,0.47,0.41,0.47,Matches
370,Pape Matar Sarr,sn SEN,MF,Metz,17,2002,22,18,1594,17.7,3,0,3,3,0,0,5,0,1.1,1.1,0.5,1.6,44,99,29,0.17,0.00,0.17,0.17,0.17,0.06,0.03,0.09,0.06,0.09,Matches
371,Eliot Matazo,be BEL,MF,Monaco,18,2002,10,3,314,3.5,1,1,2,1,0,0,0,1,0.8,0.8,0.3,1.1,2,7,5,0.29,0.29,0.57,0.29,0.57,0.22,0.10,0.32,0.22,0.32,Matches
372,Chrislain Matsima,fr FRA,"DF,FW",Monaco,18,2002,9,3,352,3.9,0,0,0,0,0,0,2,0,0.2,0.2,0.1,0.3,10,34,1,0.00,0.00,0.00,0.00,0.00,0.05,0.02,0.08,0.05,0.08,Matches
373,Tony Mauricio,fr FRA,MF,Lens,26,1994,26,2,502,5.6,0,4,4,0,0,0,3,0,0.4,0.4,1.5,1.9,10,33,25,0.00,0.72,0.72,0.00,0.72,0.08,0.26,0.34,0.08,0.34,Matches
374,Stephy Mavididi,eng ENG,"FW,MF",Montpellier,22,1998,35,23,2030,22.6,9,0,9,9,0,0,3,0,5.6,5.6,1.2,6.8,78,23,141,0.40,0.00,0.40,0.40,0.40,0.25,0.05,0.30,0.25,0.30,Matches
375,Youssef Maziz,fr FRA,"MF,FW",Metz,22,1998,11,2,257,2.9,0,0,0,0,0,0,1,0,0.3,0.3,0.4,0.6,9,18,3,0.00,0.00,0.00,0.00,0.00,0.09,0.13,0.22,0.09,0.22,Matches
Rk,Player,Nation,Pos,Squad,Age,Born,MP,Starts,Min,90s,Gls,Ast,G+A,G-PK,PK,PKatt,CrdY,CrdR,xG,npxG,xAG,npxG+xAG,PrgC,PrgP,PrgR,Gls,Ast,G+A,G-PK,G+A-PK,xG,xAG,xG+xAG,npxG,npxG+xAG,Matches
376,Kylian Mbappé,fr FRA,FW,Paris S-G,21,1998,31,27,2380,26.4,27,7,34,21,6,6,5,0,22.1,17.4,4.8,22.2,163,80,345,1.02,0.26,1.29,0.79,1.06,0.83,0.18,1.02,0.66,0.84,Matches
377,Nathanael Mbuku,cd COD,"MF,FW",Reims,18,2002,32,28,2210,24.6,4,1,5,4,0,0,3,0,2.6,2.6,2.4,5.0,47,77,114,0.16,0.04,0.20,0.16,0.20,0.11,0.10,0.20,0.11,0.20,Matches
378,Facundo Medina,ar ARG,DF,Lens,21,1999,24,23,2007,22.3,2,0,2,2,0,0,11,0,1.2,1.2,0.5,1.7,24,133,6,0.09,0.00,0.09,0.09,0.09,0.05,0.02,0.08,0.05,0.08,Matches
379,Farid El Melali,dz ALG,"FW,MF",Angers,23,1997,17,4,414,4.6,1,0,1,1,0,0,1,0,1.2,1.2,0.1,1.3,16,13,49,0.22,0.00,0.22,0.22,0.22,0.26,0.02,0.28,0.26,0.28,Matches
380,Birger Meling,no NOR,DF,Nîmes,25,1994,26,26,2328,25.9,2,3,5,2,0,0,4,0,0.6,0.6,1.9,2.5,53,107,98,0.08,0.12,0.19,0.08,0.19,0.02,0.07,0.10,0.02,0.10,Matches
381,Memphis,nl NED,FW,Lyon,26,1994,37,33,2923,32.5,20,12,32,12,8,8,4,0,16.6,10.3,14.0,24.3,95,131,329,0.62,0.37,0.99,0.37,0.74,0.51,0.43,0.94,0.32,0.75,Matches
382,Houboulang Mendes,gw GNB,DF,Lorient,22,1998,17,15,1297,14.4,0,0,0,0,0,0,3,0,0.1,0.1,0.2,0.3,27,37,76,0.00,0.00,0.00,0.00,0.00,0.01,0.01,0.02,0.01,0.02,Matches
383,Pedro Mendes,pt POR,DF,Montpellier,29,1990,22,19,1626,18.1,2,0,2,2,0,0,5,0,1.3,1.3,0.6,1.9,8,48,1,0.11,0.00,0.11,0.11,0.11,0.07,0.03,0.10,0.07,0.10,Matches
384,Thiago Mendes,br BRA,MF,Lyon,28,1992,32,23,2243,24.9,0,1,1,0,0,0,5,1,1.0,1.0,1.3,2.4,20,179,26,0.00,0.04,0.04,0.00,0.04,0.04,0.05,0.10,0.04,0.10,Matches
385,Batista Mendy,fr FRA,MF,Nantes,20,2000,2,0,76,0.8,0,0,0,0,0,0,0,0,0.0,0.0,0.0,0.0,0,3,1,0.00,0.00,0.00,0.00,0.00,0.00,0.00,0.00,0.00,0.00,Matches
386,Edouard Mendy,sn SEN,GK,Rennes,28,1992,1,1,90,1.0,0,0,0,0,0,0,0,0,0.0,0.0,0.0,0.0,0,0,0,0.00,0.00,0.00,0.00,0.00,0.00,0.05,0.05,0.00,0.05,Matches
387,Mexer,mz MOZ,DF,Bordeaux,31,1988,9,8,712,7.9,0,0,0,0,0,0,3,0,0.1,0.1,0.2,0.3,1,22,2,0.00,0.00,0.00,0.00,0.00,0.02,0.02,0.04,0.02,0.04,Matches
388,Clément Michelin,fr FRA,DF,Lens,23,1997,26,13,1154,12.8,0,4,4,0,0,0,3,2,0.4,0.4,3.7,4.1,18,27,64,0.00,0.31,0.31,0.00,0.31,0.03,0.29,0.32,0.03,0.32,Matches
389,Edouard Michut,fr FRA,MF,Paris S-G,17,2003,1,0,2,0.0,0,0,0,0,0,0,0,0,0.0,0.0,0.0,0.0,0,0,0,0.00,0.00,0.00,0.00,0.00,0.00,0.00,0.00,0.00,0.00,Matches
390,Florian Miguel,fr FRA,DF,Nîmes,23,1996,21,18,1538,17.1,0,0,0,0,0,0,4,2,0.8,0.8,0.1,0.9,10,59,10,0.00,0.00,0.00,0.00,0.00,0.05,0.00,0.05,0.05,0.05,Matches
391,Arkadiusz Milik,pl POL,FW,Marseille,26,1994,15,14,1220,13.6,9,1,10,6,3,3,2,0,7.4,5.1,0.9,5.9,15,24,74,0.66,0.07,0.74,0.44,0.52,0.55,0.06,0.61,0.37,0.44,Matches
392,Enzo Millot,fr FRA,MF,Monaco,18,2002,2,0,41,0.5,0,0,0,0,0,0,0,0,0.2,0.2,0.1,0.3,2,0,5,0.00,0.00,0.00,0.00,0.00,0.41,0.19,0.60,0.41,0.60,Matches
393,Stefan Mitrović,rs SRB,DF,Strasbourg,30,1990,32,31,2784,30.9,2,0,2,2,0,0,3,1,1.3,1.3,0.3,1.6,7,48,0,0.06,0.00,0.06,0.06,0.06,0.04,0.01,0.05,0.04,0.05,Matches
394,Anthony Modeste,fr FRA,"FW,MF",Saint-Étienne,32,1988,7,3,293,3.3,0,0,0,0,0,0,1,0,0.7,0.7,0.2,0.9,3,4,14,0.00,0.00,0.00,0.00,0.00,0.23,0.06,0.29,0.23,0.29,Matches
395,Terem Moffi,ng NGA,FW,Lorient,21,1999,32,26,2073,23.0,14,2,16,13,1,1,2,0,10.3,9.5,3.2,12.7,35,34,131,0.61,0.09,0.69,0.56,0.65,0.45,0.14,0.59,0.41,0.55,Matches
396,Florent Mollet,fr FRA,MF,Montpellier,28,1991,34,30,2355,26.2,3,5,8,3,0,0,5,2,4.2,4.2,3.4,7.6,48,143,127,0.11,0.19,0.31,0.11,0.31,0.16,0.13,0.29,0.16,0.29,Matches
397,Thomas Monconduit,fr FRA,MF,Lorient,29,1991,27,12,1153,12.8,2,0,2,2,0,0,4,0,1.2,1.2,0.9,2.1,14,89,11,0.16,0.00,0.16,0.16,0.16,0.09,0.07,0.16,0.09,0.16,Matches
398,Kévin Monnet-Paquet,fr FRA,"MF,FW",Saint-Étienne,31,1988,16,7,564,6.3,0,0,0,0,0,0,0,0,0.3,0.3,0.3,0.6,12,11,46,0.00,0.00,0.00,0.00,0.00,0.05,0.04,0.09,0.05,0.09,Matches
399,Jérémy Morel,mg MAD,DF,Lorient,36,1984,28,28,2493,27.7,0,0,0,0,0,0,1,0,0.4,0.4,0.3,0.7,22,50,17,0.00,0.00,0.00,0.00,0.00,0.02,0.01,0.03,0.02,0.03,Matches
400,Aimen Moueffek,fr FRA,"DF,MF",Saint-Étienne,19,2001,19,6,743,8.3,0,0,0,0,0,0,3,0,0.1,0.1,0.4,0.4,17,33,12,0.00,0.00,0.00,0.00,0.00,0.01,0.05,0.05,0.01,0.05,Matches
Rk,Player,Nation,Pos,Squad,Age,Born,MP,Starts,Min,90s,Gls,Ast,G+A,G-PK,PK,PKatt,CrdY,CrdR,xG,npxG,xAG,npxG+xAG,PrgC,PrgP,PrgR,Gls,Ast,G+A,G-PK,G+A-PK,xG,xAG,xG+xAG,npxG,npxG+xAG,Matches
401,Harold Moukoudi,cm CMR,DF,Saint-Étienne,22,1997,26,26,2276,25.3,3,1,4,3,0,0,6,0,2.2,2.2,0.9,3.1,13,63,5,0.12,0.04,0.16,0.12,0.16,0.09,0.04,0.12,0.09,0.12,Matches
402,Jessy Moulin,fr FRA,GK,Saint-Étienne,34,1986,29,29,2610,29.0,0,0,0,0,0,0,1,0,0.0,0.0,0.0,0.0,0,0,0,0.00,0.00,0.00,0.00,0.00,0.00,0.00,0.00,0.00,0.00,Matches
403,Steve Mounié,bj BEN,FW,Brest,25,1994,35,31,2680,29.8,9,4,13,8,1,2,6,0,12.1,10.5,2.9,13.4,27,49,140,0.30,0.13,0.44,0.27,0.40,0.41,0.10,0.50,0.35,0.45,Matches
404,Samuel Moutoussamy,cd COD,FW,Nantes,23,1996,1,1,82,0.9,0,0,0,0,0,0,0,0,0.1,0.1,0.0,0.1,1,3,7,0.00,0.00,0.00,0.00,0.00,0.09,0.00,0.09,0.09,0.09,Matches
405,Loris Mouyokolo,fr FRA,DF,Lorient,19,2001,1,0,19,0.2,0,0,0,0,0,0,0,0,0.0,0.0,0.0,0.0,0,0,0,0.00,0.00,0.00,0.00,0.00,0.00,0.00,0.00,0.00,0.00,Matches
406,Marshall Munetsi,zw ZIM,"MF,DF",Reims,24,1996,27,21,1928,21.4,1,0,1,1,0,0,7,1,1.0,1.0,0.2,1.3,9,50,14,0.05,0.00,0.05,0.05,0.05,0.05,0.01,0.06,0.05,0.06,Matches
407,Kévin N'Doram,fr FRA,MF,Metz,24,1996,6,4,307,3.4,0,0,0,0,0,0,0,0,0.0,0.0,0.0,0.0,2,10,1,0.00,0.00,0.00,0.00,0.00,0.00,0.00,0.00,0.00,0.00,Matches
408,Stanley N'Soki,fr FRA,DF,Nice,21,1999,18,13,1246,13.8,0,0,0,0,0,0,4,0,0.7,0.7,0.2,0.9,15,75,14,0.00,0.00,0.00,0.00,0.00,0.05,0.02,0.07,0.05,0.07,Matches
409,Yuto Nagatomo,jp JPN,DF,Marseille,33,1986,25,20,1594,17.7,0,1,1,0,0,0,2,0,0.1,0.1,0.4,0.5,19,48,64,0.00,0.06,0.06,0.00,0.06,0.01,0.02,0.03,0.01,0.03,Matches
410,Kenny Nagera,fr FRA,FW,Paris S-G,18,2002,1,0,2,0.0,0,0,0,0,0,0,0,0,0.0,0.0,0.0,0.0,1,0,1,0.00,0.00,0.00,0.00,0.00,0.00,0.00,0.00,0.00,0.00,Matches
411,Paul Nardi,fr FRA,GK,Lorient,26,1994,23,23,2070,23.0,0,0,0,0,0,0,1,0,0.0,0.0,0.2,0.2,0,0,0,0.00,0.00,0.00,0.00,0.00,0.00,0.01,0.01,0.00,0.01,Matches
412,Keylor Navas,cr CRC,GK,Paris S-G,33,1986,29,29,2520,28.0,0,0,0,0,0,0,0,0,0.0,0.0,0.0,0.0,0,1,0,0.00,0.00,0.00,0.00,0.00,0.00,0.00,0.00,0.00,0.00,Matches
413,Papa Ndiaga Yade,mr MTN,"FW,MF",Metz,20,2000,28,9,1001,11.1,3,4,7,3,0,0,4,0,1.4,1.4,2.4,3.8,41,22,81,0.27,0.36,0.63,0.27,0.63,0.13,0.22,0.34,0.13,0.34,Matches
414,Bridge Ndilu,fr FRA,"FW,MF",Nantes,20,2000,6,0,42,0.5,0,0,0,0,0,0,1,0,0.1,0.1,0.3,0.4,2,1,6,0.00,0.00,0.00,0.00,0.00,0.26,0.67,0.93,0.26,0.93,Matches
415,Dan Ndoye,ch SUI,"FW,MF",Nice,19,2000,28,3,551,6.1,1,1,2,1,0,0,0,0,0.7,0.7,0.7,1.4,22,7,65,0.16,0.16,0.33,0.16,0.33,0.12,0.11,0.22,0.12,0.22,Matches
416,Neymar,br BRA,"MF,FW",Paris S-G,28,1992,18,15,1415,15.7,9,5,14,4,5,6,7,2,13.1,8.4,7.2,15.6,103,160,163,0.57,0.32,0.89,0.25,0.57,0.83,0.46,1.29,0.53,0.99,Matches
417,Yvan Neyou,cm CMR,MF,Saint-Étienne,23,1997,31,29,2438,27.1,1,2,3,1,0,0,9,0,1.3,1.3,2.2,3.5,45,118,35,0.04,0.07,0.11,0.04,0.11,0.05,0.08,0.13,0.05,0.13,Matches
418,Muzinga Ngonda,cd COD,DF,Dijon,25,1994,30,25,2307,25.6,2,0,2,2,0,0,5,0,0.3,0.3,1.1,1.4,40,135,96,0.08,0.00,0.08,0.08,0.08,0.01,0.04,0.05,0.01,0.05,Matches
419,Ahmad Ngouyamsa,td CHA,DF,Dijon,19,2000,3,2,157,1.7,0,0,0,0,0,0,1,0,0.0,0.0,0.0,0.0,2,2,0,0.00,0.00,0.00,0.00,0.00,0.00,0.00,0.00,0.00,0.00,Matches
420,Opa Nguette,sn SEN,"FW,MF",Metz,26,1994,16,13,1132,12.6,3,1,4,3,0,1,0,0,3.3,2.6,0.7,3.3,33,19,85,0.24,0.08,0.32,0.24,0.32,0.27,0.06,0.32,0.20,0.26,Matches
421,Ibrahima Niane,sn SEN,FW,Metz,21,1999,10,9,663,7.4,6,0,6,5,1,1,0,0,3.5,2.7,0.1,2.8,9,12,44,0.81,0.00,0.81,0.68,0.68,0.47,0.02,0.49,0.37,0.38,Matches
422,M'Baye Niang,sn SEN,FW,Rennes,25,1994,9,4,422,4.7,1,0,1,1,0,0,0,0,1.0,1.0,0.1,1.1,3,0,30,0.21,0.00,0.21,0.21,0.21,0.22,0.02,0.24,0.22,0.24,Matches
423,Casimir Ninga,td CHA,FW,Angers,27,1993,1,0,23,0.3,0,0,0,0,0,0,0,0,0.0,0.0,0.0,0.0,0,4,3,0.00,0.00,0.00,0.00,0.00,0.00,0.00,0.00,0.00,0.00,Matches
424,Arnaud Nordin,fr FRA,"MF,FW",Saint-Étienne,22,1998,32,20,1771,19.7,4,4,8,4,0,0,1,0,3.9,3.9,2.9,6.9,55,46,101,0.20,0.20,0.41,0.20,0.41,0.20,0.15,0.35,0.20,0.35,Matches
425,Olivier Ntcham,cm CMR,MF,Marseille,24,1996,4,2,120,1.3,0,0,0,0,0,0,0,0,0.1,0.1,0.0,0.1,4,2,2,0.00,0.00,0.00,0.00,0.00,0.06,0.00,0.06,0.06,0.06,Matches
Rk,Player,Nation,Pos,Squad,Age,Born,MP,Starts,Min,90s,Gls,Ast,G+A,G-PK,PK,PKatt,CrdY,CrdR,xG,npxG,xAG,npxG+xAG,PrgC,PrgP,PrgR,Gls,Ast,G+A,G-PK,G+A-PK,xG,xAG,xG+xAG,npxG,npxG+xAG,Matches
426,Gerzino Nyamsi,fr FRA,DF,Rennes,23,1997,14,10,871,9.7,1,0,1,1,0,0,2,0,0.5,0.5,0.1,0.6,7,38,1,0.10,0.00,0.10,0.10,0.10,0.05,0.01,0.07,0.05,0.07,Matches
427,Steven Nzonzi,fr FRA,MF,Rennes,31,1988,34,33,2908,32.3,1,1,2,1,0,0,8,1,1.7,1.7,0.9,2.5,45,274,46,0.03,0.03,0.06,0.03,0.06,0.05,0.03,0.08,0.05,0.08,Matches
428,Jonas Omlin,ch SUI,GK,Montpellier,26,1994,31,31,2673,29.7,0,0,0,0,0,0,0,1,0.0,0.0,0.0,0.0,0,0,0,0.00,0.00,0.00,0.00,0.00,0.00,0.00,0.00,0.00,0.00,Matches
429,Henry Onyekuru,ng NGA,FW,Monaco,23,1997,4,2,140,1.6,0,1,1,0,0,0,0,0,0.2,0.2,0.5,0.6,8,1,10,0.00,0.64,0.64,0.00,0.64,0.11,0.30,0.40,0.11,0.40,Matches
430,Otávio,br BRA,MF,Bordeaux,26,1994,18,18,1559,17.3,1,0,1,1,0,0,6,0,0.4,0.4,0.1,0.5,8,53,6,0.06,0.00,0.06,0.06,0.06,0.03,0.00,0.03,0.03,0.03,Matches
431,Remi Oudin,fr FRA,"FW,MF",Bordeaux,23,1996,38,27,2420,26.9,4,4,8,4,0,0,2,0,3.9,3.9,5.0,8.9,77,77,210,0.15,0.15,0.30,0.15,0.30,0.15,0.19,0.33,0.15,0.33,Matches
432,Alexandre Oukidja,dz ALG,GK,Metz,32,1988,34,34,3058,34.0,0,0,0,0,0,0,3,1,0.0,0.0,0.0,0.0,0,3,1,0.00,0.00,0.00,0.00,0.00,0.00,0.00,0.00,0.00,0.00,Matches
433,Zinédine Ould Khaled,fr FRA,MF,Angers,20,2000,3,0,38,0.4,0,0,0,0,0,0,1,0,0.0,0.0,0.0,0.0,1,0,0,0.00,0.00,0.00,0.00,0.00,0.00,0.00,0.00,0.00,0.00,Matches
434,Ambroise Oyongo,cm CMR,DF,Montpellier,29,1991,13,5,558,6.2,1,1,2,1,0,0,1,0,0.3,0.3,0.2,0.5,6,29,15,0.16,0.16,0.32,0.16,0.32,0.05,0.04,0.08,0.05,0.08,Matches
435,Pablo,br BRA,DF,Bordeaux,29,1991,13,12,1076,12.0,1,0,1,1,0,0,5,0,1.1,1.1,0.2,1.3,0,12,1,0.08,0.00,0.08,0.08,0.08,0.09,0.02,0.11,0.09,0.11,Matches
436,Vincent Pajot,fr FRA,MF,Metz,29,1990,12,11,914,10.2,0,0,0,0,0,0,3,0,0.6,0.6,0.2,0.8,8,40,14,0.00,0.00,0.00,0.00,0.00,0.06,0.02,0.08,0.06,0.08,Matches
437,Nicolas Pallois,fr FRA,DF,Nantes,32,1987,32,31,2776,30.8,2,0,2,2,0,0,8,1,1.9,1.9,0.2,2.1,20,103,5,0.06,0.00,0.06,0.06,0.06,0.06,0.01,0.07,0.06,0.07,Matches
438,Jonathan Panzo,eng ENG,DF,Dijon,19,2000,22,21,1801,20.0,0,0,0,0,0,0,5,0,0.3,0.3,0.0,0.3,14,56,1,0.00,0.00,0.00,0.00,0.00,0.02,0.00,0.02,0.02,0.02,Matches
439,Lucas Paquetá,br BRA,MF,Lyon,22,1997,30,27,2275,25.3,9,5,14,9,0,0,6,1,7.0,7.0,5.1,12.1,38,190,99,0.36,0.20,0.55,0.36,0.55,0.28,0.20,0.48,0.28,0.48,Matches
440,Gaëtan Paquiez,fr FRA,DF,Nîmes,26,1994,16,11,1046,11.6,0,0,0,0,0,0,1,0,0.1,0.1,0.2,0.4,22,49,18,0.00,0.00,0.00,0.00,0.00,0.01,0.02,0.03,0.01,0.03,Matches
441,Rubén Pardo,es ESP,MF,Bordeaux,27,1992,2,0,23,0.3,0,0,0,0,0,0,0,0,0.0,0.0,0.0,0.0,0,2,2,0.00,0.00,0.00,0.00,0.00,0.00,0.00,0.00,0.00,0.00,Matches
442,Leandro Paredes,ar ARG,MF,Paris S-G,26,1994,21,16,1302,14.5,1,2,3,1,0,0,7,1,1.1,1.1,1.4,2.5,22,144,8,0.07,0.14,0.21,0.07,0.21,0.08,0.09,0.17,0.08,0.17,Matches
443,Mateo Pavlović,ba BIH,DF,Angers,30,1990,14,12,1104,12.3,0,1,1,0,0,0,3,0,0.4,0.4,0.6,1.0,2,22,0,0.00,0.08,0.08,0.00,0.08,0.03,0.05,0.08,0.03,0.08,Matches
444,Strahinja Pavlović,rs SRB,DF,Monaco,19,2001,1,0,1,0.0,0,0,0,0,0,0,0,0,0.0,0.0,0.0,0.0,0,0,1,0.00,0.00,0.00,0.00,0.00,0.00,0.00,0.00,0.00,0.00,Matches
445,Dimitri Payet,fr FRA,"FW,MF",Marseille,33,1987,33,28,2417,26.9,7,10,17,7,0,1,4,2,5.9,5.1,8.0,13.1,78,150,248,0.26,0.37,0.63,0.26,0.63,0.22,0.30,0.52,0.19,0.49,Matches
446,Yohann Pelé,fr FRA,GK,Marseille,37,1982,1,1,90,1.0,0,0,0,0,0,0,0,0,0.0,0.0,0.0,0.0,0,0,0,0.00,0.00,0.00,0.00,0.00,0.00,0.00,0.00,0.00,0.00,Matches
447,Pietro Pellegri,it ITA,"FW,MF",Monaco,19,2001,16,0,230,2.6,1,0,1,1,0,0,2,1,2.1,2.1,0.2,2.3,6,2,16,0.39,0.00,0.39,0.39,0.39,0.81,0.08,0.89,0.81,0.89,Matches
448,Andy Pelmard,mg MAD,DF,Nice,20,2000,19,12,1207,13.4,0,0,0,0,0,0,1,0,0.1,0.1,0.0,0.2,22,60,10,0.00,0.00,0.00,0.00,0.00,0.01,0.00,0.01,0.01,0.01,Matches
449,Timothee Pembele,fr FRA,DF,Paris S-G,17,2002,6,3,383,4.3,1,0,1,1,0,0,1,0,0.9,0.9,0.1,1.0,15,11,17,0.23,0.00,0.23,0.23,0.23,0.21,0.02,0.23,0.21,0.23,Matches
450,Danilo Pereira,pt POR,"MF,DF",Paris S-G,28,1991,23,16,1430,15.9,2,1,3,2,0,0,3,0,1.5,1.5,0.6,2.1,10,82,4,0.13,0.06,0.19,0.13,0.19,0.09,0.04,0.13,0.09,0.13,Matches
Rk,Player,Nation,Pos,Squad,Age,Born,MP,Starts,Min,90s,Gls,Ast,G+A,G-PK,PK,PKatt,CrdY,CrdR,xG,npxG,xAG,npxG+xAG,PrgC,PrgP,PrgR,Gls,Ast,G+A,G-PK,G+A-PK,xG,xAG,xG+xAG,npxG,npxG+xAG,Matches
451,Mathias Pereira Lage,pt POR,"FW,MF",Angers,23,1996,28,16,1467,16.3,4,1,5,4,0,0,5,0,2.1,2.1,0.6,2.7,24,44,87,0.25,0.06,0.31,0.25,0.31,0.13,0.04,0.16,0.13,0.16,Matches
452,Manuel Perez,fr FRA,"MF,FW",Lens,29,1991,4,1,128,1.4,0,0,0,0,0,0,1,0,0.1,0.1,0.0,0.1,1,6,1,0.00,0.00,0.00,0.00,0.00,0.04,0.00,0.04,0.04,0.04,Matches
453,Romain Perraud,fr FRA,DF,Brest,22,1997,36,35,3140,34.9,3,7,10,3,0,0,4,0,2.7,2.7,3.6,6.3,107,132,213,0.09,0.20,0.29,0.09,0.29,0.08,0.10,0.18,0.08,0.18,Matches
454,Lucas Perrin,fr FRA,DF,Marseille,21,1998,7,3,308,3.4,1,0,1,1,0,0,1,0,0.4,0.4,0.0,0.4,0,12,3,0.29,0.00,0.29,0.29,0.29,0.12,0.01,0.13,0.12,0.13,Matches
455,Rayan Philippe,fr FRA,FW,Dijon,19,2000,4,1,93,1.0,0,0,0,0,0,0,0,0,0.5,0.5,0.0,0.5,0,0,4,0.00,0.00,0.00,0.00,0.00,0.45,0.00,0.45,0.45,0.45,Matches
456,Romain Philippoteaux,fr FRA,"FW,MF",Nîmes,32,1988,3,3,214,2.4,1,1,2,1,0,0,0,0,0.4,0.4,0.6,1.0,7,11,15,0.42,0.42,0.84,0.42,0.84,0.17,0.27,0.44,0.17,0.44,Matches
457,Romain Philippoteaux,fr FRA,"MF,FW",Brest,32,1988,17,8,581,6.5,1,0,1,1,0,0,0,0,0.7,0.7,0.3,0.9,9,14,51,0.15,0.00,0.15,0.15,0.15,0.10,0.04,0.14,0.10,0.14,Matches
458,Jérémy Pied,fr FRA,DF,Lille,31,1989,6,4,318,3.5,0,0,0,0,0,0,1,0,0.0,0.0,0.6,0.6,12,33,35,0.00,0.00,0.00,0.00,0.00,0.01,0.17,0.18,0.01,0.18,Matches
459,Ronaël Pierre-Gabriel,fr FRA,DF,Brest,22,1998,29,28,2305,25.6,1,0,1,1,0,0,4,0,0.5,0.5,1.0,1.5,34,124,78,0.04,0.00,0.04,0.04,0.04,0.02,0.04,0.06,0.02,0.06,Matches
460,Maxime Poundjé,fr FRA,DF,Bordeaux,27,1992,14,4,491,5.5,0,0,0,0,0,0,1,0,0.0,0.0,0.1,0.1,21,16,17,0.00,0.00,0.00,0.00,0.00,0.01,0.01,0.02,0.01,0.02,Matches
461,Sanjin Prcić,ba BIH,MF,Strasbourg,26,1993,14,3,353,3.9,0,1,1,0,0,0,1,0,0.2,0.2,0.5,0.7,4,34,5,0.00,0.25,0.25,0.00,0.25,0.06,0.12,0.18,0.06,0.18,Matches
462,Nicolas de Préville,fr FRA,"FW,MF",Bordeaux,29,1991,33,15,1611,17.9,1,2,3,1,0,0,3,0,3.8,3.8,3.4,7.2,41,74,111,0.06,0.11,0.17,0.06,0.17,0.21,0.19,0.40,0.21,0.40,Matches
463,Anthony Racioppi,ch SUI,GK,Dijon,21,1998,21,21,1890,21.0,0,0,0,0,0,0,0,0,0.0,0.0,0.2,0.2,0,0,0,0.00,0.00,0.00,0.00,0.00,0.00,0.01,0.01,0.00,0.01,Matches
464,Nemanja Radonjić,rs SRB,FW,Marseille,24,1996,12,4,396,4.4,2,1,3,2,0,0,2,0,1.6,1.6,0.3,1.9,20,10,39,0.45,0.23,0.68,0.45,0.68,0.37,0.07,0.44,0.37,0.44,Matches
465,Aleksandar Radovanović,rs SRB,DF,Lens,26,1993,1,1,90,1.0,0,0,0,0,0,0,0,0,0.0,0.0,0.0,0.0,0,1,0,0.00,0.00,0.00,0.00,0.00,0.00,0.00,0.00,0.00,0.00,Matches
466,Rafinha,br BRA,"MF,FW",Paris S-G,27,1993,23,15,1361,15.1,0,4,4,0,0,0,2,0,1.4,1.4,2.6,4.1,55,119,63,0.00,0.26,0.26,0.00,0.26,0.09,0.17,0.27,0.09,0.27,Matches
467,Predrag Rajković,rs SRB,GK,Reims,24,1995,37,37,3285,36.5,0,0,0,0,0,0,2,0,0.0,0.0,0.0,0.0,0,0,0,0.00,0.00,0.00,0.00,0.00,0.00,0.00,0.00,0.00,0.00,Matches
468,Raphinha,br BRA,"FW,MF",Rennes,23,1996,6,5,404,4.5,1,2,3,1,0,0,0,0,0.9,0.9,0.9,1.7,11,12,31,0.22,0.45,0.67,0.22,0.67,0.20,0.19,0.39,0.20,0.39,Matches
469,Jeff Reine-Adélaïde,fr FRA,"MF,FW",Nice,22,1998,14,12,1058,11.8,1,2,3,1,0,0,1,0,1.7,1.7,2.3,3.9,36,71,62,0.09,0.17,0.26,0.09,0.26,0.14,0.19,0.34,0.14,0.34,Matches
470,Jeff Reine-Adélaïde,fr FRA,FW,Lyon,22,1998,1,0,24,0.3,0,0,0,0,0,0,0,0,0.0,0.0,0.1,0.1,3,4,6,0.00,0.00,0.00,0.00,0.00,0.17,0.18,0.35,0.17,0.35,Matches
471,Panagiotis Retsos,gr GRE,DF,Saint-Étienne,21,1998,4,4,272,3.0,0,0,0,0,0,0,2,0,0.1,0.1,0.1,0.1,4,6,2,0.00,0.00,0.00,0.00,0.00,0.02,0.03,0.04,0.02,0.04,Matches
472,Baptiste Reynet,fr FRA,GK,Nîmes,29,1990,38,38,3420,38.0,0,0,0,0,0,0,3,0,0.1,0.1,0.5,0.6,1,0,0,0.00,0.00,0.00,0.00,0.00,0.00,0.01,0.01,0.00,0.01,Matches
473,Sergio Rico,es ESP,GK,Paris S-G,26,1993,10,8,810,9.0,0,0,0,0,0,0,0,0,0.0,0.0,0.0,0.0,0,0,0,0.00,0.00,0.00,0.00,0.00,0.00,0.00,0.00,0.00,0.00,Matches
474,Renaud Ripart,fr FRA,"MF,FW",Nîmes,27,1993,38,35,3054,33.9,11,0,11,5,6,7,3,0,10.7,5.2,2.2,7.5,40,124,152,0.32,0.00,0.32,0.15,0.15,0.32,0.07,0.38,0.15,0.22,Matches
475,Mihailo Ristić,rs SRB,DF,Montpellier,24,1995,34,26,2236,24.8,0,2,2,0,0,0,4,0,0.7,0.7,1.7,2.4,65,83,113,0.00,0.08,0.08,0.00,0.08,0.03,0.07,0.10,0.03,0.10,Matches
Rk,Player,Nation,Pos,Squad,Age,Born,MP,Starts,Min,90s,Gls,Ast,G+A,G-PK,PK,PKatt,CrdY,CrdR,xG,npxG,xAG,npxG+xAG,PrgC,PrgP,PrgR,Gls,Ast,G+A,G-PK,G+A-PK,xG,xAG,xG+xAG,npxG,npxG+xAG,Matches
476,Maxence Rivera,fr FRA,"MF,FW",Saint-Étienne,18,2002,17,1,239,2.7,0,0,0,0,0,0,0,0,0.1,0.1,0.1,0.2,6,9,18,0.00,0.00,0.00,0.00,0.00,0.04,0.02,0.06,0.04,0.06,Matches
477,Christopher Rocchia,fr FRA,"DF,FW",Marseille,22,1998,2,0,22,0.2,0,0,0,0,0,0,0,0,0.0,0.0,0.0,0.0,2,0,1,0.00,0.00,0.00,0.00,0.00,0.00,0.00,0.00,0.00,0.00,Matches
478,Valentin Rongier,fr FRA,MF,Marseille,25,1994,26,21,1887,21.0,1,2,3,1,0,0,8,0,0.7,0.7,1.0,1.7,30,108,44,0.05,0.10,0.14,0.05,0.14,0.03,0.05,0.08,0.03,0.08,Matches
479,Nolan Roux,fr FRA,FW,Nîmes,32,1988,19,6,651,7.2,0,0,0,0,0,0,2,0,0.4,0.4,0.5,0.9,4,10,36,0.00,0.00,0.00,0.00,0.00,0.06,0.07,0.13,0.06,0.13,Matches
480,Daniele Rugani,it ITA,DF,Rennes,26,1994,1,1,90,1.0,0,0,0,0,0,0,1,0,0.1,0.1,0.0,0.1,0,2,0,0.00,0.00,0.00,0.00,0.00,0.13,0.00,0.13,0.13,0.13,Matches
481,Kays Ruiz,fr FRA,"FW,MF",Paris S-G,17,2002,7,1,186,2.1,0,0,0,0,0,0,1,0,0.1,0.1,0.0,0.1,12,14,12,0.00,0.00,0.00,0.00,0.00,0.03,0.00,0.03,0.03,0.03,Matches
482,Georginio Rutter,fr FRA,"FW,MF",Rennes,18,2002,4,0,44,0.5,0,0,0,0,0,0,0,0,0.0,0.0,0.0,0.0,2,0,6,0.00,0.00,0.00,0.00,0.00,0.00,0.00,0.00,0.00,0.00,Matches
483,Roli Pereira de Sa,fr FRA,"FW,MF",Nantes,23,1996,6,0,56,0.6,0,0,0,0,0,0,0,0,0.1,0.1,0.0,0.2,3,4,1,0.00,0.00,0.00,0.00,0.00,0.23,0.05,0.28,0.23,0.28,Matches
484,Idriss Saadi,dz ALG,"MF,FW",Strasbourg,28,1992,7,0,125,1.4,0,0,0,0,0,0,0,0,1.7,1.7,0.3,2.0,3,0,9,0.00,0.00,0.00,0.00,0.00,1.19,0.23,1.43,1.19,1.43,Matches
485,Youssouf Sabaly,sn SEN,DF,Bordeaux,27,1993,33,33,2909,32.3,1,2,3,1,0,0,4,0,0.6,0.6,1.5,2.1,84,162,129,0.03,0.06,0.09,0.03,0.09,0.02,0.05,0.06,0.02,0.06,Matches
486,Mathys Saban,fr FRA,FW,Saint-Étienne,18,2002,1,0,13,0.1,0,0,0,0,0,0,0,0,0.0,0.0,0.0,0.0,0,0,1,0.00,0.00,0.00,0.00,0.00,0.00,0.00,0.00,0.00,0.00,Matches
487,Moïse Sahi Dion,ci CIV,"FW,MF",Strasbourg,18,2001,6,0,94,1.0,1,0,1,1,0,0,0,0,0.6,0.6,0.1,0.6,4,2,11,0.96,0.00,0.96,0.96,0.96,0.54,0.06,0.60,0.54,0.60,Matches
488,Hiroki Sakai,jp JPN,DF,Marseille,30,1990,29,26,2385,26.5,0,1,1,0,0,0,6,1,0.6,0.6,1.4,2.0,38,109,108,0.00,0.04,0.04,0.00,0.04,0.02,0.05,0.08,0.02,0.08,Matches
489,Moïse Sakava,cm CMR,MF,Reims,19,2000,1,0,8,0.1,0,0,0,0,0,0,0,0,0.0,0.0,0.0,0.0,0,1,1,0.00,0.00,0.00,0.00,0.00,0.38,0.00,0.38,0.38,0.38,Matches
490,William Saliba,fr FRA,DF,Nice,19,2001,20,20,1800,20.0,1,0,1,1,0,0,2,0,0.8,0.8,0.0,0.9,36,106,3,0.05,0.00,0.05,0.05,0.05,0.04,0.00,0.04,0.04,0.04,Matches
491,Romain Salin,fr FRA,GK,Rennes,36,1984,15,15,1350,15.0,0,0,0,0,0,0,2,0,0.0,0.0,0.0,0.0,0,1,0,0.00,0.00,0.00,0.00,0.00,0.00,0.00,0.00,0.00,0.00,Matches
492,Mama Samba Baldé,gw GNB,FW,Dijon,24,1995,29,24,2161,24.0,7,0,7,7,0,0,4,0,8.1,8.1,0.6,8.7,22,24,162,0.29,0.00,0.29,0.29,0.29,0.34,0.02,0.36,0.34,0.36,Matches
493,Junior Sambia,fr FRA,"DF,MF",Montpellier,23,1996,36,26,2448,27.2,1,6,7,1,0,0,2,0,1.1,1.1,2.8,3.9,62,118,122,0.04,0.22,0.26,0.04,0.26,0.04,0.10,0.14,0.04,0.14,Matches
494,Frédéric Sammaritano,fr FRA,"FW,MF",Dijon,34,1986,30,10,1130,12.6,0,2,2,0,0,0,4,1,1.3,1.3,2.6,3.9,23,54,76,0.00,0.16,0.16,0.00,0.16,0.10,0.21,0.31,0.10,0.31,Matches
495,Renato Sanches,pt POR,MF,Lille,22,1997,23,14,1270,14.1,1,3,4,1,0,0,4,0,2.4,2.4,2.0,4.4,48,115,51,0.07,0.21,0.28,0.07,0.28,0.17,0.14,0.31,0.17,0.31,Matches
496,Morgan Sanson,fr FRA,MF,Marseille,25,1994,12,10,826,9.2,2,3,5,2,0,0,2,0,0.9,0.9,2.9,3.8,20,32,46,0.22,0.33,0.54,0.22,0.54,0.10,0.31,0.42,0.10,0.42,Matches
497,Baptiste Santamaria,fr FRA,MF,Angers,25,1995,3,3,270,3.0,0,0,0,0,0,0,1,0,0.1,0.1,0.2,0.3,4,14,1,0.00,0.00,0.00,0.00,0.00,0.04,0.06,0.09,0.04,0.09,Matches
498,Pablo Sarabia,es ESP,"FW,MF",Paris S-G,28,1992,27,13,1320,14.7,6,4,10,6,0,0,2,0,5.3,5.3,6.1,11.5,44,66,173,0.41,0.27,0.68,0.41,0.68,0.36,0.42,0.78,0.36,0.78,Matches
499,Bouna Sarr,sn SEN,DF,Marseille,28,1992,2,0,76,0.8,0,0,0,0,0,0,0,0,0.0,0.0,0.0,0.0,2,5,7,0.00,0.00,0.00,0.00,0.00,0.03,0.00,0.03,0.03,0.03,Matches
500,Sidy Sarr,sn SEN,MF,Nîmes,24,1996,9,6,463,5.1,0,0,0,0,0,0,1,0,0.5,0.5,0.5,1.0,2,20,5,0.00,0.00,0.00,0.00,0.00,0.09,0.10,0.19,0.09,0.19,Matches
Rk,Player,Nation,Pos,Squad,Age,Born,MP,Starts,Min,90s,Gls,Ast,G+A,G-PK,PK,PKatt,CrdY,CrdR,xG,npxG,xAG,npxG+xAG,PrgC,PrgP,PrgR,Gls,Ast,G+A,G-PK,G+A-PK,xG,xAG,xG+xAG,npxG,npxG+xAG,Matches
501,Téji Savanier,fr FRA,MF,Montpellier,28,1991,27,26,2165,24.1,5,5,10,3,2,4,6,1,5.9,2.8,6.8,9.6,46,171,76,0.21,0.21,0.42,0.12,0.33,0.25,0.28,0.53,0.12,0.40,Matches
502,Aurélien Scheidler,fr FRA,FW,Dijon,22,1998,10,3,342,3.8,1,0,1,1,0,0,1,0,0.7,0.7,0.8,1.5,0,6,27,0.26,0.00,0.26,0.26,0.26,0.18,0.20,0.39,0.18,0.39,Matches
503,Morgan Schneiderlin,fr FRA,MF,Nice,30,1989,28,24,2197,24.4,0,1,1,0,0,0,9,1,0.7,0.7,0.7,1.3,15,129,21,0.00,0.04,0.04,0.00,0.04,0.03,0.03,0.05,0.03,0.05,Matches
504,Malik Sellouki,fr FRA,"FW,MF",Nice,20,2000,4,0,66,0.7,1,0,1,1,0,0,1,0,0.2,0.2,0.0,0.2,3,3,15,1.36,0.00,1.36,1.36,1.36,0.31,0.00,0.31,0.31,0.31,Matches
505,Matz Sels,be BEL,GK,Strasbourg,28,1992,6,6,540,6.0,0,0,0,0,0,0,0,0,0.0,0.0,0.0,0.0,0,0,0,0.00,0.00,0.00,0.00,0.00,0.00,0.00,0.00,0.00,0.00,Matches
506,Jean Seri,ci CIV,MF,Bordeaux,29,1991,12,9,707,7.9,0,0,0,0,0,0,3,0,0.2,0.2,0.2,0.4,9,46,5,0.00,0.00,0.00,0.00,0.00,0.02,0.03,0.05,0.02,0.05,Matches
507,Mahame Siby,ml MLI,MF,Strasbourg,24,1996,7,0,21,0.2,0,0,0,0,0,0,0,0,0.0,0.0,0.0,0.0,0,0,1,0.00,0.00,0.00,0.00,0.00,0.00,0.00,0.00,0.00,0.00,Matches
508,Abdoulaye Sidibé,fr FRA,MF,Saint-Étienne,18,2002,1,0,11,0.1,0,0,0,0,0,0,1,0,0.0,0.0,0.0,0.0,0,0,0,0.00,0.00,0.00,0.00,0.00,0.00,0.00,0.00,0.00,0.00,Matches
509,Djibril Sidibé,fr FRA,DF,Monaco,28,1992,30,21,1980,22.0,0,2,2,0,0,0,3,0,0.2,0.2,2.4,2.6,51,137,37,0.00,0.09,0.09,0.00,0.09,0.01,0.11,0.12,0.01,0.12,Matches
510,Kaj Sierhuis,nl NED,"FW,MF",Reims,22,1998,24,6,652,7.2,0,1,1,0,0,0,2,0,0.9,0.9,0.5,1.5,4,22,38,0.00,0.14,0.14,0.00,0.14,0.13,0.07,0.20,0.13,0.20,Matches
511,Caio Henrique Oliveira Silva,br BRA,DF,Monaco,23,1997,31,26,2368,26.3,0,4,4,0,0,0,0,0,0.5,0.5,3.5,4.0,85,96,185,0.00,0.15,0.15,0.00,0.15,0.02,0.13,0.15,0.02,0.15,Matches
512,Florent da Silva,fr FRA,FW,Lyon,17,2003,1,0,3,0.0,0,0,0,0,0,0,0,0,0.0,0.0,0.0,0.0,0,0,0,0.00,0.00,0.00,0.00,0.00,0.00,0.00,0.00,0.00,0.00,Matches
513,Gabriel Silva,br BRA,DF,Saint-Étienne,29,1991,4,4,355,3.9,0,0,0,0,0,0,1,0,0.0,0.0,0.2,0.2,4,9,17,0.00,0.00,0.00,0.00,0.00,0.00,0.05,0.05,0.00,0.05,Matches
514,Mohamed Simakan,fr FRA,DF,Strasbourg,20,2000,19,19,1615,17.9,1,1,2,1,0,0,2,0,1.3,1.3,0.9,2.2,18,73,21,0.06,0.06,0.11,0.06,0.11,0.07,0.05,0.12,0.07,0.12,Matches
515,Moses Simon,ng NGA,"FW,MF",Nantes,25,1995,33,28,2324,25.8,6,5,11,5,1,1,2,0,7.7,6.9,3.0,9.9,117,53,222,0.23,0.19,0.43,0.19,0.39,0.30,0.12,0.42,0.27,0.39,Matches
516,Xavi Simons,nl NED,MF,Paris S-G,17,2003,1,0,2,0.0,0,0,0,0,0,0,0,0,0.0,0.0,0.0,0.0,0,1,0,0.00,0.00,0.00,0.00,0.00,1.48,0.00,1.48,1.48,1.48,Matches
517,Issouf Sissokho,ml MLI,"MF,DF",Bordeaux,18,2002,6,0,78,0.9,1,0,1,1,0,0,2,0,0.1,0.1,0.0,0.1,3,6,1,1.15,0.00,1.15,1.15,1.15,0.08,0.00,0.08,0.08,0.08,Matches
518,Ibrahima Sissoko,ml MLI,MF,Strasbourg,22,1997,36,29,2581,28.7,0,0,0,0,0,0,6,0,2.0,2.0,0.3,2.3,28,128,51,0.00,0.00,0.00,0.00,0.00,0.07,0.01,0.08,0.07,0.08,Matches
519,Nelson Sissoko,fr FRA,DF,Saint-Étienne,23,1997,9,6,474,5.3,0,0,0,0,0,0,0,0,0.0,0.0,0.1,0.1,10,19,14,0.00,0.00,0.00,0.00,0.00,0.00,0.02,0.02,0.00,0.02,Matches
520,Jacques Siwe,fr FRA,FW,Dijon,19,2001,5,2,169,1.9,0,0,0,0,0,0,0,0,0.2,0.2,0.1,0.3,1,3,12,0.00,0.00,0.00,0.00,0.00,0.10,0.05,0.15,0.10,0.15,Matches
521,Petar Škuletić,rs SRB,"FW,MF",Montpellier,30,1990,19,1,234,2.6,2,0,2,2,0,0,0,0,1.4,1.4,0.7,2.1,3,3,19,0.77,0.00,0.77,0.77,0.77,0.54,0.28,0.82,0.54,0.82,Matches
522,Islam Slimani,dz ALG,FW,Lyon,32,1988,18,4,579,6.4,3,1,4,3,0,0,0,1,3.7,3.7,1.8,5.5,8,21,58,0.47,0.16,0.62,0.47,0.62,0.57,0.29,0.86,0.57,0.86,Matches
523,Brandon Soppy,fr FRA,DF,Rennes,18,2002,10,5,559,6.2,0,0,0,0,0,0,1,0,0.2,0.2,0.2,0.3,16,24,30,0.00,0.00,0.00,0.00,0.00,0.02,0.02,0.05,0.02,0.05,Matches
524,Florian Sotoca,fr FRA,FW,Lens,29,1990,33,28,2413,26.8,8,3,11,6,2,2,7,0,10.2,8.6,3.9,12.6,43,81,231,0.30,0.11,0.41,0.22,0.34,0.38,0.15,0.53,0.32,0.47,Matches
525,Cheick Souaré,fr FRA,MF,Marseille,17,2002,1,0,10,0.1,0,0,0,0,0,0,0,0,0.0,0.0,0.0,0.0,0,0,0,0.00,0.00,0.00,0.00,0.00,0.00,0.00,0.00,0.00,0.00,Matches
Rk,Player,Nation,Pos,Squad,Age,Born,MP,Starts,Min,90s,Gls,Ast,G+A,G-PK,PK,PKatt,CrdY,CrdR,xG,npxG,xAG,npxG+xAG,PrgC,PrgP,PrgR,Gls,Ast,G+A,G-PK,G+A-PK,xG,xAG,xG+xAG,npxG,npxG+xAG,Matches
526,Rayan Souici,fr FRA,DF,Saint-Étienne,22,1998,1,0,5,0.1,0,0,0,0,0,0,0,0,0.0,0.0,0.0,0.0,0,0,0,0.00,0.00,0.00,0.00,0.00,0.00,0.00,0.00,0.00,0.00,Matches
527,Adama Soumaoro,fr FRA,DF,Lille,28,1992,3,1,145,1.6,0,0,0,0,0,0,1,0,0.1,0.1,0.0,0.1,2,3,0,0.00,0.00,0.00,0.00,0.00,0.08,0.00,0.08,0.08,0.08,Matches
528,Boubakary Soumaré,fr FRA,MF,Lille,21,1999,32,21,1919,21.3,0,1,1,0,0,0,3,0,0.3,0.3,0.9,1.2,29,181,38,0.00,0.05,0.05,0.00,0.05,0.01,0.04,0.06,0.01,0.06,Matches
529,Yaya Soumaré,fr FRA,FW,Lyon,20,2000,3,0,4,0.0,0,0,0,0,0,0,0,0,0.0,0.0,0.0,0.0,0,0,0,0.00,0.00,0.00,0.00,0.00,0.00,0.00,0.00,0.00,0.00,Matches
530,Arnaud Souquet,fr FRA,DF,Montpellier,28,1992,23,14,1224,13.6,1,1,2,1,0,0,5,0,0.2,0.2,0.5,0.7,34,53,62,0.07,0.07,0.15,0.07,0.15,0.02,0.04,0.05,0.02,0.05,Matches
531,Ansou Sow,sn SEN,MF,Lens,20,2000,1,0,6,0.1,0,0,0,0,0,0,0,0,0.0,0.0,0.0,0.0,0,0,0,0.00,0.00,0.00,0.00,0.00,0.00,0.00,0.00,0.00,0.00,Matches
532,Saidou Sow,gn GUI,DF,Saint-Étienne,18,2002,15,10,1000,11.1,0,0,0,0,0,0,0,0,0.2,0.2,0.1,0.3,2,22,1,0.00,0.00,0.00,0.00,0.00,0.02,0.01,0.03,0.02,0.03,Matches
533,Kevin Strootman,nl NED,"MF,FW",Marseille,30,1990,11,1,233,2.6,0,0,0,0,0,0,2,0,0.0,0.0,0.2,0.2,4,24,1,0.00,0.00,0.00,0.00,0.00,0.00,0.07,0.07,0.00,0.07,Matches
534,Abdoulaye Sylla,gn GUI,DF,Nantes,20,2000,2,0,8,0.1,0,0,0,0,0,0,0,0,0.0,0.0,0.0,0.0,0,0,1,0.00,0.00,0.00,0.00,0.00,0.00,0.00,0.00,0.00,0.00,Matches
535,Issiaga Sylla,gn GUI,"DF,MF",Lens,26,1994,20,13,1116,12.4,1,0,1,1,0,0,0,1,1.6,1.6,0.9,2.5,32,49,84,0.08,0.00,0.08,0.08,0.08,0.13,0.07,0.20,0.13,0.20,Matches
536,Eddy Sylvestre,fr FRA,"FW,MF",Nice,20,1999,4,1,97,1.1,0,0,0,0,0,0,1,0,0.0,0.0,0.0,0.0,0,1,5,0.00,0.00,0.00,0.00,0.00,0.00,0.00,0.00,0.00,0.00,Matches
537,Waniss Taibi,fr FRA,MF,Angers,18,2002,2,0,38,0.4,0,0,0,0,0,0,0,0,0.0,0.0,0.0,0.0,1,2,4,0.00,0.00,0.00,0.00,0.00,0.00,0.11,0.11,0.00,0.11,Matches
538,Flavien Tait,fr FRA,"MF,FW",Rennes,27,1993,23,16,1368,15.2,1,3,4,1,0,0,6,0,1.9,1.9,2.2,4.1,46,104,92,0.07,0.20,0.26,0.07,0.26,0.12,0.15,0.27,0.12,0.27,Matches
539,Heriberto Tavares,cv CPV,"FW,MF",Brest,23,1997,4,0,43,0.5,0,0,0,0,0,0,0,0,0.3,0.3,0.1,0.4,0,0,2,0.00,0.00,0.00,0.00,0.00,0.60,0.14,0.74,0.60,0.74,Matches
540,Warren Tchimbembé,cg CGO,"MF,FW",Metz,22,1998,15,4,495,5.5,0,0,0,0,0,0,0,0,0.3,0.3,0.1,0.4,4,24,12,0.00,0.00,0.00,0.00,0.00,0.06,0.01,0.08,0.06,0.08,Matches
541,Aurélien Tchouaméni,fr FRA,MF,Monaco,20,2000,36,36,3063,34.0,2,4,6,2,0,0,9,1,4.1,4.1,1.9,6.1,42,197,52,0.06,0.12,0.18,0.06,0.18,0.12,0.06,0.18,0.12,0.18,Matches
542,Martin Terrier,fr FRA,"FW,MF",Rennes,23,1997,34,30,2436,27.1,9,7,16,8,1,1,2,1,5.3,4.6,3.6,8.2,57,64,188,0.33,0.26,0.59,0.30,0.55,0.20,0.13,0.33,0.17,0.30,Matches
543,Kenny Tete,nl NED,DF,Lyon,24,1995,1,0,20,0.2,0,0,0,0,0,0,0,0,0.0,0.0,0.0,0.0,1,2,4,0.00,0.00,0.00,0.00,0.00,0.00,0.00,0.00,0.00,0.00,Matches
544,Florian Thauvin,fr FRA,"FW,MF",Marseille,27,1993,36,33,2732,30.4,8,8,16,8,0,2,5,0,9.0,7.4,9.6,17.0,112,163,281,0.26,0.26,0.53,0.26,0.53,0.30,0.31,0.61,0.25,0.56,Matches
545,Sada Thioub,sn SEN,"FW,MF",Angers,25,1995,27,12,1256,14.0,1,1,2,1,0,0,0,0,1.1,1.1,1.9,3.0,52,63,115,0.07,0.07,0.14,0.07,0.14,0.08,0.14,0.22,0.08,0.22,Matches
546,Romain Thomas,fr FRA,DF,Angers,32,1988,34,34,3024,33.6,4,0,4,4,0,0,5,1,2.6,2.6,0.2,2.8,4,61,5,0.12,0.00,0.12,0.12,0.12,0.08,0.00,0.08,0.08,0.08,Matches
547,Adrien Thomasson,fr FRA,"MF,FW",Strasbourg,26,1993,37,31,2624,29.2,5,1,6,5,0,0,8,1,6.2,6.2,4.0,10.2,37,99,159,0.17,0.03,0.21,0.17,0.21,0.21,0.14,0.35,0.21,0.35,Matches
548,Khéphren Thuram,fr FRA,MF,Nice,19,2001,29,17,1494,16.6,2,0,2,2,0,0,3,0,1.0,1.0,0.2,1.2,32,86,17,0.12,0.00,0.12,0.12,0.12,0.06,0.01,0.07,0.06,0.07,Matches
549,Cheikh Tidiane Sabaly,sn SEN,FW,Metz,21,1999,1,0,12,0.1,0,0,0,0,0,0,0,0,0.0,0.0,0.0,0.0,0,0,2,0.00,0.00,0.00,0.00,0.00,0.25,0.00,0.25,0.25,0.25,Matches
550,Jean-Clair Todibo,fr FRA,DF,Nice,20,1999,15,15,1330,14.8,1,0,1,1,0,0,5,0,0.7,0.7,0.1,0.8,13,77,2,0.07,0.00,0.07,0.07,0.07,0.05,0.01,0.05,0.05,0.05,Matches
Rk,Player,Nation,Pos,Squad,Age,Born,MP,Starts,Min,90s,Gls,Ast,G+A,G-PK,PK,PKatt,CrdY,CrdR,xG,npxG,xAG,npxG+xAG,PrgC,PrgP,PrgR,Gls,Ast,G+A,G-PK,G+A-PK,xG,xAG,xG+xAG,npxG,npxG+xAG,Matches
551,Karl Toko Ekambi,cm CMR,FW,Lyon,27,1992,35,34,2811,31.2,14,6,20,14,0,0,3,0,17.3,17.3,6.9,24.3,118,91,281,0.45,0.19,0.64,0.45,0.64,0.55,0.22,0.78,0.55,0.78,Matches
552,Tyron Tormin,fr FRA,"FW,MF",Saint-Étienne,19,2001,3,0,21,0.2,0,0,0,0,0,0,0,0,0.0,0.0,0.0,0.0,0,0,0,0.00,0.00,0.00,0.00,0.00,0.14,0.00,0.14,0.14,0.14,Matches
553,Abdoulaye Touré,gn GUI,MF,Nantes,26,1994,29,20,1681,18.7,2,2,4,1,1,1,2,0,2.6,1.8,1.4,3.2,22,101,23,0.11,0.11,0.21,0.05,0.16,0.14,0.08,0.22,0.10,0.17,Matches
554,Amadou Traore,fr FRA,"FW,MF",Bordeaux,18,2002,19,0,304,3.4,0,1,1,0,0,0,0,0,0.2,0.2,0.8,1.0,19,1,27,0.00,0.30,0.30,0.00,0.30,0.06,0.24,0.30,0.06,0.30,Matches
555,Boubacar Traoré,ml MLI,MF,Metz,18,2001,2,0,54,0.6,1,0,1,1,0,0,0,0,0.0,0.0,0.0,0.0,1,4,2,1.67,0.00,1.67,1.67,1.67,0.08,0.00,0.08,0.08,0.08,Matches
556,Charles Traore,ml MLI,DF,Nantes,28,1992,22,19,1700,18.9,1,0,1,1,0,0,6,0,0.2,0.2,0.3,0.4,38,55,57,0.05,0.00,0.05,0.05,0.05,0.01,0.01,0.02,0.01,0.02,Matches
557,Cheick Traoré,ml MLI,DF,Lens,25,1995,2,0,39,0.4,0,0,0,0,0,0,0,0,0.0,0.0,0.0,0.0,1,2,1,0.00,0.00,0.00,0.00,0.00,0.00,0.00,0.00,0.00,0.00,Matches
558,Hamari Traoré,ml MLI,DF,Rennes,28,1992,35,34,3000,33.3,1,1,2,1,0,0,4,0,1.2,1.2,3.1,4.4,72,204,236,0.03,0.03,0.06,0.03,0.06,0.04,0.09,0.13,0.04,0.13,Matches
559,Ismaël Traoré,ci CIV,DF,Angers,33,1986,34,34,2993,33.3,3,3,6,3,0,0,3,0,1.5,1.5,0.9,2.4,11,83,8,0.09,0.09,0.18,0.09,0.18,0.04,0.03,0.07,0.04,0.07,Matches
560,Miguel Trauco,pe PER,DF,Saint-Étienne,27,1992,26,22,2035,22.6,0,2,2,0,0,0,1,0,0.2,0.2,3.1,3.3,18,90,82,0.00,0.09,0.09,0.00,0.09,0.01,0.14,0.15,0.01,0.15,Matches
561,Alexis Trouillet,fr FRA,"MF,FW",Nice,19,2000,5,1,109,1.2,0,0,0,0,0,0,0,0,0.1,0.1,0.1,0.2,2,8,5,0.00,0.00,0.00,0.00,0.00,0.07,0.07,0.13,0.07,0.13,Matches
562,Adrien Truffert,fr FRA,"DF,MF",Rennes,18,2001,29,23,1951,21.7,1,3,4,1,0,0,3,0,1.1,1.1,2.7,3.8,46,77,157,0.05,0.14,0.18,0.05,0.18,0.05,0.12,0.18,0.05,0.18,Matches
563,Marvin Tshibuabua,fr FRA,DF,Saint-Étienne,18,2002,1,0,43,0.5,0,0,0,0,0,0,0,0,0.2,0.2,0.0,0.2,0,0,0,0.00,0.00,0.00,0.00,0.00,0.32,0.00,0.32,0.32,0.32,Matches
564,Matthieu Udol,fr FRA,DF,Metz,24,1996,25,19,1724,19.2,0,3,3,0,0,0,1,1,0.6,0.6,2.7,3.3,50,58,77,0.00,0.16,0.16,0.00,0.16,0.03,0.14,0.17,0.03,0.17,Matches
565,Naomichi Ueda,jp JPN,DF,Nîmes,25,1994,9,8,711,7.9,0,0,0,0,0,0,0,0,0.2,0.2,0.3,0.5,6,21,0,0.00,0.00,0.00,0.00,0.00,0.02,0.04,0.06,0.02,0.06,Matches
566,Lesley Ugochukwu,fr FRA,MF,Rennes,16,2004,3,1,65,0.7,0,0,0,0,0,0,1,0,0.1,0.1,0.0,0.1,0,1,1,0.00,0.00,0.00,0.00,0.00,0.19,0.00,0.19,0.19,0.19,Matches
567,Hwang Ui-jo,kr KOR,"FW,MF",Bordeaux,27,1992,36,32,2503,27.8,12,3,15,9,3,3,1,0,12.6,10.3,2.7,13.0,42,23,174,0.43,0.11,0.54,0.32,0.43,0.45,0.10,0.55,0.37,0.47,Matches
568,Antoine Valerio,fr FRA,MF,Nîmes,20,1999,1,1,70,0.8,0,0,0,0,0,0,0,0,0.0,0.0,0.2,0.2,0,4,2,0.00,0.00,0.00,0.00,0.00,0.00,0.20,0.20,0.00,0.20,Matches
569,Marco Verratti,it ITA,MF,Paris S-G,27,1992,21,16,1492,16.6,0,2,2,0,0,0,7,0,1.3,1.3,2.4,3.7,38,188,67,0.00,0.12,0.12,0.00,0.12,0.08,0.15,0.23,0.08,0.23,Matches
570,Clément Vidal,fr FRA,DF,Montpellier,20,2000,2,1,86,1.0,0,0,0,0,0,0,0,0,0.0,0.0,0.0,0.0,1,1,0,0.00,0.00,0.00,0.00,0.00,0.00,0.00,0.00,0.00,0.00,Matches
571,Kevin Volland,de GER,"FW,MF",Monaco,28,1992,35,34,2769,30.8,16,7,23,16,0,0,4,0,11.6,11.6,5.2,16.8,43,84,237,0.52,0.23,0.75,0.52,0.75,0.38,0.17,0.55,0.38,0.55,Matches
572,Franklin Wadja,cm CMR,"MF,FW",Lorient,25,1995,4,0,33,0.4,0,0,0,0,0,0,1,0,0.0,0.0,0.0,0.0,0,0,1,0.00,0.00,0.00,0.00,0.00,0.07,0.00,0.07,0.07,0.07,Matches
573,Elye Wahi,fr FRA,FW,Montpellier,17,2003,18,3,555,6.2,3,1,4,3,0,0,1,0,2.5,2.5,0.4,2.8,16,6,44,0.49,0.16,0.65,0.49,0.65,0.40,0.06,0.46,0.40,0.46,Matches
574,Timothy Weah,us USA,"FW,MF",Lille,20,2000,28,7,878,9.8,3,0,3,3,0,0,1,0,3.0,3.0,1.2,4.2,26,19,80,0.31,0.00,0.31,0.31,0.31,0.31,0.12,0.43,0.31,0.43,Matches
575,Yoane Wissa,cd COD,"MF,FW",Lorient,23,1996,38,30,2674,29.7,10,4,14,6,4,5,2,0,12.1,8.8,3.5,12.3,81,63,184,0.34,0.13,0.47,0.20,0.34,0.41,0.12,0.53,0.30,0.41,Matches
Rk,Player,Nation,Pos,Squad,Age,Born,MP,Starts,Min,90s,Gls,Ast,G+A,G-PK,PK,PKatt,CrdY,CrdR,xG,npxG,xAG,npxG+xAG,PrgC,PrgP,PrgR,Gls,Ast,G+A,G-PK,G+A-PK,xG,xAG,xG+xAG,npxG,npxG+xAG,Matches
576,Xeka,pt POR,MF,Lille,25,1994,33,11,1200,13.3,1,2,3,1,0,0,6,0,0.9,0.9,2.3,3.2,20,83,24,0.07,0.15,0.23,0.07,0.23,0.07,0.17,0.24,0.07,0.24,Matches
577,Yusuf Yazıcı,tr TUR,"FW,MF",Lille,23,1997,32,10,1086,12.1,7,4,11,7,0,0,1,0,4.2,4.2,4.0,8.2,25,52,85,0.58,0.33,0.91,0.58,0.91,0.35,0.33,0.68,0.35,0.68,Matches
578,Burak Yılmaz,tr TUR,FW,Lille,35,1985,28,23,2051,22.8,16,5,21,12,4,4,6,0,10.0,6.8,4.2,11.0,37,27,147,0.70,0.22,0.92,0.53,0.75,0.44,0.18,0.62,0.30,0.48,Matches
579,Wilitty Younoussa,cm CMR,MF,Dijon,18,2001,3,1,77,0.9,0,0,0,0,0,0,0,0,0.1,0.1,0.4,0.5,2,0,5,0.00,0.00,0.00,0.00,0.00,0.07,0.48,0.55,0.07,0.55,Matches
580,Zaydou Youssouf,km COM,MF,Saint-Étienne,21,1999,29,14,1229,13.7,1,1,2,1,0,0,2,0,1.4,1.4,0.6,2.0,14,48,28,0.07,0.07,0.15,0.07,0.15,0.10,0.05,0.14,0.10,0.14,Matches
581,Arthur Zagre,fr FRA,"DF,MF",Dijon,18,2001,3,1,122,1.4,0,0,0,0,0,0,0,0,0.0,0.0,0.0,0.0,0,3,1,0.00,0.00,0.00,0.00,0.00,0.00,0.00,0.00,0.00,0.00,Matches
582,Arber Zeneli,xk KVX,"MF,FW",Reims,25,1995,28,14,1289,14.3,3,3,6,3,0,0,1,0,1.5,1.5,1.8,3.2,47,33,104,0.21,0.21,0.42,0.21,0.42,0.10,0.12,0.23,0.10,0.23,Matches
583,Mehdi Zerkane,dz ALG,"MF,FW",Bordeaux,21,1999,27,15,1187,13.2,1,1,2,1,0,0,3,1,1.6,1.6,1.3,3.0,30,56,48,0.08,0.08,0.15,0.08,0.15,0.12,0.10,0.22,0.12,0.22,Matches
584,Kévin Zohi,ml MLI,"FW,MF",Strasbourg,23,1996,23,2,436,4.8,2,0,2,2,0,0,0,0,0.9,0.9,0.6,1.5,18,20,45,0.41,0.00,0.41,0.41,0.41,0.18,0.13,0.31,0.18,0.31,Matches
