rk,player,nation,pos,squad,age,born,90s,gls,sh,sot,sot_standa,sh_90,sot_90,g_sh,g_sot,dist,fk,pk,pkatt,xg,npxg,npxg_sh,g_xg,np_g_xg,matches
1,Diego Abella,mx MEX,"FW,MF",Puebla,20,1998,10.1,1,21,8,38.1,2.07,0.79,0.05,0.13,17.2,0,0,0,2.0,2.0,0.10,-1.0,-1.0,Matches
2,José Abella,mx MEX,DF,Santos,25,1994,2.0,0,0,0,,0.00,0.00,,,,0,0,0,0.0,0.0,,0.0,0.0,Matches
3,José Abella,mx MEX,DF,Atlas,25,1994,6.6,1,2,1,50.0,0.30,0.15,0.50,1.00,11.1,0,0,0,0.6,0.6,0.31,+0.4,+0.4,Matches
4,Clifford Aboagye,gh GHA,MF,Querétaro,24,1995,25.3,1,22,10,45.5,0.87,0.39,0.05,0.10,27.9,0,0,0,1.2,1.2,0.05,-0.2,-0.2,Matches
5,Carlos Acevedo,mx MEX,GK,Santos,23,1996,3.0,0,0,0,,0.00,0.00,,,,0,0,0,0.0,0.0,,0.0,0.0,Matches
6,Gabriel Achilier,ec ECU,DF,Morelia,34,1985,18.8,2,7,2,28.6,0.37,0.11,0.29,1.00,9.8,0,0,0,1.0,1.0,0.15,+1.0,+1.0,Matches
7,Alan Acosta,mx MEX,"FW,MF",Puebla,22,1996,10.9,2,5,3,60.0,0.46,0.28,0.40,0.67,12.7,0,0,0,1.4,1.4,0.29,+0.6,+0.6,Matches
8,Luciano Acosta,ar ARG,"MF,FW",Atlas,25,1994,9.0,1,14,3,21.4,1.56,0.33,0.07,0.33,21.3,3,0,0,0.7,0.7,0.05,+0.3,+0.3,Matches
9,Francisco Acuña,mx MEX,"FW,MF",Puebla,31,1988,0.8,0,0,0,,0.00,0.00,,,,0,0,0,0.0,0.0,,0.0,0.0,Matches
10,Daniel Aguilar,mx MEX,"MF,DF",Atlas,21,1998,0.3,0,0,0,,0.00,0.00,,,,0,0,0,0.0,0.0,,0.0,0.0,Matches
11,Jorge Aguilar,py PAR,DF,Querétaro,26,1993,7.1,1,5,1,20.0,0.71,0.14,0.20,1.00,11.6,0,0,0,0.4,0.4,0.08,+0.6,+0.6,Matches
12,Paul Aguilar,mx MEX,DF,América,33,1986,26.9,0,25,3,12.0,0.93,0.11,0.00,0.00,16.0,0,0,0,1.6,1.6,0.06,-1.6,-1.6,Matches
13,Emanuel Aguilera,ar ARG,DF,América,30,1989,26.4,1,12,2,16.7,0.46,0.08,0.00,0.00,26.1,9,1,2,2.3,0.7,0.06,-1.3,-0.7,Matches
14,Eduardo Aguirre,mx MEX,"FW,MF",Santos,20,1998,6.5,3,12,7,58.3,1.84,1.07,0.25,0.43,13.0,0,0,0,2.4,2.4,0.21,+0.6,+0.6,Matches
15,Érick Aguirre,mx MEX,"DF,MF",Pachuca,22,1997,24.3,1,21,4,19.0,0.87,0.16,0.05,0.25,20.9,0,0,0,1.0,1.0,0.05,0.0,0.0,Matches
16,Arnaud Ake,ci CIV,FW,Querétaro,21,1998,12.9,6,31,14,45.2,2.40,1.09,0.19,0.43,13.7,0,0,0,4.7,4.7,0.15,+1.3,+1.3,Matches
17,Arnaud Ake,ci CIV,FW,Monterrey,21,1998,1.3,1,2,1,50.0,1.51,0.76,0.50,1.00,14.9,0,0,0,0.4,0.4,0.18,+0.6,+0.6,Matches
18,Oswaldo Alanís,mx MEX,DF,Guadalajara,30,1989,9.9,2,5,1,20.0,0.51,0.10,0.00,0.00,19.9,1,2,2,2.1,0.5,0.10,-0.1,-0.5,Matches
19,Jesús Alberto Angulo,mx MEX,DF,Atlas,21,1998,14.5,0,2,0,0.0,0.14,0.00,0.00,,26.2,0,0,0,0.1,0.1,0.04,-0.1,-0.1,Matches
20,Carlos Alberto Gutiérrez,mx MEX,DF,Veracruz,29,1990,10.9,0,2,2,100.0,0.18,0.18,0.00,0.00,31.3,2,0,0,0.1,0.1,0.05,-0.1,-0.1,Matches
21,Gil Alcalá,mx MEX,GK,Querétaro,27,1992,28.0,0,0,0,,0.00,0.00,,,,0,0,0,0.0,0.0,,0.0,0.0,Matches
22,Adrián Aldrete,mx MEX,DF,Cruz Azul,31,1988,23.2,2,12,4,33.3,0.52,0.17,0.17,0.50,29.0,5,0,0,0.5,0.5,0.04,+1.5,+1.5,Matches
23,Daniel Alexis Parra,mx MEX,DF,Monterrey,20,1999,1.4,0,3,0,0.0,2.20,0.00,0.00,,9.2,0,0,0,0.4,0.4,0.13,-0.4,-0.4,Matches
24,Luis Alfonso Rodríguez,mx MEX,DF,UANL,28,1991,23.1,1,20,4,20.0,0.87,0.17,0.05,0.25,28.1,0,0,0,0.6,0.6,0.03,+0.4,+0.4,Matches
25,Carlos Alonso Vargas,mx MEX,DF,América,20,1999,5.1,0,2,1,50.0,0.39,0.20,0.00,0.00,20.4,1,0,0,0.1,0.1,0.05,-0.1,-0.1,Matches
Rk,Player,Nation,Pos,Squad,Age,Born,90s,Gls,Sh,SoT,SoT%,Sh/90,SoT/90,G/Sh,G/SoT,Dist,FK,PK,PKatt,xG,npxG,npxG/Sh,G-xG,np:G-xG,Matches
26,Carlos Alonso Vargas,mx MEX,DF,Morelia,20,1999,2.2,1,5,2,40.0,2.23,0.89,0.20,0.50,19.9,0,0,0,0.2,0.2,0.05,+0.8,+0.8,Matches
27,Ángel Alonzo,mx MEX,GK,Necaxa,19,2000,1.0,0,0,0,,0.00,0.00,,,,0,0,0,0.0,0.0,,0.0,0.0,Matches
28,Matías Alustiza,mx MEX,"FW,MF",Puebla,35,1984,3.7,2,18,5,27.8,4.92,1.37,0.06,0.20,29.5,2,1,1,2.0,1.2,0.07,0.0,-0.2,Matches
29,Alfonso Alvarado,mx MEX,"MF,FW",Monterrey,19,2000,0.5,0,0,0,,0.00,0.00,,,,0,0,0,0.0,0.0,,0.0,0.0,Matches
30,Roberto Alvarado,mx MEX,"MF,FW",Cruz Azul,20,1998,22.1,4,30,11,36.7,1.36,0.50,0.13,0.36,21.7,1,0,0,2.6,2.6,0.09,+1.4,+1.4,Matches
31,Ventura Alvarado,us USA,DF,Necaxa,26,1992,21.0,2,9,3,33.3,0.43,0.14,0.22,0.67,11.5,0,0,0,1.1,1.1,0.12,+0.9,+0.9,Matches
32,Daniel Álvarez,mx MEX,"MF,FW",Necaxa,25,1994,8.3,2,15,5,33.3,1.81,0.60,0.13,0.40,21.8,4,0,0,0.8,0.8,0.05,+1.2,+1.2,Matches
33,Fabio Álvarez,ar ARG,"FW,MF",UNAM,26,1993,7.3,2,25,11,44.0,3.42,1.50,0.08,0.18,20.9,0,0,0,2.5,2.5,0.10,-0.5,-0.5,Matches
34,Kevin Álvarez,mx MEX,DF,Pachuca,20,1999,9.6,0,6,1,16.7,0.63,0.10,0.00,0.00,21.8,0,0,0,0.3,0.3,0.05,-0.3,-0.3,Matches
35,Ricky Álvarez,ar ARG,MF,Atlas,31,1988,1.6,0,1,0,0.0,0.62,0.00,0.00,,30.1,1,0,0,0.1,0.1,0.06,-0.1,-0.1,Matches
36,Fidel Ambríz,mx MEX,MF,León,16,2003,0.4,0,0,0,,0.00,0.00,,,,0,0,0,0.0,0.0,,0.0,0.0,Matches
37,Andrés Andrade,co COL,"FW,MF",Atlas,30,1989,6.0,0,11,6,54.5,1.84,1.00,0.00,0.00,17.1,0,0,0,0.8,0.8,0.07,-0.8,-0.8,Matches
38,Miguel Ángel Herrera,mx MEX,DF,León,30,1989,7.6,0,0,0,,0.00,0.00,,,,0,0,0,0.0,0.0,,0.0,0.0,Matches
39,Luis Ángel Malagón,mx MEX,GK,Morelia,22,1997,5.0,0,0,0,,0.00,0.00,,,,0,0,0,0.0,0.0,,0.0,0.0,Matches
40,Luis Ángel Mendoza,mx MEX,"MF,FW",Morelia,29,1990,19.8,3,24,9,37.5,1.21,0.45,0.13,0.33,18.1,1,0,0,2.9,2.9,0.12,+0.1,+0.1,Matches
41,Miguel Ángel Ponce,mx MEX,"DF,MF",Guadalajara,30,1989,24.1,2,23,4,17.4,0.96,0.17,0.09,0.50,24.4,7,0,0,1.5,1.5,0.07,+0.5,+0.5,Matches
42,Brayan Angulo,ec ECU,"FW,MF",Cruz Azul,23,1995,2.2,0,3,0,0.0,1.36,0.00,0.00,,7.8,0,0,0,0.3,0.3,0.10,-0.3,-0.3,Matches
43,Brayan Angulo,co COL,DF,Puebla,29,1989,14.7,1,15,4,26.7,1.02,0.27,0.07,0.25,17.2,0,0,0,1.3,1.3,0.09,-0.3,-0.3,Matches
44,Brayan Angulo,ec ECU,FW,Tijuana,23,1995,3.4,1,5,1,20.0,1.48,0.30,0.00,0.00,40.0,0,1,2,1.7,0.2,0.03,-0.7,-0.2,Matches
45,Jeison Angulo,co COL,DF,UNAM,23,1996,11.6,1,4,1,25.0,0.34,0.09,0.25,1.00,15.8,0,0,0,0.7,0.7,0.17,+0.3,+0.3,Matches
46,Jesús Angulo,mx MEX,"MF,FW",Necaxa,22,1997,15.8,4,30,11,36.7,1.89,0.69,0.13,0.36,19.3,0,0,0,2.8,2.8,0.09,+1.2,+1.2,Matches
47,Jesús Angulo,mx MEX,"FW,MF",Guadalajara,22,1997,2.0,0,3,0,0.0,1.52,0.00,0.00,,24.0,1,0,0,0.1,0.1,0.05,-0.1,-0.1,Matches
48,Francisco Antonio Figueroa,mx MEX,MF,Pachuca,20,1999,2.4,0,4,0,0.0,1.66,0.00,0.00,,22.5,0,0,0,0.2,0.2,0.04,-0.2,-0.2,Matches
49,Juan Antonio Portales,mx MEX,DF,Atlético,23,1996,1.6,0,2,0,0.0,1.26,0.00,0.00,,32.9,0,0,0,0.0,0.0,0.02,0.0,0.0,Matches
50,José Antonio Rodríguez,mx MEX,GK,Guadalajara,27,1992,24.0,1,1,1,100.0,0.04,0.04,1.00,1.00,97.7,0,0,0,0.0,0.0,0.01,+1.0,+1.0,Matches
Rk,Player,Nation,Pos,Squad,Age,Born,90s,Gls,Sh,SoT,SoT%,Sh/90,SoT/90,G/Sh,G/SoT,Dist,FK,PK,PKatt,xG,npxG,npxG/Sh,G-xG,np:G-xG,Matches
51,Uriel Antuna,mx MEX,FW,Guadalajara,21,1997,7.2,0,12,6,50.0,1.68,0.84,0.00,0.00,20.9,0,0,0,1.3,1.3,0.11,-1.3,-1.3,Matches
52,Javier Aquino,mx MEX,"MF,FW",UANL,29,1990,17.2,4,31,10,32.3,1.81,0.58,0.13,0.40,20.4,0,0,0,2.9,2.9,0.10,+1.1,+1.1,Matches
53,Pedro Aquino,pe PER,MF,León,24,1995,11.9,0,8,2,25.0,0.67,0.17,0.00,0.00,21.5,0,0,0,0.9,0.9,0.12,-0.9,-0.9,Matches
54,Maximiliano Araújo,uy URU,DF,Puebla,19,2000,0.2,0,1,0,0.0,4.50,0.00,0.00,,28.0,0,0,0,0.0,0.0,0.04,0.0,0.0,Matches
55,Fernando Arce Jr.,us USA,MF,Necaxa,22,1996,5.9,0,3,0,0.0,0.51,0.00,0.00,,11.0,0,0,0,0.2,0.2,0.07,-0.2,-0.2,Matches
56,Fernando Arce Jr.,us USA,MF,Tijuana,22,1996,2.0,0,1,1,100.0,0.49,0.49,0.00,0.00,14.5,0,0,0,0.0,0.0,0.04,0.0,0.0,Matches
57,Sagir Arce,us USA,DF,Morelia,17,2002,0.1,0,1,0,0.0,9.00,0.00,0.00,,9.8,0,0,0,0.1,0.1,0.09,-0.1,-0.1,Matches
58,Omar Arellano,mx MEX,"DF,MF",Querétaro,32,1987,3.5,0,5,0,0.0,1.41,0.00,0.00,,21.6,0,0,0,0.2,0.2,0.04,-0.2,-0.2,Matches
59,Fernando Aristeguieta,ve VEN,FW,Morelia,27,1992,20.2,7,66,27,40.9,3.27,1.34,0.11,0.26,14.3,0,0,0,10.2,10.2,0.16,-3.2,-3.2,Matches
60,Daniel Arreola,mx MEX,DF,Puebla,33,1985,15.6,1,13,2,15.4,0.83,0.13,0.08,0.50,23.1,2,0,1,1.5,0.8,0.06,-0.5,+0.2,Matches
61,Gerardo Arteaga,mx MEX,DF,Santos,20,1998,28.0,1,14,4,28.6,0.50,0.14,0.07,0.25,26.1,0,0,0,0.5,0.5,0.03,+0.5,+0.5,Matches
62,Hugo Ayala,mx MEX,DF,UANL,32,1987,23.0,0,7,1,14.3,0.30,0.04,0.00,0.00,10.7,0,0,0,0.8,0.8,0.12,-0.8,-0.8,Matches
63,Rafael Baca,mx MEX,MF,Cruz Azul,29,1989,19.6,0,4,2,50.0,0.20,0.10,0.00,0.00,28.6,0,0,0,0.1,0.1,0.03,-0.1,-0.1,Matches
64,Claudio Baeza,cl CHI,MF,Necaxa,25,1993,24.4,1,19,7,36.8,0.78,0.29,0.05,0.14,27.3,3,0,0,1.0,1.0,0.05,0.0,0.0,Matches
65,Kevin Balanta,co COL,MF,Tijuana,22,1997,17.7,1,6,3,50.0,0.34,0.17,0.17,0.33,24.0,0,0,0,0.2,0.2,0.04,+0.8,+0.8,Matches
66,Manu Balda,ec ECU,MF,Atlas,27,1992,2.3,1,3,2,66.7,1.30,0.87,0.33,0.50,25.5,0,0,0,0.2,0.2,0.05,+0.8,+0.8,Matches
67,Eduardo Banda,mx MEX,"FW,MF",Monterrey,18,2001,0.4,0,1,0,0.0,2.50,0.00,0.00,,22.6,0,0,0,0.0,0.0,0.04,0.0,0.0,Matches
68,Miguel Barbieri,ar ARG,DF,Tijuana,25,1993,7.0,0,6,0,0.0,0.86,0.00,0.00,,8.9,0,0,0,0.6,0.6,0.11,-0.6,-0.6,Matches
69,Diego Barbosa,mx MEX,DF,Atlas,22,1996,8.0,1,4,2,50.0,0.50,0.25,0.25,0.50,25.5,0,0,0,0.1,0.1,0.04,+0.9,+0.9,Matches
70,Facundo Barcelo,uy URU,FW,Atlas,26,1993,12.1,4,21,10,47.6,1.73,0.82,0.19,0.40,12.5,0,0,1,3.1,2.3,0.11,+0.9,+1.7,Matches
71,Marcelo Barovero,ar ARG,GK,Monterrey,35,1984,28.0,0,0,0,,0.00,0.00,,,,0,0,0,0.0,0.0,,0.0,0.0,Matches
72,Martín Barragán,mx MEX,FW,UNAM,28,1991,2.1,0,7,1,14.3,3.28,0.47,0.00,0.00,14.2,0,0,0,0.9,0.9,0.12,-0.9,-0.9,Matches
73,Jaine Barreiro,co COL,DF,Pachuca,25,1994,6.1,0,3,2,66.7,0.49,0.33,0.00,0.00,10.0,0,0,0,0.4,0.4,0.13,-0.4,-0.4,Matches
74,Jaine Barreiro,co COL,DF,León,25,1994,8.0,0,2,1,50.0,0.25,0.12,0.00,0.00,10.0,0,0,0,0.1,0.1,0.06,-0.1,-0.1,Matches
75,Pablo Barrera,mx MEX,"MF,FW",UNAM,32,1987,16.2,2,31,10,32.3,1.91,0.62,0.00,0.00,21.5,5,2,2,4.2,2.6,0.09,-2.2,-2.6,Matches
Rk,Player,Nation,Pos,Squad,Age,Born,90s,Gls,Sh,SoT,SoT%,Sh/90,SoT/90,G/Sh,G/SoT,Dist,FK,PK,PKatt,xG,npxG,npxG/Sh,G-xG,np:G-xG,Matches
76,Fernando Beltrán,mx MEX,MF,Guadalajara,21,1998,12.8,2,12,5,41.7,0.94,0.39,0.17,0.40,24.8,0,0,0,0.4,0.4,0.04,+1.6,+1.6,Matches
77,Nicolás Benedetti,co COL,MF,América,22,1997,2.6,1,5,1,20.0,1.92,0.38,0.20,1.00,18.0,0,0,0,0.3,0.3,0.06,+0.7,+0.7,Matches
78,Oscar Benítez,ar ARG,MF,Atlético,26,1993,7.4,1,8,1,12.5,1.08,0.13,0.13,1.00,26.5,0,0,0,0.3,0.3,0.04,+0.7,+0.7,Matches
79,Germán Berterame,mx MEX,"FW,MF",Atlético,20,1998,15.0,6,45,20,44.4,3.00,1.34,0.13,0.30,20.4,2,0,0,3.1,3.1,0.07,+2.9,+2.9,Matches
80,Unai Bilbao,es ESP,DF,Atlético,25,1994,14.0,1,6,1,16.7,0.43,0.07,0.17,1.00,9.4,0,0,0,0.5,0.5,0.08,+0.5,+0.5,Matches
81,Alfonso Blanco Antúnez,mx MEX,GK,Pachuca,32,1987,5.0,0,0,0,,0.00,0.00,,,,0,0,0,0.0,0.0,,0.0,0.0,Matches
82,Miller Bolaños,ec ECU,"FW,MF",Tijuana,29,1990,25.2,1,45,17,37.8,1.79,0.68,0.00,0.00,26.5,8,1,2,3.7,2.1,0.05,-2.7,-2.1,Matches
83,Eder Borelli,mx MEX,DF,FC Juárez,28,1990,5.6,0,0,0,,0.00,0.00,,,,0,0,0,0.0,0.0,,0.0,0.0,Matches
84,Jonathan Borja,ec ECU,FW,Cruz Azul,25,1994,0.1,0,0,0,,0.00,0.00,,,,0,0,0,0.0,0.0,,0.0,0.0,Matches
85,Diego Braghieri,ar ARG,DF,Tijuana,32,1987,14.5,0,13,2,15.4,0.90,0.14,0.00,0.00,16.4,0,0,0,0.6,0.6,0.05,-0.6,-0.6,Matches
86,Edy Brambila,mx MEX,"MF,FW",FC Juárez,33,1986,5.9,0,1,0,0.0,0.17,0.00,0.00,,23.5,0,0,0,0.0,0.0,0.05,0.0,0.0,Matches
87,Antonio Briseño,mx MEX,DF,Guadalajara,25,1994,12.3,1,5,4,80.0,0.41,0.33,0.20,0.25,9.1,0,0,0,0.7,0.7,0.13,+0.3,+0.3,Matches
88,Isaác Brizuela,mx MEX,"FW,DF",Guadalajara,28,1990,24.6,1,25,5,20.0,1.02,0.20,0.04,0.20,19.2,0,0,0,1.4,1.4,0.05,-0.4,-0.4,Matches
89,Gil Burón,mx MEX,DF,León,25,1994,3.0,0,0,0,,0.00,0.00,,,,0,0,0,0.0,0.0,,0.0,0.0,Matches
90,Gustavo Cabral,ar ARG,DF,Pachuca,33,1985,24.5,1,13,3,23.1,0.53,0.12,0.08,0.33,11.9,0,0,0,1.8,1.8,0.14,-0.8,-0.8,Matches
91,David Cabrera Pujol,mx MEX,MF,UNAM,29,1989,6.9,1,12,6,50.0,1.74,0.87,0.00,0.00,29.6,3,1,1,1.2,0.4,0.04,-0.2,-0.4,Matches
92,Sebastián Cáceres,uy URU,DF,América,19,1999,0.4,0,0,0,,0.00,0.00,,,,0,0,0,0.0,0.0,,0.0,0.0,Matches
93,Cadete,es ESP,DF,Querétaro,25,1994,12.1,0,4,0,0.0,0.33,0.00,0.00,,17.0,0,0,0,0.4,0.4,0.10,-0.4,-0.4,Matches
94,Cristian Calderón,mx MEX,DF,Necaxa,22,1997,13.6,3,16,4,25.0,1.18,0.30,0.19,0.75,23.1,3,0,0,1.0,1.0,0.06,+2.0,+2.0,Matches
95,Cristian Calderón,mx MEX,"DF,FW",Guadalajara,22,1997,2.6,0,4,1,25.0,1.57,0.39,0.00,0.00,21.7,0,0,0,0.8,0.8,0.20,-0.8,-0.8,Matches
96,Luis Calzadilla,mx MEX,MF,Pachuca,19,2000,0.2,0,1,0,0.0,5.63,0.00,0.00,,15.7,0,0,0,0.1,0.1,0.06,-0.1,-0.1,Matches
97,Washington Camacho,uy URU,"MF,FW",Tijuana,33,1986,6.1,2,10,3,30.0,1.65,0.49,0.20,0.67,18.4,0,0,0,2.1,2.1,0.21,-0.1,-0.1,Matches
98,Joel Campbell,cr CRC,"FW,MF",León,27,1992,12.6,1,24,10,41.7,1.90,0.79,0.04,0.10,18.3,1,0,0,3.6,3.6,0.16,-2.6,-2.6,Matches
99,Alexis Canelo,ar ARG,FW,Toluca,27,1992,20.2,3,50,12,24.0,2.47,0.59,0.06,0.25,18.0,0,0,0,5.1,5.1,0.10,-2.1,-2.1,Matches
100,Eric Cantú,mx MEX,MF,Monterrey,20,1999,0.1,0,1,0,0.0,12.86,0.00,0.00,,30.9,0,0,0,0.0,0.0,0.03,0.0,0.0,Matches
Rk,Player,Nation,Pos,Squad,Age,Born,90s,Gls,Sh,SoT,SoT%,Sh/90,SoT/90,G/Sh,G/SoT,Dist,FK,PK,PKatt,xG,npxG,npxG/Sh,G-xG,np:G-xG,Matches
101,Milton Caraglio,ar ARG,FW,Cruz Azul,30,1988,14.5,5,50,13,26.0,3.44,0.89,0.08,0.31,16.6,0,1,3,5.9,3.8,0.08,-0.9,+0.2,Matches
102,Edwin Cardona,co COL,"FW,MF",Pachuca,26,1992,8.0,2,26,7,26.9,3.25,0.87,0.08,0.29,26.4,3,0,0,1.9,1.9,0.07,+0.1,+0.1,Matches
103,Edwin Cardona,co COL,"FW,MF",Tijuana,26,1992,1.7,0,9,3,33.3,5.19,1.73,0.00,0.00,20.2,1,0,0,1.1,1.1,0.12,-1.1,-1.1,Matches
104,Jown Cardona,co COL,"MF,FW",León,24,1995,2.3,0,1,1,100.0,0.43,0.43,0.00,0.00,22.3,0,0,0,0.1,0.1,0.07,-0.1,-0.1,Matches
105,Ulises Cardona,mx MEX,"DF,MF",Atlas,20,1998,8.4,0,0,0,,0.00,0.00,,,,0,0,0,0.0,0.0,,0.0,0.0,Matches
106,Rafael Carioca,br BRA,MF,UANL,30,1989,23.3,1,11,3,27.3,0.47,0.13,0.09,0.33,22.6,0,0,0,1.1,1.1,0.10,-0.1,-0.1,Matches
107,Bryan Carrasco,cl CHI,"MF,FW",Veracruz,28,1991,14.0,3,10,3,30.0,0.72,0.21,0.10,0.33,21.6,0,2,3,3.3,0.8,0.08,-0.3,+0.2,Matches
108,Leandro Carrijó,br BRA,FW,FC Juárez,33,1985,1.4,1,4,2,50.0,2.93,1.46,0.25,0.50,9.8,0,0,0,1.2,1.2,0.31,-0.2,-0.2,Matches
109,Santiago Cáseres,ar ARG,MF,América,22,1997,2.2,0,1,0,0.0,0.46,0.00,0.00,,9.5,0,0,0,0.1,0.1,0.05,-0.1,-0.1,Matches
110,Kevin Castañeda,mx MEX,"FW,MF",Toluca,19,1999,3.3,1,11,3,27.3,3.36,0.92,0.09,0.33,23.2,1,0,0,0.7,0.7,0.06,+0.3,+0.3,Matches
111,Erick Castillo,ec ECU,"MF,FW",Santos,24,1995,22.5,3,38,17,44.7,1.69,0.76,0.08,0.18,17.9,0,0,0,5.2,5.2,0.14,-2.2,-2.2,Matches
112,Fabián Castillo,co COL,"FW,MF",Querétaro,27,1992,20.2,5,41,16,39.0,2.03,0.79,0.12,0.31,18.6,0,0,0,5.1,5.1,0.12,-0.1,-0.1,Matches
113,Nicolás Castillo,cl CHI,FW,América,26,1993,3.8,4,19,6,31.6,5.03,1.59,0.16,0.50,19.5,4,1,1,4.3,3.5,0.19,-0.3,-0.5,Matches
114,Alex Castro,co COL,"FW,MF",Cruz Azul,25,1994,1.8,0,1,0,0.0,0.56,0.00,0.00,,17.4,0,0,0,0.0,0.0,0.05,0.0,0.0,Matches
115,Alexis Castro,ar ARG,"MF,FW",Tijuana,24,1994,3.3,2,4,3,75.0,1.23,0.92,0.50,0.67,12.6,0,0,0,1.6,1.6,0.42,+0.4,+0.4,Matches
116,Elio Castro,mx MEX,DF,FC Juárez,31,1988,9.7,0,5,1,20.0,0.52,0.10,0.00,0.00,14.0,0,0,0,0.3,0.3,0.05,-0.3,-0.3,Matches
117,Matías Catalán,cl CHI,"DF,MF",Atlético,26,1992,25.3,2,18,5,27.8,0.71,0.20,0.11,0.40,16.5,2,0,0,2.4,2.4,0.13,-0.4,-0.4,Matches
118,Martín Cauteruccio,uy URU,"MF,FW",Cruz Azul,32,1987,0.8,0,1,0,0.0,1.27,0.00,0.00,,8.3,0,0,0,0.1,0.1,0.08,-0.1,-0.1,Matches
119,Lucas Cavallini,ca CAN,FW,Puebla,26,1992,13.5,5,44,12,27.3,3.26,0.89,0.11,0.42,13.1,0,0,1,5.9,5.1,0.12,-0.9,-0.1,Matches
120,Ricardo Centurión,ar ARG,"MF,FW",Atlético,26,1993,3.1,0,5,0,0.0,1.60,0.00,0.00,,26.0,0,0,0,0.2,0.2,0.03,-0.2,-0.2,Matches
121,Pablo Ceppelini,uy URU,"FW,MF",Cruz Azul,27,1991,1.2,0,1,0,0.0,0.81,0.00,0.00,,29.2,0,0,0,0.0,0.0,0.03,0.0,0.0,Matches
122,Alan Cervantes,mx MEX,MF,Santos,21,1998,0.2,0,0,0,,0.00,0.00,,,,0,0,0,0.0,0.0,,0.0,0.0,Matches
123,Alan Cervantes,mx MEX,MF,Guadalajara,21,1998,6.7,0,11,4,36.4,1.64,0.60,0.00,0.00,25.2,0,0,0,0.5,0.5,0.04,-0.5,-0.5,Matches
124,Pablo César Aguilar,py PAR,DF,Cruz Azul,32,1987,24.0,5,32,8,25.0,1.33,0.33,0.16,0.63,12.6,0,0,0,4.4,4.4,0.15,+0.6,+0.6,Matches
125,Pablo César López,mx MEX,MF,Pachuca,21,1998,0.0,0,0,0,,0.00,0.00,,,,0,0,0,0.0,0.0,,0.0,0.0,Matches
Rk,Player,Nation,Pos,Squad,Age,Born,90s,Gls,Sh,SoT,SoT%,Sh/90,SoT/90,G/Sh,G/SoT,Dist,FK,PK,PKatt,xG,npxG,npxG/Sh,G-xG,np:G-xG,Matches
126,Aníbal Chalá,ec ECU,DF,Toluca,23,1996,22.7,0,3,0,0.0,0.13,0.00,0.00,,21.2,0,0,0,0.3,0.3,0.09,-0.3,-0.3,Matches
127,Diego Chávez,mx MEX,"FW,MF",Veracruz,24,1995,7.4,2,13,5,38.5,1.77,0.68,0.15,0.40,19.9,0,0,0,0.8,0.8,0.06,+1.2,+1.2,Matches
128,Diego Chávez,mx MEX,"FW,MF",Necaxa,24,1995,2.8,1,3,1,33.3,1.08,0.36,0.33,1.00,18.6,0,0,0,0.9,0.9,0.30,+0.1,+0.1,Matches
129,Luis Chávez,mx MEX,MF,Pachuca,23,1996,9.1,2,30,6,20.0,3.30,0.66,0.07,0.33,25.8,7,0,0,1.5,1.5,0.05,+0.5,+0.5,Matches
130,Ricardo Chávez Soto,mx MEX,DF,Necaxa,24,1994,23.7,0,11,3,27.3,0.46,0.13,0.00,0.00,19.8,0,0,0,0.8,0.8,0.08,-0.8,-0.8,Matches
131,Alejandro Chumacero,bo BOL,"MF,DF",Puebla,28,1991,12.3,0,15,4,26.7,1.22,0.32,0.00,0.00,21.1,0,0,0,1.6,1.6,0.11,-1.6,-1.6,Matches
132,Ronaldo Cisneros,mx MEX,"FW,MF",Guadalajara,22,1997,1.5,0,4,3,75.0,2.65,1.99,0.00,0.00,21.8,0,0,0,0.5,0.5,0.12,-0.5,-0.5,Matches
133,José Cobián,mx MEX,MF,Necaxa,20,1998,1.1,0,2,1,50.0,1.87,0.94,0.00,0.00,22.8,0,0,0,0.4,0.4,0.22,-0.4,-0.4,Matches
134,Germán Conti,ar ARG,DF,Atlas,25,1994,7.0,0,5,1,20.0,0.71,0.14,0.00,0.00,10.8,0,0,0,0.3,0.3,0.05,-0.3,-0.3,Matches
135,Rodrigo Contreras,ar ARG,"FW,MF",Necaxa,23,1995,0.8,0,2,0,0.0,2.40,0.00,0.00,,10.2,0,0,0,0.1,0.1,0.07,-0.1,-0.1,Matches
136,Jonathan Copete,co COL,"MF,FW",Pachuca,31,1988,8.7,1,18,10,55.6,2.06,1.15,0.06,0.10,14.1,0,0,0,2.7,2.7,0.17,-1.7,-1.7,Matches
137,José Corona,mx MEX,GK,Cruz Azul,38,1981,28.0,0,0,0,,0.00,0.00,,,,0,0,0,0.0,0.0,,0.0,0.0,Matches
138,George Corral,mx MEX,DF,Querétaro,29,1990,9.1,0,5,0,0.0,0.55,0.00,0.00,,18.9,0,0,0,0.2,0.2,0.04,-0.2,-0.2,Matches
139,Jair Cortés,mx MEX,MF,Necaxa,18,2000,1.7,0,2,1,50.0,1.20,0.60,0.00,0.00,20.1,0,0,0,0.1,0.1,0.06,-0.1,-0.1,Matches
140,Javier Cortés,mx MEX,MF,Atlético,30,1989,4.1,0,10,2,20.0,2.47,0.49,0.00,0.00,22.4,0,0,0,0.5,0.5,0.05,-0.5,-0.5,Matches
141,Jordi Cortizo,mx MEX,"MF,FW",Querétaro,23,1996,3.5,0,6,2,33.3,1.71,0.57,0.00,0.00,19.7,0,0,0,0.3,0.3,0.04,-0.3,-0.3,Matches
142,Rodolfo Cota,mx MEX,GK,León,32,1987,26.0,0,0,0,,0.00,0.00,,,,0,0,0,0.0,0.0,,0.0,0.0,Matches
143,Aldo Cruz,mx MEX,DF,Tijuana,21,1997,17.0,0,4,1,25.0,0.23,0.06,0.00,0.00,18.0,0,0,0,0.2,0.2,0.04,-0.2,-0.2,Matches
144,Mauricio Cuero,co COL,"FW,MF",Atlas,26,1993,11.1,3,15,5,33.3,1.36,0.45,0.13,0.40,21.2,1,1,1,2.1,1.3,0.09,+0.9,+0.7,Matches
145,Christian Cueva,pe PER,MF,Pachuca,27,1991,0.4,0,2,0,0.0,5.14,0.00,0.00,,12.8,0,0,0,0.2,0.2,0.09,-0.2,-0.2,Matches
146,Jürgen Damm,mx MEX,"MF,FW",UANL,26,1992,3.9,0,1,0,0.0,0.25,0.00,0.00,,13.3,0,0,0,0.1,0.1,0.08,-0.1,-0.1,Matches
147,Jorge Daniel Hernández,mx MEX,MF,Pachuca,30,1989,27.6,2,17,3,17.6,0.62,0.11,0.12,0.67,26.6,0,0,0,0.5,0.5,0.03,+1.5,+1.5,Matches
148,Juan David Castro,mx MEX,"MF,FW",Atlético,27,1991,14.2,4,24,9,37.5,1.69,0.63,0.17,0.44,21.4,0,0,0,1.9,1.9,0.08,+2.1,+2.1,Matches
149,Víctor Dávila,cl CHI,"MF,FW",Pachuca,21,1997,10.2,1,25,7,28.0,2.46,0.69,0.04,0.14,16.1,0,0,0,3.0,3.0,0.12,-2.0,-2.0,Matches
150,Diego De Buen,mx MEX,MF,Santos,28,1991,0.1,0,0,0,,0.00,0.00,,,,0,0,0,0.0,0.0,,0.0,0.0,Matches
Rk,Player,Nation,Pos,Squad,Age,Born,90s,Gls,Sh,SoT,SoT%,Sh/90,SoT/90,G/Sh,G/SoT,Dist,FK,PK,PKatt,xG,npxG,npxG/Sh,G-xG,np:G-xG,Matches
151,Eduardo Del Ángel,mx MEX,"MF,FW",Morelia,19,2000,3.5,1,4,2,50.0,1.14,0.57,0.25,0.50,25.8,0,0,0,0.5,0.5,0.11,+0.5,+0.5,Matches
152,Ayron del Valle,co COL,"FW,MF",Querétaro,30,1989,11.2,2,47,13,27.7,4.19,1.16,0.04,0.15,20.1,1,0,1,4.8,4.0,0.09,-2.8,-2.0,Matches
153,Juan Delgado,cl CHI,"MF,FW",Necaxa,26,1993,21.9,5,39,13,33.3,1.78,0.59,0.10,0.31,20.1,3,1,1,3.9,3.1,0.08,+1.1,+0.9,Matches
154,Jair Díaz,mx MEX,DF,UANL,20,1998,4.9,0,1,1,100.0,0.21,0.21,0.00,0.00,32.1,0,0,0,0.0,0.0,0.02,0.0,0.0,Matches
155,Jonathan Díaz,mx MEX,DF,Santos,20,1999,1.0,0,1,0,0.0,1.00,0.00,0.00,,27.8,0,0,0,0.0,0.0,0.03,0.0,0.0,Matches
156,Diego,br BRA,"MF,FW",Toluca,31,1988,10.7,0,19,2,10.5,1.78,0.19,0.00,0.00,19.6,1,0,0,1.3,1.3,0.07,-1.3,-1.3,Matches
157,José Doldán,py PAR,DF,Necaxa,22,1997,4.9,1,2,1,50.0,0.41,0.20,0.50,1.00,10.1,0,0,0,0.1,0.1,0.05,+0.9,+0.9,Matches
158,Idekel Domínguez,mx MEX,DF,UNAM,19,2000,1.0,0,0,0,,0.00,0.00,,,,0,0,0,0.0,0.0,,0.0,0.0,Matches
159,Julio Domínguez,mx MEX,DF,Cruz Azul,31,1987,26.8,2,15,3,20.0,0.56,0.11,0.13,0.67,12.0,0,0,0,2.3,2.3,0.15,-0.3,-0.3,Matches
160,Misael Domínguez,mx MEX,"FW,MF",Cruz Azul,19,1999,2.6,0,4,1,25.0,1.57,0.39,0.00,0.00,17.9,0,0,0,0.2,0.2,0.04,-0.2,-0.2,Matches
161,Luis Donaldo Hernández,mx MEX,"DF,MF",Toluca,21,1998,21.9,2,10,3,30.0,0.46,0.14,0.20,0.67,17.5,0,0,0,0.8,0.8,0.08,+1.2,+1.2,Matches
162,Dória,br BRA,DF,Santos,24,1994,22.7,4,19,11,57.9,0.84,0.48,0.21,0.36,14.0,2,0,0,2.9,2.9,0.15,+1.1,+1.1,Matches
163,Giovani dos Santos,mx MEX,"MF,FW",América,30,1989,10.9,1,19,6,31.6,1.75,0.55,0.05,0.17,17.1,1,0,0,4.4,4.4,0.23,-3.4,-3.4,Matches
164,Jesús Dueñas,mx MEX,"DF,MF",UANL,30,1989,21.7,1,10,4,40.0,0.46,0.18,0.10,0.25,26.8,0,0,0,0.7,0.7,0.07,+0.3,+0.3,Matches
165,Javier Eduardo López,mx MEX,MF,Guadalajara,24,1994,14.7,6,27,10,37.0,1.83,0.68,0.15,0.40,23.5,3,2,2,3.9,2.3,0.09,+2.1,+1.7,Matches
166,Jorge Eduardo Sánchez,mx MEX,DF,América,21,1997,16.5,0,7,1,14.3,0.42,0.06,0.00,0.00,26.3,0,0,0,0.5,0.5,0.07,-0.5,-0.5,Matches
167,Francisco Eduardo Venegas,mx MEX,"DF,MF",UANL,21,1998,1.1,0,2,1,50.0,1.84,0.92,0.00,0.00,18.2,0,0,0,0.1,0.1,0.05,-0.1,-0.1,Matches
168,Jesús Eduardo Zavala,mx MEX,"MF,DF",Puebla,32,1987,18.3,0,13,4,30.8,0.71,0.22,0.00,0.00,13.2,0,0,0,1.4,1.4,0.11,-1.4,-1.4,Matches
169,Alfonso Emilio Sánchez,mx MEX,MF,Tijuana,25,1994,3.5,0,1,0,0.0,0.28,0.00,0.00,,12.8,0,0,0,0.1,0.1,0.09,-0.1,-0.1,Matches
170,Luis Enrique Quiñones,co COL,"FW,MF",UANL,28,1991,17.2,2,24,8,33.3,1.39,0.46,0.08,0.25,18.4,0,0,0,1.4,1.4,0.06,+0.6,+0.6,Matches
171,Carlos Ernesto Cisneros,mx MEX,"MF,FW",Toluca,25,1993,0.6,0,1,0,0.0,1.73,0.00,0.00,,25.6,0,0,0,0.0,0.0,0.03,0.0,0.0,Matches
172,Dionicio Escalante,mx MEX,DF,Atlético,29,1990,14.8,0,8,0,0.0,0.54,0.00,0.00,,22.8,0,0,0,0.6,0.6,0.07,-0.6,-0.6,Matches
173,Kevin Escamilla,mx MEX,MF,Toluca,25,1994,3.3,0,2,1,50.0,0.61,0.31,0.00,0.00,32.3,0,0,0,0.1,0.1,0.03,-0.1,-0.1,Matches
174,Kevin Escamilla,mx MEX,"MF,FW",UNAM,25,1994,5.7,0,12,4,33.3,2.09,0.70,0.00,0.00,29.3,4,0,0,0.4,0.4,0.04,-0.4,-0.4,Matches
175,Juan Escobar,py PAR,DF,Cruz Azul,24,1995,19.4,1,14,4,28.6,0.72,0.21,0.07,0.25,20.6,0,0,0,1.0,1.0,0.07,0.0,0.0,Matches
Rk,Player,Nation,Pos,Squad,Age,Born,90s,Gls,Sh,SoT,SoT%,Sh/90,SoT/90,G/Sh,G/SoT,Dist,FK,PK,PKatt,xG,npxG,npxG/Sh,G-xG,np:G-xG,Matches
176,Alonso Escoboza,mx MEX,"MF,FW",América,26,1993,2.8,0,7,2,28.6,2.49,0.71,0.00,0.00,22.7,0,0,0,0.6,0.6,0.09,-0.6,-0.6,Matches
177,Alonso Escoboza,mx MEX,"DF,MF",Querétaro,26,1993,17.9,3,25,11,44.0,1.40,0.61,0.12,0.27,22.5,5,0,0,1.8,1.8,0.07,+1.2,+1.2,Matches
178,Michael Estrada,ec ECU,"FW,MF",Toluca,23,1996,2.9,2,8,4,50.0,2.72,1.36,0.25,0.50,13.4,0,0,0,1.9,1.9,0.24,+0.1,+0.1,Matches
179,Cesar Falletti,uy URU,MF,Tijuana,26,1992,4.8,0,10,1,10.0,2.10,0.21,0.00,0.00,23.4,1,0,0,0.7,0.7,0.07,-0.7,-0.7,Matches
180,Carlos Felipe Rodríguez,mx MEX,GK,Atlético,30,1989,27.0,0,0,0,,0.00,0.00,,,,0,0,0,0.0,0.0,,0.0,0.0,Matches
181,Omar Fernández Frasica,co COL,"MF,FW",Puebla,26,1993,22.4,1,23,6,26.1,1.03,0.27,0.04,0.17,22.5,0,0,0,1.6,1.6,0.07,-0.6,-0.6,Matches
182,Leonardo Fernández,uy URU,"MF,FW",Toluca,20,1998,8.9,8,35,11,31.4,3.91,1.23,0.20,0.64,25.6,11,1,2,4.1,2.5,0.07,+3.9,+4.5,Matches
183,Mauro Fernández,ar ARG,"FW,MF",FC Juárez,30,1989,20.4,2,14,8,57.1,0.68,0.39,0.14,0.25,16.7,0,0,0,1.8,1.8,0.13,+0.2,+0.2,Matches
184,Luis Fernando Fuentes,mx MEX,DF,América,32,1986,8.7,2,5,4,80.0,0.57,0.46,0.40,0.50,12.5,0,0,0,1.1,1.1,0.23,+0.9,+0.9,Matches
185,Luis Fernando Fuentes,mx MEX,DF,Tijuana,32,1986,2.1,0,2,1,50.0,0.97,0.48,0.00,0.00,19.2,1,0,0,0.1,0.1,0.06,-0.1,-0.1,Matches
186,Luis Fernando León,ec ECU,DF,Atlético,26,1993,10.0,0,8,0,0.0,0.80,0.00,0.00,,23.7,2,0,0,0.3,0.3,0.04,-0.3,-0.3,Matches
187,Iván Fernando Ochoa,mx MEX,MF,León,22,1996,3.0,1,1,1,100.0,0.33,0.33,1.00,1.00,10.3,0,0,0,0.1,0.1,0.06,+0.9,+0.9,Matches
188,Luis Fernando Quintana,mx MEX,DF,UNAM,27,1992,22.3,2,12,5,41.7,0.54,0.22,0.17,0.40,11.1,0,0,0,1.7,1.7,0.14,+0.3,+0.3,Matches
189,Sebastián Ferreira,py PAR,"FW,MF",Morelia,21,1998,6.2,4,13,7,53.8,2.08,1.12,0.31,0.57,17.1,0,0,0,2.1,2.1,0.16,+1.9,+1.9,Matches
190,Brian Figueroa,mx MEX,"MF,FW",UNAM,20,1999,3.8,0,4,1,25.0,1.07,0.27,0.00,0.00,27.6,0,0,0,0.1,0.1,0.03,-0.1,-0.1,Matches
191,Edison Flores,pe PER,"FW,MF",Morelia,25,1994,12.4,4,27,12,44.4,2.18,0.97,0.15,0.33,20.2,0,0,0,2.2,2.2,0.08,+1.8,+1.8,Matches
192,Alexis Francisco Peña,mx MEX,DF,Necaxa,23,1996,4.2,0,2,0,0.0,0.47,0.00,0.00,,6.7,0,0,0,0.2,0.2,0.08,-0.2,-0.2,Matches
193,Nicolás Freire,ar ARG,DF,UNAM,25,1994,15.7,2,10,4,40.0,0.64,0.25,0.20,0.50,9.3,0,0,0,1.9,1.9,0.19,+0.1,+0.1,Matches
194,Raymundo Fulgencio,mx MEX,"FW,MF",Veracruz,19,2000,0.3,0,1,0,0.0,3.60,0.00,0.00,,32.6,0,0,0,0.0,0.0,0.05,0.0,0.0,Matches
195,Raymundo Fulgencio,mx MEX,"MF,FW",UANL,19,2000,4.1,0,5,3,60.0,1.21,0.72,0.00,0.00,17.2,0,0,0,0.2,0.2,0.05,-0.2,-0.2,Matches
196,Rogelio Funes Mori,mx MEX,FW,Monterrey,28,1991,24.8,12,80,29,36.3,3.23,1.17,0.15,0.41,14.3,0,0,0,13.3,13.3,0.17,-1.3,-1.3,Matches
197,Julio Furch,ar ARG,FW,Santos,30,1989,25.0,12,59,20,33.9,2.36,0.80,0.14,0.40,15.5,0,4,6,12.7,7.9,0.13,-0.7,+0.1,Matches
198,Luis Galicia,mx MEX,DF,Veracruz,19,2000,2.4,0,1,0,0.0,0.41,0.00,0.00,,13.0,0,0,0,0.0,0.0,0.05,0.0,0.0,Matches
199,Jesús Gallardo,mx MEX,"DF,MF",Monterrey,24,1994,24.7,4,56,16,28.6,2.27,0.65,0.07,0.25,18.0,3,0,0,5.6,5.6,0.10,-1.6,-1.6,Matches
200,Felipe Gallegos,cl CHI,MF,Atlético,27,1991,7.2,0,8,2,25.0,1.11,0.28,0.00,0.00,23.0,0,0,0,0.3,0.3,0.04,-0.3,-0.3,Matches
Rk,Player,Nation,Pos,Squad,Age,Born,90s,Gls,Sh,SoT,SoT%,Sh/90,SoT/90,G/Sh,G/SoT,Dist,FK,PK,PKatt,xG,npxG,npxG/Sh,G-xG,np:G-xG,Matches
201,Felipe Gallegos,cl CHI,MF,Necaxa,27,1991,12.9,2,10,3,30.0,0.77,0.23,0.20,0.67,26.3,1,0,0,0.4,0.4,0.04,+1.6,+1.6,Matches
202,Juan Gamboa,mx MEX,FW,Toluca,18,2001,0.4,0,0,0,,0.00,0.00,,,,0,0,0,0.0,0.0,,0.0,0.0,Matches
203,Edgar Games,mx MEX,"MF,FW",Santos,18,2001,3.3,1,4,2,50.0,1.22,0.61,0.25,0.50,19.6,0,0,0,0.2,0.2,0.05,+0.8,+0.8,Matches
204,Emiliano García,mx MEX,MF,Puebla,15,2003,0.0,0,0,0,,0.00,0.00,,,,0,0,0,0.0,0.0,,0.0,0.0,Matches
205,Emmanuel García,mx MEX,DF,Pachuca,29,1989,4.0,0,0,0,,0.00,0.00,,,,0,0,0,0.0,0.0,,0.0,0.0,Matches
206,Israel García,mx MEX,"FW,MF",América,19,1999,0.5,0,0,0,,0.00,0.00,,,,0,0,0,0.0,0.0,,0.0,0.0,Matches
207,Marco García,mx MEX,MF,UNAM,19,2000,5.0,1,6,1,16.7,1.20,0.20,0.17,1.00,23.0,0,0,0,0.2,0.2,0.04,+0.8,+0.8,Matches
208,Bryan Garnica,mx MEX,"MF,FW",Santos,23,1996,0.7,0,1,0,0.0,1.45,0.00,0.00,,13.4,0,0,0,0.0,0.0,0.04,0.0,0.0,Matches
209,Carlos Gerardo Rodríguez,mx MEX,DF,Puebla,34,1985,13.0,0,2,0,0.0,0.15,0.00,0.00,,21.3,0,0,0,0.1,0.1,0.03,-0.1,-0.1,Matches
210,Emmanuel Gigliotti,ar ARG,FW,Toluca,32,1987,14.1,6,32,11,34.4,2.27,0.78,0.19,0.55,17.5,1,0,0,3.8,3.8,0.12,+2.2,+2.2,Matches
211,André-Pierre Gignac,fr FRA,FW,UANL,33,1985,26.8,18,101,34,33.7,3.77,1.27,0.14,0.41,19.1,11,4,5,14.2,10.3,0.10,+3.8,+3.7,Matches
212,Santiago Giménez,mx MEX,FW,Cruz Azul,18,2001,7.0,2,13,5,38.5,1.85,0.71,0.15,0.40,14.8,0,0,0,2.1,2.1,0.16,-0.1,-0.1,Matches
213,Jesús Godínez,mx MEX,"FW,MF",León,22,1997,2.3,0,6,1,16.7,2.61,0.43,0.00,0.00,10.7,0,0,0,0.6,0.6,0.11,-0.6,-0.6,Matches
214,Alejandro Gómez,mx MEX,DF,Atlas,17,2002,0.8,0,0,0,,0.00,0.00,,,,0,0,0,0.0,0.0,,0.0,0.0,Matches
215,Josué Gómez,mx MEX,"MF,FW",Pachuca,20,1999,0.1,0,0,0,,0.00,0.00,,,,0,0,0,0.0,0.0,,0.0,0.0,Matches
216,Jaime Gómez Valencia,mx MEX,"DF,MF",Querétaro,26,1993,24.2,1,19,7,36.8,0.78,0.29,0.05,0.14,18.9,0,0,0,1.8,1.8,0.10,-0.8,-0.8,Matches
217,Abraham González,es ESP,MF,Veracruz,34,1985,10.7,0,12,2,16.7,1.12,0.19,0.00,0.00,24.3,0,0,0,0.9,0.9,0.07,-0.9,-0.9,Matches
218,Alfonso González,mx MEX,"MF,FW",Monterrey,24,1994,2.7,0,3,0,0.0,1.11,0.00,0.00,,16.0,0,0,0,0.2,0.2,0.05,-0.2,-0.2,Matches
219,Pablo González Díaz,mx MEX,"MF,DF",Puebla,27,1992,22.4,1,19,3,15.8,0.85,0.13,0.05,0.33,28.9,0,0,0,0.6,0.6,0.03,+0.4,+0.4,Matches
220,Hugo González Durán,mx MEX,GK,Necaxa,28,1990,24.1,0,0,0,,0.00,0.00,,,,0,0,0,0.0,0.0,,0.0,0.0,Matches
221,Carlos González Espínola,py PAR,FW,UNAM,26,1993,26.6,11,68,25,36.8,2.56,0.94,0.16,0.44,13.1,1,0,0,10.1,10.1,0.15,+0.9,+0.9,Matches
222,Ramiro González Hernández,ar ARG,DF,León,28,1990,11.2,0,2,0,0.0,0.18,0.00,0.00,,13.5,0,0,0,0.1,0.1,0.04,-0.1,-0.1,Matches
223,Jairo González,mx MEX,DF,Necaxa,27,1992,9.2,0,8,3,37.5,0.87,0.33,0.00,0.00,30.4,7,0,0,0.4,0.4,0.05,-0.4,-0.4,Matches
224,Jonathan González,mx MEX,MF,Monterrey,20,1999,4.4,0,1,0,0.0,0.23,0.00,0.00,,29.6,0,0,0,0.0,0.0,0.02,0.0,0.0,Matches
225,José González,mx MEX,DF,Guadalajara,20,1998,0.2,0,1,0,0.0,5.00,0.00,0.00,,7.8,0,0,0,0.1,0.1,0.06,-0.1,-0.1,Matches
Rk,Player,Nation,Pos,Squad,Age,Born,90s,Gls,Sh,SoT,SoT%,Sh/90,SoT/90,G/Sh,G/SoT,Dist,FK,PK,PKatt,xG,npxG,npxG/Sh,G-xG,np:G-xG,Matches
226,Ian Gonzalez Nieto,es ESP,FW,Atlético,26,1993,16.9,2,19,6,31.6,1.13,0.36,0.05,0.17,19.8,0,1,2,3.5,1.8,0.09,-1.5,-0.8,Matches
227,Leandro González Pirez,ar ARG,DF,Tijuana,27,1992,10.0,1,8,2,25.0,0.80,0.20,0.13,0.50,8.6,0,0,0,1.8,1.8,0.23,-0.8,-0.8,Matches
228,Sergio González,mx MEX,MF,Cruz Azul,21,1997,0.3,0,0,0,,0.00,0.00,,,,0,0,0,0.0,0.0,,0.0,0.0,Matches
229,Fernando Gorriarán,uy URU,MF,Santos,24,1994,25.6,0,43,8,18.6,1.68,0.31,0.00,0.00,24.5,0,0,0,3.9,3.9,0.09,-3.9,-3.9,Matches
230,Ismael Govea,mx MEX,DF,Atlas,22,1997,20.9,2,15,4,26.7,0.72,0.19,0.13,0.50,15.5,0,0,0,1.2,1.2,0.08,+0.8,+0.8,Matches
231,Raúl Gudiño,mx MEX,GK,Guadalajara,23,1996,4.0,0,0,0,,0.00,0.00,,,,0,0,0,0.0,0.0,,0.0,0.0,Matches
232,Javier Güemez,mx MEX,MF,Toluca,27,1991,7.6,1,9,2,22.2,1.19,0.26,0.11,0.50,29.4,0,0,0,0.3,0.3,0.03,+0.7,+0.7,Matches
233,Carlos Guerrero,mx MEX,MF,León,19,2000,1.0,0,0,0,,0.00,0.00,,,,0,0,0,0.0,0.0,,0.0,0.0,Matches
234,Alexis Gutiérrez,mx MEX,MF,Cruz Azul,19,2000,0.7,0,0,0,,0.00,0.00,,,,0,0,0,0.0,0.0,,0.0,0.0,Matches
235,Carlos Gutiérrez,mx MEX,"MF,FW",Atlético,20,1999,3.4,0,4,0,0.0,1.17,0.00,0.00,,25.4,0,0,0,0.1,0.1,0.03,-0.1,-0.1,Matches
236,Edson Gutiérrez,mx MEX,DF,Monterrey,23,1996,3.7,0,0,0,,0.00,0.00,,,,0,0,0,0.0,0.0,,0.0,0.0,Matches
237,Yosgart Gutiérrez,mx MEX,GK,Necaxa,38,1981,2.9,0,0,0,,0.00,0.00,,,,0,0,0,0.0,0.0,,0.0,0.0,Matches
238,Nahuel Guzmán,ar ARG,GK,UANL,33,1986,28.0,0,0,0,,0.00,0.00,,,,0,0,0,0.0,0.0,,0.0,0.0,Matches
239,Víctor Guzmán,mx MEX,"MF,FW",Pachuca,24,1995,17.0,6,60,19,31.7,3.53,1.12,0.10,0.32,19.1,2,0,0,5.3,5.3,0.09,+0.7,+0.7,Matches
240,Gabriel Hachen,ar ARG,"FW,MF",FC Juárez,28,1990,3.3,0,8,2,25.0,2.41,0.60,0.00,0.00,17.6,1,0,0,0.8,0.8,0.10,-0.8,-0.8,Matches
241,Jesús Henestrosa,mx MEX,"MF,FW",Veracruz,25,1994,3.0,0,4,1,25.0,1.31,0.33,0.00,0.00,18.2,0,0,0,0.6,0.6,0.16,-0.6,-0.6,Matches
242,Javier Hernández,mx MEX,FW,Toluca,19,2000,0.7,0,0,0,,0.00,0.00,,,,0,0,0,0.0,0.0,,0.0,0.0,Matches
243,Arelibetsiel Hernández,mx MEX,DF,Querétaro,24,1994,5.7,0,3,1,33.3,0.53,0.18,0.00,0.00,37.3,0,0,0,0.1,0.1,0.02,-0.1,-0.1,Matches
244,Diego Hernández,mx MEX,"FW,MF",Atlético,19,1999,3.2,0,4,1,25.0,1.26,0.31,0.00,0.00,12.6,0,0,0,0.5,0.5,0.11,-0.5,-0.5,Matches
245,Elías Hernández,mx MEX,"MF,FW",Cruz Azul,31,1988,16.4,5,56,21,37.5,3.41,1.28,0.09,0.24,23.9,5,0,1,3.9,3.2,0.06,+1.1,+1.8,Matches
246,Eduardo Herrera,mx MEX,FW,Necaxa,31,1988,3.1,1,5,2,40.0,1.60,0.64,0.20,0.50,13.2,0,0,0,0.6,0.6,0.12,+0.4,+0.4,Matches
247,Ozziel Herrera,mx MEX,FW,Atlas,18,2001,0.7,0,1,0,0.0,1.34,0.00,0.00,,5.5,0,0,0,0.1,0.1,0.15,-0.1,-0.1,Matches
248,Carlos Higuera,mx MEX,GK,Tijuana,18,2000,1.0,0,0,0,,0.00,0.00,,,,0,0,0,0.0,0.0,,0.0,0.0,Matches
249,César Huerta,mx MEX,"MF,FW",Morelia,18,2000,1.8,0,7,3,42.9,3.84,1.65,0.00,0.00,21.1,0,0,0,0.6,0.6,0.08,-0.6,-0.6,Matches
250,César Huerta,mx MEX,"FW,MF",Guadalajara,18,2000,1.2,0,3,2,66.7,2.52,1.68,0.00,0.00,21.1,0,0,0,0.2,0.2,0.06,-0.2,-0.2,Matches
Rk,Player,Nation,Pos,Squad,Age,Born,90s,Gls,Sh,SoT,SoT%,Sh/90,SoT/90,G/Sh,G/SoT,Dist,FK,PK,PKatt,xG,npxG,npxG/Sh,G-xG,np:G-xG,Matches
251,Avilés Hurtado,co COL,"MF,FW",Monterrey,32,1987,6.0,1,9,2,22.2,1.51,0.34,0.11,0.50,16.7,0,0,0,1.5,1.5,0.17,-0.5,-0.5,Matches
252,Nicolás Ibáñez,ar ARG,FW,Atlético,24,1994,25.5,14,82,30,36.6,3.21,1.18,0.15,0.40,15.8,1,2,4,13.8,10.6,0.13,+0.2,+1.4,Matches
253,Andrés Ibargüen,co COL,"MF,FW",América,27,1992,11.6,4,17,7,41.2,1.47,0.61,0.24,0.57,17.5,0,0,0,1.9,1.9,0.11,+2.1,+2.1,Matches
254,Renato Ibarra,ec ECU,"FW,MF",América,28,1991,16.6,3,35,13,37.1,2.11,0.78,0.09,0.23,23.1,2,0,0,2.7,2.7,0.08,+0.3,+0.3,Matches
255,Romario Ibarra,ec ECU,MF,Pachuca,24,1994,13.6,4,31,10,32.3,2.28,0.73,0.13,0.40,15.4,0,0,0,4.4,4.4,0.14,-0.4,-0.4,Matches
256,Juan Ignacio Dinenno,ar ARG,"FW,MF",UNAM,24,1994,3.7,4,15,7,46.7,4.07,1.90,0.27,0.57,15.3,0,0,0,1.8,1.8,0.12,+2.2,+2.2,Matches
257,Juan Ignacio González,mx MEX,DF,León,35,1984,2.4,0,0,0,,0.00,0.00,,,,0,0,0,0.0,0.0,,0.0,0.0,Matches
258,Federico Illanes,ar ARG,"DF,MF",Veracruz,25,1994,0.9,0,0,0,,0.00,0.00,,,,0,0,0,0.0,0.0,,0.0,0.0,Matches
259,Andrés Iniestra,mx MEX,MF,UNAM,23,1996,27.0,2,18,2,11.1,0.67,0.07,0.11,1.00,22.0,0,0,0,1.0,1.0,0.05,+1.0,+1.0,Matches
260,Gaspar Iñíguez,ar ARG,MF,Veracruz,25,1994,9.0,0,9,1,11.1,1.00,0.11,0.00,0.00,32.3,3,0,0,0.3,0.3,0.03,-0.3,-0.3,Matches
261,Jefferson Intriago,ec ECU,MF,FC Juárez,23,1996,22.9,1,23,5,21.7,1.00,0.22,0.04,0.20,27.2,10,0,0,1.1,1.1,0.05,-0.1,-0.1,Matches
262,Hugo Isaác Rodríguez,mx MEX,DF,Santos,29,1990,19.0,2,9,3,33.3,0.47,0.16,0.22,0.67,8.5,0,0,0,1.2,1.2,0.13,+0.8,+0.8,Matches
263,Mauricio Isais,mx MEX,FW,León,18,2001,0.3,0,0,0,,0.00,0.00,,,,0,0,0,0.0,0.0,,0.0,0.0,Matches
264,Jesús Isijara,mx MEX,"FW,MF",Atlas,29,1989,18.0,3,28,9,32.1,1.55,0.50,0.11,0.33,18.8,2,0,0,3.4,3.4,0.12,-0.4,-0.4,Matches
265,Omar Israel Mendoza,mx MEX,DF,Tijuana,30,1988,12.7,0,6,1,16.7,0.47,0.08,0.00,0.00,14.2,0,0,0,0.5,0.5,0.08,-0.5,-0.5,Matches
266,Juan Iturbe,py PAR,MF,Pachuca,26,1993,1.4,0,3,2,66.7,2.14,1.43,0.00,0.00,23.4,1,0,0,0.1,0.1,0.05,-0.1,-0.1,Matches
267,Juan Iturbe,py PAR,"FW,MF",UNAM,26,1993,8.7,2,44,11,25.0,5.06,1.27,0.05,0.18,28.3,4,0,0,1.8,1.8,0.04,+0.2,+0.2,Matches
268,José Iván Rodríguez,mx MEX,MF,León,23,1996,8.8,0,4,0,0.0,0.45,0.00,0.00,,32.1,0,0,0,0.1,0.1,0.03,-0.1,-0.1,Matches
269,Vincent Janssen,nl NED,"FW,MF",Monterrey,25,1994,7.9,2,22,7,31.8,2.79,0.89,0.09,0.29,16.2,1,0,0,4.0,4.0,0.18,-2.0,-2.0,Matches
270,Pablo Jáquez,mx MEX,DF,UNAM,23,1995,7.3,0,2,0,0.0,0.27,0.00,0.00,,21.4,0,0,0,0.1,0.1,0.05,-0.1,-0.1,Matches
271,Franco Jara,ar ARG,FW,Pachuca,31,1988,22.4,15,66,25,37.9,2.95,1.12,0.11,0.28,18.0,0,8,9,15.2,8.5,0.13,-0.2,-1.5,Matches
272,Gonzalo Jara,cl CHI,DF,Morelia,33,1985,6.0,0,0,0,,0.00,0.00,,,,0,0,0,0.0,0.0,,0.0,0.0,Matches
273,Ricardo Javier Cruz,mx MEX,"DF,MF",Toluca,21,1997,1.0,0,0,0,,0.00,0.00,,,,0,0,0,0.0,0.0,,0.0,0.0,Matches
274,Rodrigo Javier Noya,ar ARG,DF,Necaxa,29,1990,20.9,2,13,4,30.8,0.62,0.19,0.15,0.50,10.7,0,0,0,1.6,1.6,0.12,+0.4,+0.4,Matches
275,Ignacio Jeraldino,cl CHI,FW,Atlas,23,1995,8.6,2,11,6,54.5,1.28,0.70,0.09,0.17,16.4,0,1,2,4.0,2.4,0.22,-2.0,-1.4,Matches
Rk,Player,Nation,Pos,Squad,Age,Born,90s,Gls,Sh,SoT,SoT%,Sh/90,SoT/90,G/Sh,G/SoT,Dist,FK,PK,PKatt,xG,npxG,npxG/Sh,G-xG,np:G-xG,Matches
276,Antonio de Jesús López,gt GUA,DF,América,22,1997,5.8,0,3,2,66.7,0.52,0.35,0.00,0.00,28.8,0,0,0,0.1,0.1,0.04,-0.1,-0.1,Matches
277,Israel Jiménez,mx MEX,DF,FC Juárez,29,1989,26.7,0,8,2,25.0,0.30,0.07,0.00,0.00,26.4,1,0,0,0.3,0.3,0.03,-0.3,-0.3,Matches
278,Jaiber Jiménez,mx MEX,DF,Cruz Azul,24,1995,0.7,0,0,0,,0.00,0.00,,,,0,0,0,0.0,0.0,,0.0,0.0,Matches
279,Leiton Jiménez,co COL,DF,Veracruz,30,1989,1.2,0,1,0,0.0,0.83,0.00,0.00,,9.9,0,0,0,0.1,0.1,0.06,-0.1,-0.1,Matches
280,Oscar Jiménez,mx MEX,GK,América,30,1988,3.0,0,0,0,,0.00,0.00,,,,0,0,0,0.0,0.0,,0.0,0.0,Matches
281,José Joaquín Esquivel,mx MEX,MF,FC Juárez,21,1998,19.8,1,8,2,25.0,0.40,0.10,0.13,0.50,30.1,0,0,0,0.3,0.3,0.03,+0.7,+0.7,Matches
282,José Joaquín Martínez,mx MEX,DF,Morelia,32,1987,21.9,1,7,1,14.3,0.32,0.05,0.14,1.00,18.4,0,0,0,0.6,0.6,0.08,+0.4,+0.4,Matches
283,Juan José Sánchez,mx MEX,DF,UANL,21,1998,2.4,0,0,0,,0.00,0.00,,,,0,0,0,0.0,0.0,,0.0,0.0,Matches
284,Alberto Joshimar Acosta,mx MEX,DF,FC Juárez,31,1988,13.4,0,4,1,25.0,0.30,0.07,0.00,0.00,36.8,0,0,0,0.1,0.1,0.02,-0.1,-0.1,Matches
285,José Juan Macías,mx MEX,FW,Guadalajara,19,1999,6.8,4,25,8,32.0,3.65,1.17,0.16,0.50,16.0,1,0,0,2.6,2.6,0.11,+1.4,+1.4,Matches
286,José Juan Macías,mx MEX,FW,León,19,1999,15.6,8,38,17,44.7,2.44,1.09,0.11,0.24,17.7,0,4,4,6.4,3.3,0.09,+1.6,+0.7,Matches
287,José Juan Vázquez,mx MEX,"MF,FW",Santos,31,1988,1.9,0,1,0,0.0,0.54,0.00,0.00,,23.3,0,0,0,0.1,0.1,0.05,-0.1,-0.1,Matches
288,José Juan Vázquez,mx MEX,MF,Guadalajara,31,1988,1.1,0,0,0,,0.00,0.00,,,,0,0,0,0.0,0.0,,0.0,0.0,Matches
289,Ramón Juárez,mx MEX,DF,América,18,2001,1.7,0,0,0,,0.00,0.00,,,,0,0,0,0.0,0.0,,0.0,0.0,Matches
290,Anderson Julio,ec ECU,"FW,MF",Atlético,23,1996,3.6,0,7,2,28.6,1.93,0.55,0.00,0.00,19.9,0,0,0,0.8,0.8,0.12,-0.8,-0.8,Matches
291,Elson José Dias Júnior,br BRA,MF,FC Juárez,28,1991,5.6,0,5,3,60.0,0.90,0.54,0.00,0.00,16.6,0,0,0,0.3,0.3,0.06,-0.3,-0.3,Matches
292,Sebastián Jurado,mx MEX,GK,Veracruz,21,1997,18.0,0,0,0,,0.00,0.00,,,,0,0,0,0.0,0.0,,0.0,0.0,Matches
293,Colin Kazim-Richards,tr TUR,FW,Pachuca,32,1986,6.2,2,14,6,42.9,2.25,0.97,0.14,0.33,16.5,0,0,0,2.0,2.0,0.14,0.0,0.0,Matches
294,Colin Kazim-Richards,tr TUR,FW,Veracruz,32,1986,6.3,4,13,7,53.8,2.06,1.11,0.31,0.57,11.5,0,0,1,4.7,3.9,0.30,-0.7,+0.1,Matches
295,Lampros Kontogiannis,mx MEX,DF,Veracruz,30,1988,10.7,0,4,1,25.0,0.37,0.09,0.00,0.00,15.4,0,0,0,0.2,0.2,0.05,-0.2,-0.2,Matches
296,Matías Kranevitter,ar ARG,MF,Monterrey,26,1993,2.9,0,3,0,0.0,1.04,0.00,0.00,,24.0,0,0,0,0.1,0.1,0.04,-0.1,-0.1,Matches
297,Daniel Kuri,lb LIB,"FW,MF",Puebla,20,1999,1.0,0,3,1,33.3,3.00,1.00,0.00,0.00,26.0,0,0,0,0.1,0.1,0.04,-0.1,-0.1,Matches
298,Roberto de la Rosa,mx MEX,"FW,MF",Pachuca,19,2000,4.1,2,11,4,36.4,2.71,0.99,0.18,0.50,11.4,0,0,0,2.2,2.2,0.20,-0.2,-0.2,Matches
299,Jonathan Lacerda,uy URU,DF,FC Juárez,32,1987,11.6,0,3,1,33.3,0.26,0.09,0.00,0.00,8.3,0,0,0,0.6,0.6,0.18,-0.6,-0.6,Matches
300,Mauro Laínez,mx MEX,"MF,DF",Tijuana,23,1996,16.6,3,24,6,25.0,1.45,0.36,0.13,0.50,20.5,0,0,0,1.2,1.2,0.05,+1.8,+1.8,Matches
Rk,Player,Nation,Pos,Squad,Age,Born,90s,Gls,Sh,SoT,SoT%,Sh/90,SoT/90,G/Sh,G/SoT,Dist,FK,PK,PKatt,xG,npxG,npxG/Sh,G-xG,np:G-xG,Matches
301,Gibran Lajud,mx MEX,GK,Tijuana,25,1993,27.0,0,0,0,,0.00,0.00,,,,0,0,0,0.0,0.0,,0.0,0.0,Matches
302,Joaquín Laso,ar ARG,DF,Atlético,29,1990,10.5,0,7,2,28.6,0.67,0.19,0.00,0.00,11.6,0,0,0,0.7,0.7,0.10,-0.7,-0.7,Matches
303,Miguel Layún,mx MEX,"DF,MF",Monterrey,31,1988,22.0,3,52,15,28.8,2.36,0.68,0.06,0.20,25.2,15,0,0,2.7,2.7,0.05,+0.3,+0.3,Matches
304,Yerko Leiva,cl CHI,"FW,MF",Necaxa,21,1998,1.8,0,1,0,0.0,0.54,0.00,0.00,,26.2,0,0,0,0.0,0.0,0.03,0.0,0.0,Matches
305,Armando León,mx MEX,FW,León,19,2000,2.0,1,4,1,25.0,2.01,0.50,0.25,1.00,9.7,0,0,0,1.3,1.3,0.31,-0.3,-0.3,Matches
306,Giovanny León,mx MEX,"MF,FW",Toluca,19,2000,7.8,0,6,3,50.0,0.76,0.38,0.00,0.00,24.5,0,0,0,0.2,0.2,0.04,-0.2,-0.2,Matches
307,Dario Lezcano,py PAR,FW,FC Juárez,29,1990,24.1,12,63,23,36.5,2.62,0.96,0.16,0.43,17.0,3,2,2,9.7,8.1,0.13,+2.3,+1.9,Matches
308,Gastón Lezcano,ar ARG,"MF,FW",Morelia,32,1986,8.5,2,12,7,58.3,1.41,0.82,0.17,0.29,22.9,1,0,0,1.8,1.8,0.15,+0.2,+0.2,Matches
309,Igor Lichnovsky,cl CHI,"DF,MF",Cruz Azul,25,1994,14.2,1,11,3,27.3,0.77,0.21,0.09,0.33,12.5,0,0,0,0.9,0.9,0.08,+0.1,+0.1,Matches
310,Emanuel Loeschbor,ar ARG,DF,Morelia,32,1986,1.0,0,0,0,,0.00,0.00,,,,0,0,0,0.0,0.0,,0.0,0.0,Matches
311,Aldo López,mx MEX,MF,Atlas,19,2000,0.1,0,0,0,,0.00,0.00,,,,0,0,0,0.0,0.0,,0.0,0.0,Matches
312,Raúl López Gómez,mx MEX,DF,Pachuca,26,1993,18.2,1,13,7,53.8,0.71,0.38,0.08,0.14,23.7,2,0,0,1.9,1.9,0.14,-0.9,-0.9,Matches
313,José López,mx MEX,"FW,MF",América,19,1999,0.5,1,2,2,100.0,3.83,3.83,0.50,0.50,12.9,0,0,0,0.2,0.2,0.08,+0.8,+0.8,Matches
314,Leobardo López,mx MEX,DF,Veracruz,35,1983,14.3,0,9,2,22.2,0.63,0.14,0.00,0.00,10.5,0,0,0,0.8,0.8,0.09,-0.8,-0.8,Matches
315,Leonel López,mx MEX,"MF,FW",América,25,1994,2.6,0,2,0,0.0,0.77,0.00,0.00,,25.5,0,0,0,0.1,0.1,0.03,-0.1,-0.1,Matches
316,Leonel López,mx MEX,MF,UNAM,25,1994,1.9,0,1,0,0.0,0.53,0.00,0.00,,25.4,0,0,0,0.0,0.0,0.02,0.0,0.0,Matches
317,Luis López,mx MEX,DF,FC Juárez,25,1993,4.9,0,1,0,0.0,0.21,0.00,0.00,,29.3,0,0,0,0.0,0.0,0.03,0.0,0.0,Matches
318,Nicolás López,uy URU,MF,UANL,25,1993,2.9,0,6,2,33.3,2.06,0.69,0.00,0.00,23.2,0,0,0,0.4,0.4,0.07,-0.4,-0.4,Matches
319,Rodrigo López,us USA,MF,Veracruz,32,1987,0.8,0,0,0,,0.00,0.00,,,,0,0,0,0.0,0.0,,0.0,0.0,Matches
320,Vladimir Loroña,mx MEX,DF,Tijuana,20,1998,15.7,1,5,1,20.0,0.32,0.06,0.20,1.00,21.0,0,0,0,0.2,0.2,0.05,+0.8,+0.8,Matches
321,Adrián Lozano,mx MEX,"FW,MF",Santos,20,1999,10.2,2,34,10,29.4,3.33,0.98,0.06,0.20,24.9,5,0,0,2.9,2.9,0.08,-0.9,-0.9,Matches
322,Brian Lozano,uy URU,"MF,FW",Santos,25,1994,25.8,12,87,33,37.9,3.37,1.28,0.10,0.27,23.4,20,3,3,10.7,8.4,0.11,+1.3,+0.6,Matches
323,Luis Lozoya,mx MEX,"DF,MF",Veracruz,26,1993,11.0,0,4,1,25.0,0.36,0.09,0.00,0.00,17.4,0,0,0,0.2,0.2,0.05,-0.2,-0.2,Matches
324,Jeison Lucumí,co COL,"MF,FW",Querétaro,24,1995,12.4,3,18,7,38.9,1.45,0.56,0.11,0.29,21.9,3,1,1,3.5,2.8,0.15,-0.5,-0.8,Matches
325,Mario de Luna,mx MEX,DF,Atlético,31,1988,2.8,0,1,0,0.0,0.35,0.00,0.00,,9.9,0,0,0,0.1,0.1,0.05,-0.1,-0.1,Matches
Rk,Player,Nation,Pos,Squad,Age,Born,90s,Gls,Sh,SoT,SoT%,Sh/90,SoT/90,G/Sh,G/SoT,Dist,FK,PK,PKatt,xG,npxG,npxG/Sh,G-xG,np:G-xG,Matches
326,Oscar Macías,mx MEX,MF,Atlético,21,1998,8.4,1,10,5,50.0,1.19,0.59,0.10,0.20,31.7,3,0,0,0.3,0.3,0.03,+0.7,+0.7,Matches
327,Fernando Madrigal,mx MEX,MF,Atlético,27,1991,1.2,0,2,0,0.0,1.70,0.00,0.00,,32.3,0,0,0,0.1,0.1,0.03,-0.1,-0.1,Matches
328,Luis Madrigal,mx MEX,"FW,MF",Necaxa,26,1993,1.5,0,6,1,16.7,4.03,0.67,0.00,0.00,13.6,0,0,0,0.3,0.3,0.05,-0.3,-0.3,Matches
329,José Madueña,mx MEX,DF,Cruz Azul,29,1990,4.8,0,3,0,0.0,0.62,0.00,0.00,,25.5,0,0,0,0.1,0.1,0.03,-0.1,-0.1,Matches
330,José Madueña,mx MEX,DF,Guadalajara,29,1990,2.3,0,1,0,0.0,0.44,0.00,0.00,,13.4,0,0,0,0.1,0.1,0.07,-0.1,-0.1,Matches
331,Jonatan Maidana,ar ARG,DF,Toluca,34,1985,20.5,2,13,5,38.5,0.63,0.24,0.15,0.40,13.0,0,0,0,1.3,1.3,0.10,+0.7,+0.7,Matches
332,Víctor Malcorra,ar ARG,"MF,FW",UNAM,32,1987,20.6,2,33,7,21.2,1.60,0.34,0.06,0.29,23.1,6,0,1,3.6,2.8,0.09,-1.6,-0.8,Matches
333,Federico Mancuello,ar ARG,MF,Toluca,30,1989,8.1,0,12,3,25.0,1.49,0.37,0.00,0.00,28.3,2,0,0,0.5,0.5,0.04,-0.5,-0.5,Matches
334,Salvador Manríquez,mx MEX,DF,Querétaro,19,2000,0.6,0,0,0,,0.00,0.00,,,,0,0,0,0.0,0.0,,0.0,0.0,Matches
335,Javier Marcelo Correa,ar ARG,FW,Atlas,26,1992,12.6,3,41,13,31.7,3.26,1.03,0.07,0.23,17.0,4,0,0,3.2,3.2,0.08,-0.2,-0.2,Matches
336,Agustín Marchesín,ar ARG,GK,América,31,1988,2.0,0,0,0,,0.00,0.00,,,,0,0,0,0.0,0.0,,0.0,0.0,Matches
337,José María Basanta,ar ARG,DF,Monterrey,35,1984,3.7,0,1,0,0.0,0.27,0.00,0.00,,5.1,0,0,0,0.7,0.7,0.67,-0.7,-0.7,Matches
338,Mario,es ESP,"DF,MF",Atlético,37,1982,12.4,0,2,0,0.0,0.16,0.00,0.00,,32.2,0,0,0,0.0,0.0,0.02,0.0,0.0,Matches
339,Jeremy Márquez,mx MEX,MF,Atlas,19,2000,8.0,1,13,6,46.2,1.62,0.75,0.08,0.17,20.2,0,0,0,1.3,1.3,0.10,-0.3,-0.3,Matches
340,Christian Marrugo,co COL,MF,Puebla,34,1985,15.3,2,8,4,50.0,0.52,0.26,0.13,0.25,21.6,1,1,1,2.1,1.3,0.16,-0.1,-0.3,Matches
341,Henry Martín,mx MEX,FW,América,26,1992,15.7,10,37,21,56.8,2.35,1.34,0.27,0.48,13.4,0,0,0,5.6,5.6,0.15,+4.4,+4.4,Matches
342,Juan Martínez,mx MEX,DF,UANL,20,1999,3.1,0,1,0,0.0,0.32,0.00,0.00,,22.9,0,0,0,0.0,0.0,0.04,0.0,0.0,Matches
343,Luis Ernesto Pérez Martínez,mx MEX,MF,Necaxa,30,1989,0.4,0,0,0,,0.00,0.00,,,,0,0,0,0.0,0.0,,0.0,0.0,Matches
344,Osvaldo Martínez,py PAR,"MF,FW",Puebla,33,1986,7.6,1,14,6,42.9,1.85,0.79,0.07,0.17,25.4,4,0,1,1.5,0.7,0.05,-0.5,+0.3,Matches
345,Osvaldo Martínez,py PAR,MF,Atlas,33,1986,17.5,2,39,11,28.2,2.23,0.63,0.00,0.00,29.0,11,2,2,3.2,1.6,0.04,-1.2,-1.6,Matches
346,Roger Martínez,co COL,"FW,MF",América,25,1994,15.6,2,42,12,28.6,2.69,0.77,0.05,0.17,17.9,0,0,1,4.5,3.7,0.09,-2.5,-1.7,Matches
347,Román Martínez,mx MEX,FW,América,16,2002,0.6,0,2,1,50.0,3.27,1.64,0.00,0.00,14.2,0,0,0,0.1,0.1,0.05,-0.1,-0.1,Matches
348,Guillermo Matías Fernández,ar ARG,MF,Cruz Azul,27,1991,5.5,0,9,3,33.3,1.64,0.55,0.00,0.00,27.3,0,0,0,0.4,0.4,0.04,-0.4,-0.4,Matches
349,Noé Maya,mx MEX,MF,Atlético,34,1985,8.4,0,8,1,12.5,0.96,0.12,0.00,0.00,31.9,0,0,0,0.2,0.2,0.03,-0.2,-0.2,Matches
350,Camilo Mayada,uy URU,"MF,DF",Atlético,28,1991,24.7,0,19,1,5.3,0.77,0.04,0.00,0.00,29.9,0,0,0,0.6,0.6,0.03,-0.6,-0.6,Matches
Rk,Player,Nation,Pos,Squad,Age,Born,90s,Gls,Sh,SoT,SoT%,Sh/90,SoT/90,G/Sh,G/SoT,Dist,FK,PK,PKatt,xG,npxG,npxG/Sh,G-xG,np:G-xG,Matches
351,Alejandro Mayorga,mx MEX,DF,Guadalajara,22,1997,3.5,0,3,0,0.0,0.86,0.00,0.00,,30.9,0,0,0,0.1,0.1,0.03,-0.1,-0.1,Matches
352,Alejandro Mayorga,mx MEX,DF,UNAM,22,1997,9.0,0,2,0,0.0,0.22,0.00,0.00,,35.2,0,0,0,0.0,0.0,0.02,0.0,0.0,Matches
353,Alan Medina,mx MEX,"MF,FW",Toluca,21,1997,5.0,1,8,1,12.5,1.61,0.20,0.13,1.00,21.4,0,0,0,0.7,0.7,0.09,+0.3,+0.3,Matches
354,Paolo Medina,mx MEX,DF,Morelia,20,1999,1.2,0,0,0,,0.00,0.00,,,,0,0,0,0.0,0.0,,0.0,0.0,Matches
355,Stefan Medina,co COL,DF,Monterrey,27,1992,25.9,0,13,1,7.7,0.50,0.04,0.00,0.00,15.9,0,0,0,0.9,0.9,0.07,-0.9,-0.9,Matches
356,Ángel Mena,ec ECU,"FW,MF",León,31,1988,23.8,15,40,25,62.5,1.68,1.05,0.25,0.40,18.7,1,5,6,11.6,6.8,0.17,+3.4,+3.2,Matches
357,Édgar Méndez,es ESP,"FW,MF",Cruz Azul,29,1990,6.3,0,14,3,21.4,2.23,0.48,0.00,0.00,18.4,0,0,0,1.2,1.2,0.09,-1.2,-1.2,Matches
358,William Mendieta,py PAR,"MF,FW",FC Juárez,30,1989,3.0,0,4,1,25.0,1.34,0.33,0.00,0.00,16.2,1,0,0,1.0,1.0,0.25,-1.0,-1.0,Matches
359,Alan Mendoza,mx MEX,DF,UNAM,25,1993,3.9,0,8,0,0.0,2.03,0.00,0.00,,29.6,1,0,0,0.2,0.2,0.03,-0.2,-0.2,Matches
360,Bryan Mendoza,mx MEX,"FW,MF",UNAM,21,1997,4.9,2,12,3,25.0,2.43,0.61,0.17,0.67,19.3,1,0,0,1.3,1.3,0.11,+0.7,+0.7,Matches
361,Cristian Menéndez,ar ARG,FW,Veracruz,31,1988,5.2,1,10,3,30.0,1.93,0.58,0.10,0.33,12.6,0,0,0,0.6,0.6,0.06,+0.4,+0.4,Matches
362,Cristian Menéndez,ar ARG,"FW,MF",Puebla,31,1988,2.9,2,3,2,66.7,1.04,0.69,0.67,1.00,5.4,0,0,0,1.2,1.2,0.42,+0.8,+0.8,Matches
363,Jean Meneses,cl CHI,"MF,FW",León,26,1993,25.8,7,42,19,45.2,1.63,0.74,0.17,0.37,20.0,0,0,0,3.6,3.6,0.09,+3.4,+3.4,Matches
364,Jérémy Ménez,fr FRA,FW,América,32,1987,0.2,0,0,0,,0.00,0.00,,,,0,0,0,0.0,0.0,,0.0,0.0,Matches
365,Roberto Meraz,mx MEX,FW,Morelia,19,1999,0.1,0,0,0,,0.00,0.00,,,,0,0,0,0.0,0.0,,0.0,0.0,Matches
366,Kevin Mercado,ec ECU,"MF,FW",Necaxa,24,1995,7.8,0,8,4,50.0,1.02,0.51,0.00,0.00,16.4,1,0,0,0.4,0.4,0.05,-0.4,-0.4,Matches
367,Fernando Meza,ar ARG,"DF,MF",Necaxa,29,1990,14.5,0,5,0,0.0,0.35,0.00,0.00,,15.1,0,0,0,0.2,0.2,0.05,-0.2,-0.2,Matches
368,Francisco Meza,co COL,DF,UANL,27,1991,4.0,0,1,1,100.0,0.25,0.25,0.00,0.00,10.6,0,0,0,0.1,0.1,0.08,-0.1,-0.1,Matches
369,Maximiliano Meza,ar ARG,"MF,FW",Monterrey,26,1992,17.5,1,29,12,41.4,1.66,0.69,0.03,0.08,18.0,1,0,0,2.3,2.3,0.08,-1.3,-1.3,Matches
370,Hiram Mier,mx MEX,DF,Guadalajara,29,1989,17.5,0,5,2,40.0,0.29,0.11,0.00,0.00,10.0,0,0,0,0.3,0.3,0.06,-0.3,-0.3,Matches
371,Luis Miguel Noriega,mx MEX,MF,Puebla,34,1985,0.1,0,0,0,,0.00,0.00,,,,0,0,0,0.0,0.0,,0.0,0.0,Matches
372,Oscar Millán,mx MEX,"MF,FW",Toluca,18,2001,1.3,0,1,0,0.0,0.78,0.00,0.00,,21.6,0,0,0,0.0,0.0,0.04,0.0,0.0,Matches
373,Rodrigo Millar,cl CHI,MF,Morelia,37,1981,15.1,1,13,5,38.5,0.86,0.33,0.08,0.20,17.2,0,0,0,0.6,0.6,0.05,+0.4,+0.4,Matches
374,Leonel Miranda,ar ARG,MF,Tijuana,25,1994,15.8,3,14,3,21.4,0.89,0.19,0.07,0.33,29.1,0,2,2,2.0,0.5,0.03,+1.0,+0.5,Matches
375,Jesús Molina,mx MEX,MF,Guadalajara,31,1988,26.5,3,26,9,34.6,0.98,0.34,0.12,0.33,15.3,0,0,0,2.4,2.4,0.10,+0.6,+0.6,Matches
Rk,Player,Nation,Pos,Squad,Age,Born,90s,Gls,Sh,SoT,SoT%,Sh/90,SoT/90,G/Sh,G/SoT,Dist,FK,PK,PKatt,xG,npxG,npxG/Sh,G-xG,np:G-xG,Matches
376,César Montes,mx MEX,DF,Monterrey,22,1997,15.1,1,17,5,29.4,1.13,0.33,0.06,0.20,10.3,0,0,0,1.6,1.6,0.10,-0.6,-0.6,Matches
377,Luis Montes,mx MEX,MF,León,33,1986,20.4,5,34,13,38.2,1.66,0.64,0.15,0.38,23.0,5,0,0,3.0,3.0,0.09,+2.0,+2.0,Matches
378,Adrián Mora,mx MEX,DF,Toluca,21,1997,15.8,0,7,4,57.1,0.44,0.25,0.00,0.00,14.8,0,0,0,0.6,0.6,0.09,-0.6,-0.6,Matches
379,Felipe Mora,cl CHI,"FW,MF",UNAM,25,1993,6.3,1,13,3,23.1,2.05,0.47,0.08,0.33,12.1,0,0,0,2.1,2.1,0.16,-1.1,-1.1,Matches
380,Víctor Mora,mx MEX,DF,Pachuca,19,2000,2.6,0,5,2,40.0,1.91,0.77,0.00,0.00,22.9,0,0,0,0.2,0.2,0.04,-0.2,-0.2,Matches
381,Yairo Moreno,co COL,"DF,MF",León,24,1995,21.9,3,35,13,37.1,1.60,0.59,0.09,0.23,24.7,4,0,0,2.0,2.0,0.06,+1.0,+1.0,Matches
382,Andrés Mosquera Guardia,co COL,DF,León,29,1990,9.6,0,2,0,0.0,0.21,0.00,0.00,,7.9,0,0,0,0.3,0.3,0.13,-0.3,-0.3,Matches
383,Alan Mozo,mx MEX,DF,UNAM,22,1997,26.9,0,25,4,16.0,0.93,0.15,0.00,0.00,24.4,0,0,0,1.1,1.1,0.04,-1.1,-1.1,Matches
384,Óscar Murillo,co COL,DF,Pachuca,31,1988,26.0,1,16,5,31.3,0.62,0.19,0.06,0.20,11.7,0,0,0,1.2,1.2,0.07,-0.2,-0.2,Matches
385,Ariel Nahuelpán,ar ARG,FW,Tijuana,31,1987,13.4,6,48,15,31.3,3.59,1.12,0.13,0.40,17.4,0,0,1,5.5,4.7,0.10,+0.5,+1.3,Matches
386,Ariel Nahuelpán,ar ARG,FW,Querétaro,31,1987,7.2,5,27,11,40.7,3.75,1.53,0.19,0.45,19.3,1,0,0,2.1,2.1,0.08,+2.9,+2.9,Matches
387,Antonio Nava,mx MEX,MF,Tijuana,19,1999,0.3,0,0,0,,0.00,0.00,,,,0,0,0,0.0,0.0,,0.0,0.0,Matches
388,Antonio Nava,mx MEX,MF,Querétaro,19,1999,1.0,0,0,0,,0.00,0.00,,,,0,0,0,0.0,0.0,,0.0,0.0,Matches
389,Diego Nava,mx MEX,DF,Atlético,19,2000,0.7,0,0,0,,0.00,0.00,,,,0,0,0,0.0,0.0,,0.0,0.0,Matches
390,Fernando Navarro Morán,mx MEX,DF,León,30,1989,23.7,1,19,2,10.5,0.80,0.08,0.05,0.50,18.8,3,0,0,1.6,1.6,0.09,-0.6,-0.6,Matches
391,Hugo Nervo,ar ARG,DF,Atlas,28,1991,25.4,0,6,0,0.0,0.24,0.00,0.00,,14.2,0,0,0,0.4,0.4,0.06,-0.4,-0.4,Matches
392,Francisco Nevarez,mx MEX,FW,FC Juárez,18,2000,0.0,0,0,0,,0.00,0.00,,,,0,0,0,0.0,0.0,,0.0,0.0,Matches
393,Joaquín Noy,uy URU,MF,FC Juárez,26,1992,1.8,0,0,0,,0.00,0.00,,,,0,0,0,0.0,0.0,,0.0,0.0,Matches
394,Guillermo Ochoa,mx MEX,GK,América,34,1985,23.0,0,0,0,,0.00,0.00,,,,0,0,0,0.0,0.0,,0.0,0.0,Matches
395,Jesús Ochoa,mx MEX,DF,Necaxa,19,2000,0.0,0,1,0,0.0,90.00,0.00,0.00,,31.0,0,0,0,0.0,0.0,0.03,0.0,0.0,Matches
396,Maximiliano Olivera,uy URU,DF,FC Juárez,27,1992,5.2,1,4,2,50.0,0.77,0.38,0.25,0.50,21.1,1,0,0,0.5,0.5,0.12,+0.5,+0.5,Matches
397,Jefferson Orejuela,ec ECU,MF,Querétaro,26,1993,2.6,0,0,0,,0.00,0.00,,,,0,0,0,0.0,0.0,,0.0,0.0,Matches
398,Santiago Ormeño,pe PER,FW,Puebla,25,1994,0.6,0,1,1,100.0,1.61,1.61,0.00,0.00,7.4,0,0,0,0.1,0.1,0.10,-0.1,-0.1,Matches
399,Efraín Orona,mx MEX,MF,Pachuca,20,1999,1.3,0,1,0,0.0,0.74,0.00,0.00,,26.9,0,0,0,0.0,0.0,0.03,0.0,0.0,Matches
400,Jonathan Orozco,mx MEX,GK,Santos,33,1986,25.0,0,0,0,,0.00,0.00,,,,0,0,0,0.0,0.0,,0.0,0.0,Matches
Rk,Player,Nation,Pos,Squad,Age,Born,90s,Gls,Sh,SoT,SoT%,Sh/90,SoT/90,G/Sh,G/SoT,Dist,FK,PK,PKatt,xG,npxG,npxG/Sh,G-xG,np:G-xG,Matches
401,Carlos Orrantía,mx MEX,"DF,MF",Santos,28,1991,21.2,1,10,3,30.0,0.47,0.14,0.10,0.33,15.0,0,0,0,1.5,1.5,0.15,-0.5,-0.5,Matches
402,Haret Ortega,mx MEX,DF,América,19,2000,2.0,0,0,0,,0.00,0.00,,,,0,0,0,0.0,0.0,,0.0,0.0,Matches
403,Celso Ortiz,py PAR,MF,Monterrey,30,1989,25.0,0,10,3,30.0,0.40,0.12,0.00,0.00,29.7,0,0,0,0.3,0.3,0.03,-0.3,-0.3,Matches
404,José Ortiz,co COL,DF,Morelia,20,1998,6.7,1,3,1,33.3,0.45,0.15,0.33,1.00,15.7,0,0,0,0.7,0.7,0.23,+0.3,+0.3,Matches
405,Mario Osuna,mx MEX,"MF,FW",Morelia,30,1988,15.3,2,27,3,11.1,1.77,0.20,0.00,0.00,23.6,1,2,3,4.1,1.8,0.07,-2.1,-1.8,Matches
406,Juan Pablo Vigón,mx MEX,MF,UNAM,28,1991,17.2,3,29,8,27.6,1.69,0.47,0.10,0.38,18.8,1,0,0,4.0,4.0,0.14,-1.0,-1.0,Matches
407,Dorlan Pabón,co COL,"FW,MF",Monterrey,31,1988,18.6,0,57,19,33.3,3.07,1.02,0.00,0.00,25.0,6,0,0,2.9,2.9,0.05,-2.9,-2.9,Matches
408,Jesús Paganoni,mx MEX,DF,Veracruz,30,1988,14.0,0,0,0,,0.00,0.00,,,,0,0,0,0.0,0.0,,0.0,0.0,Matches
409,Jesús Paganoni,mx MEX,"DF,MF",Puebla,30,1988,2.2,0,1,0,0.0,0.46,0.00,0.00,,14.5,0,0,0,0.0,0.0,0.04,0.0,0.0,Matches
410,Felipe Pardo,co COL,"FW,MF",Toluca,28,1990,24.2,3,54,17,31.5,2.23,0.70,0.06,0.18,20.4,1,0,0,3.9,3.9,0.07,-0.9,-0.9,Matches
411,Lucas Passerini,ar ARG,FW,Cruz Azul,25,1994,0.4,0,2,1,50.0,5.45,2.73,0.00,0.00,18.9,0,0,0,0.1,0.1,0.04,-0.1,-0.1,Matches
412,Gabriel Peñalba,ar ARG,"FW,MF",Veracruz,34,1984,7.7,0,9,2,22.2,1.18,0.26,0.00,0.00,19.5,0,0,0,1.0,1.0,0.11,-1.0,-1.0,Matches
413,Oribe Peralta,mx MEX,FW,Guadalajara,35,1984,7.6,1,6,2,33.3,0.79,0.26,0.00,0.00,9.3,0,1,1,2.0,1.2,0.21,-1.0,-1.2,Matches
414,Jair Pereira,mx MEX,DF,Querétaro,33,1986,14.2,3,12,4,33.3,0.85,0.28,0.25,0.75,10.9,0,0,0,1.4,1.4,0.12,+1.6,+1.6,Matches
415,Alexis Pérez,co COL,DF,Querétaro,25,1994,12.0,1,11,3,27.3,0.92,0.25,0.09,0.33,20.8,3,0,0,0.6,0.6,0.06,+0.4,+0.4,Matches
416,Michael Pérez Ortíz,mx MEX,MF,Guadalajara,26,1993,3.4,0,3,1,33.3,0.88,0.29,0.00,0.00,27.1,0,0,0,0.1,0.1,0.03,-0.1,-0.1,Matches
417,Michael Pérez Ortíz,mx MEX,MF,Querétaro,26,1993,1.3,0,2,1,50.0,1.49,0.74,0.00,0.00,30.5,0,0,0,0.0,0.0,0.02,0.0,0.0,Matches
418,Eduardo Pérez Reyes,mx MEX,"FW,MF",FC Juárez,26,1993,0.8,0,1,0,0.0,1.25,0.00,0.00,,47.8,0,0,0,0.0,0.0,0.02,0.0,0.0,Matches
419,Maximiliano Perg,uy URU,DF,Puebla,27,1991,22.5,0,8,0,0.0,0.36,0.00,0.00,,10.8,0,0,0,0.5,0.5,0.06,-0.5,-0.5,Matches
420,Jonathan Perlaza,ec ECU,MF,Querétaro,21,1997,5.1,0,6,4,66.7,1.19,0.79,0.00,0.00,26.5,1,0,0,0.2,0.2,0.04,-0.2,-0.2,Matches
421,Diego Pineda,mx MEX,"MF,FW",Atlético,24,1995,0.6,0,1,1,100.0,1.67,1.67,0.00,0.00,5.7,0,0,0,0.6,0.6,0.61,-0.6,-0.6,Matches
422,Orbelín Pineda,mx MEX,"FW,MF",Cruz Azul,23,1996,15.0,3,30,12,40.0,2.00,0.80,0.10,0.25,21.9,0,0,0,3.0,3.0,0.10,0.0,0.0,Matches
423,Guido Pizarro,ar ARG,MF,UANL,29,1990,27.0,0,10,1,10.0,0.37,0.04,0.00,0.00,16.4,0,0,0,0.6,0.6,0.06,-0.6,-0.6,Matches
424,Rodolfo Pizarro,mx MEX,"MF,FW",Monterrey,25,1994,11.9,2,14,3,21.4,1.17,0.25,0.14,0.67,13.9,0,0,0,2.9,2.9,0.21,-0.9,-0.9,Matches
425,Eugenio Pizzuto,mx MEX,FW,Pachuca,17,2002,0.4,0,0,0,,0.00,0.00,,,,0,0,0,0.0,0.0,,0.0,0.0,Matches
Rk,Player,Nation,Pos,Squad,Age,Born,90s,Gls,Sh,SoT,SoT%,Sh/90,SoT/90,G/Sh,G/SoT,Dist,FK,PK,PKatt,xG,npxG,npxG/Sh,G-xG,np:G-xG,Matches
426,Fernando Plascencia,mx MEX,MF,Necaxa,20,1999,3.0,0,3,0,0.0,1.01,0.00,0.00,,41.9,0,0,0,0.1,0.1,0.02,-0.1,-0.1,Matches
427,Osvaldo Rodríguez del Portal,mx MEX,DF,León,22,1996,4.9,0,1,0,0.0,0.20,0.00,0.00,,29.9,0,0,0,0.0,0.0,0.03,0.0,0.0,Matches
428,Ayrton Preciado,ec ECU,"MF,DF",Santos,25,1994,0.2,0,1,0,0.0,5.63,0.00,0.00,,21.2,0,0,0,0.0,0.0,0.04,0.0,0.0,Matches
429,Alan Pulido,mx MEX,FW,Guadalajara,28,1991,17.8,12,51,23,45.1,2.87,1.30,0.16,0.35,21.0,6,4,4,8.6,5.4,0.11,+3.4,+2.6,Matches
430,Julián Quiñones,mx MEX,"FW,MF",UANL,22,1997,0.6,0,1,1,100.0,1.73,1.73,0.00,0.00,12.8,0,0,0,0.4,0.4,0.35,-0.4,-0.4,Matches
431,Mauro Quiroga,ar ARG,FW,Necaxa,29,1989,26.6,17,72,26,36.1,2.71,0.98,0.24,0.65,11.5,1,0,1,13.9,12.9,0.18,+3.1,+4.1,Matches
432,Martín Rabuñal,uy URU,MF,FC Juárez,25,1994,4.0,1,3,1,33.3,0.74,0.25,0.33,1.00,17.7,0,0,0,0.4,0.4,0.12,+0.6,+0.6,Matches
433,Cándido Ramírez,mx MEX,"MF,DF",Morelia,26,1993,6.8,1,9,3,33.3,1.32,0.44,0.11,0.33,22.1,0,0,0,0.3,0.3,0.04,+0.7,+0.7,Matches
434,Leonardo Ramos,ar ARG,FW,León,29,1989,11.2,6,17,8,47.1,1.52,0.71,0.24,0.50,17.7,0,2,2,4.7,3.1,0.18,+1.3,+0.9,Matches
435,Rodrigo Rey,ar ARG,GK,Pachuca,28,1991,18.0,0,0,0,,0.00,0.00,,,,0,0,0,0.0,0.0,,0.0,0.0,Matches
436,Diego Reyes,mx MEX,DF,UANL,26,1992,5.1,0,1,0,0.0,0.20,0.00,0.00,,12.3,0,0,0,0.0,0.0,0.05,0.0,0.0,Matches
437,Israel Reyes,mx MEX,MF,Atlas,19,2000,0.1,0,0,0,,0.00,0.00,,,,0,0,0,0.0,0.0,,0.0,0.0,Matches
438,Josué Reyes,mx MEX,FW,Cruz Azul,21,1997,0.1,0,1,1,100.0,6.92,6.92,0.00,0.00,5.9,0,0,0,0.2,0.2,0.24,-0.2,-0.2,Matches
439,Lorenzo Reyes,cl CHI,MF,Atlas,28,1991,22.6,0,7,0,0.0,0.31,0.00,0.00,,25.0,0,0,0,0.2,0.2,0.04,-0.2,-0.2,Matches
440,Salvador Reyes,mx MEX,"DF,MF",Puebla,21,1998,7.0,0,2,2,100.0,0.29,0.29,0.00,0.00,15.5,0,0,0,0.3,0.3,0.17,-0.3,-0.3,Matches
441,Salvador Reyes,mx MEX,MF,Morelia,21,1998,0.2,0,0,0,,0.00,0.00,,,,0,0,0,0.0,0.0,,0.0,0.0,Matches
442,Ángel Reyna,mx MEX,"MF,FW",Veracruz,34,1984,8.8,0,17,6,35.3,1.92,0.68,0.00,0.00,27.3,4,0,0,0.8,0.8,0.05,-0.8,-0.8,Matches
443,Luis Ricardo Reyes,mx MEX,"DF,MF",Atlético,28,1991,26.7,1,35,8,22.9,1.31,0.30,0.03,0.13,25.9,10,0,0,1.5,1.5,0.04,-0.5,-0.5,Matches
444,Antonio Ríos,mx MEX,MF,Toluca,30,1988,9.7,0,8,2,25.0,0.83,0.21,0.00,0.00,25.8,0,0,0,0.3,0.3,0.04,-0.3,-0.3,Matches
445,Paolo Ríos,mx MEX,MF,América,19,2000,0.5,0,1,0,0.0,2.00,0.00,0.00,,29.2,0,0,0,0.0,0.0,0.03,0.0,0.0,Matches
446,Jesús Rivas,mx MEX,"MF,DF",UNAM,16,2002,0.2,0,0,0,,0.00,0.00,,,,0,0,0,0.0,0.0,,0.0,0.0,Matches
447,Ulises Rivas,mx MEX,MF,Santos,23,1996,24.0,1,20,5,25.0,0.83,0.21,0.05,0.20,20.9,0,0,0,1.9,1.9,0.10,-0.9,-0.9,Matches
448,Christian Rivera,co COL,MF,Tijuana,23,1996,8.6,0,7,1,14.3,0.82,0.12,0.00,0.00,24.7,0,0,0,0.2,0.2,0.03,-0.2,-0.2,Matches
449,Édson Rivera,mx MEX,MF,Atlas,27,1991,3.6,1,6,2,33.3,1.67,0.56,0.17,0.50,17.9,0,0,0,1.1,1.1,0.18,-0.1,-0.1,Matches
450,Ignacio Rivero,uy URU,"MF,DF",Tijuana,27,1992,23.5,3,23,7,30.4,0.98,0.30,0.13,0.43,20.4,8,0,0,2.8,2.8,0.12,+0.2,+0.2,Matches
Rk,Player,Nation,Pos,Squad,Age,Born,90s,Gls,Sh,SoT,SoT%,Sh/90,SoT/90,G/Sh,G/SoT,Dist,FK,PK,PKatt,xG,npxG,npxG/Sh,G-xG,np:G-xG,Matches
451,Octavio Rivero,uy URU,FW,Santos,27,1992,3.4,3,11,5,45.5,3.21,1.46,0.27,0.60,11.9,0,0,0,2.0,2.0,0.18,+1.0,+1.0,Matches
452,Jorge Roberto Díaz,mx MEX,MF,León,21,1998,1.3,0,3,0,0.0,2.31,0.00,0.00,,19.7,0,0,0,0.1,0.1,0.05,-0.1,-0.1,Matches
453,Carlos Robles,mx MEX,"FW,DF",Atlas,19,2000,0.1,0,0,0,,0.00,0.00,,,,0,0,0,0.0,0.0,,0.0,0.0,Matches
454,Aldo Rocha,mx MEX,MF,Morelia,26,1992,26.6,7,17,5,29.4,0.64,0.19,0.18,0.60,28.5,0,4,4,4.2,1.1,0.06,+2.8,+1.9,Matches
455,Charly Rodríguez,mx MEX,MF,Monterrey,22,1997,20.0,1,26,6,23.1,1.30,0.30,0.04,0.17,17.6,0,0,0,2.9,2.9,0.11,-1.9,-1.9,Matches
456,Guido Rodríguez,ar ARG,MF,América,25,1994,14.9,2,21,5,23.8,1.41,0.33,0.10,0.40,23.6,0,0,0,1.8,1.8,0.09,+0.2,+0.2,Matches
457,Jonathan Rodríguez,uy URU,FW,Cruz Azul,26,1993,22.0,16,79,29,36.7,3.59,1.32,0.16,0.45,20.1,3,3,3,12.5,10.1,0.13,+3.5,+2.9,Matches
458,José Rodríguez,mx MEX,DF,FC Juárez,21,1998,2.0,0,0,0,,0.00,0.00,,,,0,0,0,0.0,0.0,,0.0,0.0,Matches
459,Martín Rodríguez,cl CHI,"MF,FW",Morelia,24,1994,8.6,3,10,5,50.0,1.17,0.58,0.30,0.60,16.4,1,0,0,2.1,2.1,0.21,+0.9,+0.9,Matches
460,Martín Rodríguez,cl CHI,"FW,MF",UNAM,24,1994,0.7,0,1,1,100.0,1.48,1.48,0.00,0.00,33.0,0,0,0,0.0,0.0,0.03,0.0,0.0,Matches
461,Michell Rodríguez,mx MEX,FW,Monterrey,18,2000,0.2,0,0,0,,0.00,0.00,,,,0,0,0,0.0,0.0,,0.0,0.0,Matches
462,Sebastián Rodríguez,uy URU,MF,Veracruz,26,1992,10.8,0,12,2,16.7,1.12,0.19,0.00,0.00,26.2,2,0,0,0.8,0.8,0.06,-0.8,-0.8,Matches
463,Jorge Rojas,py PAR,"MF,FW",Tijuana,26,1993,1.0,0,0,0,,0.00,0.00,,,,0,0,0,0.0,0.0,,0.0,0.0,Matches
464,Diego Rolán,uy URU,"MF,FW",FC Juárez,26,1993,15.9,8,27,10,37.0,1.70,0.63,0.15,0.40,19.0,0,4,4,7.6,4.5,0.17,+0.4,-0.5,Matches
465,Bruno Romo,cl CHI,DF,FC Juárez,30,1989,7.2,2,4,2,50.0,0.56,0.28,0.50,1.00,11.2,1,0,0,0.6,0.6,0.16,+1.4,+1.4,Matches
466,Luis Romo,mx MEX,"MF,DF",Cruz Azul,24,1995,9.0,2,9,5,55.6,1.00,0.56,0.22,0.40,20.3,0,0,0,1.7,1.7,0.18,+0.3,+0.3,Matches
467,Luis Romo,mx MEX,"DF,MF",Querétaro,24,1995,16.6,3,25,5,20.0,1.51,0.30,0.12,0.60,21.8,5,0,1,2.5,1.7,0.07,+0.5,+1.3,Matches
468,Fernando Rubén González,mx MEX,MF,América,25,1994,14.7,0,7,1,14.3,0.48,0.07,0.00,0.00,23.1,0,0,0,0.3,0.3,0.04,-0.3,-0.3,Matches
469,Brian Rubio,mx MEX,"FW,MF",FC Juárez,22,1996,0.6,1,1,1,100.0,1.76,1.76,1.00,1.00,12.8,0,0,0,0.3,0.3,0.32,+0.7,+0.7,Matches
470,Marcel Ruiz,mx MEX,MF,Querétaro,18,2000,17.2,3,21,8,38.1,1.22,0.47,0.14,0.38,19.9,0,0,0,2.2,2.2,0.11,+0.8,+0.8,Matches
471,Richard Ruiz,mx MEX,"DF,MF",Toluca,33,1986,11.3,0,5,0,0.0,0.44,0.00,0.00,,24.6,0,0,0,0.5,0.5,0.11,-0.5,-0.5,Matches
472,Ángelo Sagal,cl CHI,"FW,MF",FC Juárez,26,1993,16.1,3,38,10,26.3,2.36,0.62,0.08,0.30,20.3,3,0,0,3.3,3.3,0.09,-0.3,-0.3,Matches
473,Javier Salas,mx MEX,MF,Cruz Azul,25,1993,3.0,0,2,0,0.0,0.66,0.00,0.00,,30.7,0,0,0,0.0,0.0,0.02,0.0,0.0,Matches
474,Javier Salas,mx MEX,MF,Puebla,25,1993,9.0,0,5,0,0.0,0.56,0.00,0.00,,24.3,0,0,0,0.4,0.4,0.07,-0.4,-0.4,Matches
475,Maximiliano Salas,ar ARG,"FW,MF",Necaxa,21,1997,16.9,7,47,17,36.2,2.78,1.01,0.13,0.35,22.1,1,1,2,5.6,4.1,0.09,+1.4,+1.9,Matches
Rk,Player,Nation,Pos,Squad,Age,Born,90s,Gls,Sh,SoT,SoT%,Sh/90,SoT/90,G/Sh,G/SoT,Dist,FK,PK,PKatt,xG,npxG,npxG/Sh,G-xG,np:G-xG,Matches
476,Carlos Salcedo,mx MEX,DF,UANL,25,1993,17.8,1,10,2,20.0,0.56,0.11,0.10,0.50,23.2,0,0,0,0.6,0.6,0.06,+0.4,+0.4,Matches
477,Carlos Salcido,mx MEX,"DF,MF",Veracruz,39,1980,13.7,0,3,0,0.0,0.22,0.00,0.00,,13.0,0,0,0,0.1,0.1,0.05,-0.1,-0.1,Matches
478,Alfredo Saldívar,mx MEX,GK,UNAM,29,1990,28.0,0,0,0,,0.00,0.00,,,,0,0,0,0.0,0.0,,0.0,0.0,Matches
479,Rodolfo Salinas,mx MEX,MF,Puebla,31,1987,3.3,0,4,2,50.0,1.20,0.60,0.00,0.00,21.3,0,0,0,0.2,0.2,0.05,-0.2,-0.2,Matches
480,Rodrigo Salinas,mx MEX,DF,Toluca,31,1988,12.3,0,7,1,14.3,0.57,0.08,0.00,0.00,25.2,0,0,0,0.2,0.2,0.03,-0.2,-0.2,Matches
481,Rubens Sambueza,ar ARG,MF,Pachuca,35,1984,22.1,1,22,9,40.9,1.00,0.41,0.00,0.00,27.8,9,1,2,2.7,0.8,0.04,-1.7,-0.8,Matches
482,Jesús Sánchez García,mx MEX,DF,Guadalajara,29,1989,16.6,0,4,1,25.0,0.24,0.06,0.00,0.00,25.8,0,0,0,0.1,0.1,0.03,-0.1,-0.1,Matches
483,Jorge Sánchez,mx MEX,MF,Atlético,26,1993,11.8,0,13,5,38.5,1.10,0.42,0.00,0.00,28.7,0,0,0,0.5,0.5,0.04,-0.5,-0.5,Matches
484,Nicolás Sanchez,ar ARG,DF,Monterrey,33,1986,26.1,8,31,9,29.0,1.19,0.34,0.13,0.44,15.6,0,4,4,4.8,1.6,0.05,+3.2,+2.4,Matches
485,Richard Sánchez,py PAR,MF,América,23,1996,14.1,0,17,4,23.5,1.20,0.28,0.00,0.00,28.7,3,0,0,0.7,0.7,0.04,-0.7,-0.7,Matches
486,Gael Sandoval,mx MEX,FW,FC Juárez,23,1995,0.5,0,1,0,0.0,1.96,0.00,0.00,,25.5,0,0,0,0.0,0.0,0.03,0.0,0.0,Matches
487,Gael Sandoval,mx MEX,"FW,MF",Guadalajara,23,1995,2.9,0,8,4,50.0,2.76,1.38,0.00,0.00,16.3,1,0,0,0.7,0.7,0.08,-0.7,-0.7,Matches
488,Raúl Sandoval,mx MEX,DF,Necaxa,19,2000,5.0,0,4,0,0.0,0.80,0.00,0.00,,25.8,0,0,0,0.4,0.4,0.10,-0.4,-0.4,Matches
489,Miguel Sansores,mx MEX,"FW,MF",Morelia,28,1991,10.8,4,17,8,47.1,1.58,0.74,0.24,0.50,11.8,0,0,0,2.2,2.2,0.13,+1.8,+1.8,Matches
490,Anderson Santamaría,pe PER,DF,Atlas,27,1992,7.3,0,1,1,100.0,0.14,0.14,0.00,0.00,8.9,0,0,0,0.1,0.1,0.08,-0.1,-0.1,Matches
491,Iván Santillán,pe PER,MF,Veracruz,29,1990,2.8,1,6,1,16.7,2.16,0.36,0.17,1.00,15.8,1,0,0,0.9,0.9,0.15,+0.1,+0.1,Matches
492,Flavio Santos,mx MEX,"MF,FW",FC Juárez,32,1987,15.2,3,31,15,48.4,2.03,0.98,0.10,0.20,16.4,0,0,0,4.0,4.0,0.13,-1.0,-1.0,Matches
493,Camilo Sanvezzo,br BRA,FW,Tijuana,31,1988,14.7,6,44,19,43.2,2.99,1.29,0.07,0.16,19.9,7,3,3,6.9,4.6,0.10,-0.9,-1.6,Matches
494,Sebastián Saucedo,us USA,"MF,FW",UNAM,22,1997,6.5,1,14,6,42.9,2.15,0.92,0.07,0.17,22.5,1,0,0,0.5,0.5,0.04,+0.5,+0.5,Matches
495,Gastón Sauro,ar ARG,DF,Toluca,29,1990,9.2,0,3,0,0.0,0.33,0.00,0.00,,7.5,0,0,0,0.3,0.3,0.11,-0.3,-0.3,Matches
496,Francisco Sebastián Córdova,mx MEX,"MF,FW",América,22,1997,17.6,3,34,14,41.2,1.93,0.79,0.09,0.21,21.1,2,0,0,3.0,3.0,0.09,0.0,0.0,Matches
497,Jorge Segura,co COL,DF,Atlas,22,1997,9.7,1,2,1,50.0,0.21,0.10,0.50,1.00,11.9,0,0,0,0.1,0.1,0.05,+0.9,+0.9,Matches
498,Ángel Sepúlveda,mx MEX,"MF,FW",Tijuana,28,1991,5.6,2,19,4,21.1,3.38,0.71,0.11,0.50,18.1,2,0,0,1.7,1.7,0.09,+0.3,+0.3,Matches
499,Gilberto Sepúlveda,mx MEX,DF,Guadalajara,20,1999,17.1,0,6,0,0.0,0.35,0.00,0.00,,10.7,0,0,0,0.3,0.3,0.06,-0.3,-0.3,Matches
500,Jordan Sierra,ec ECU,MF,Querétaro,22,1997,13.3,3,12,3,25.0,0.91,0.23,0.08,0.33,31.1,0,2,4,3.9,0.7,0.05,-0.9,+0.3,Matches
Rk,Player,Nation,Pos,Squad,Age,Born,90s,Gls,Sh,SoT,SoT%,Sh/90,SoT/90,G/Sh,G/SoT,Dist,FK,PK,PKatt,xG,npxG,npxG/Sh,G-xG,np:G-xG,Matches
501,Jordan Sierra,ec ECU,MF,UANL,22,1997,3.4,0,3,1,33.3,0.89,0.30,0.00,0.00,27.5,0,0,0,0.1,0.1,0.03,-0.1,-0.1,Matches
502,Jordan Silva,mx MEX,DF,Tijuana,25,1994,9.4,0,2,0,0.0,0.21,0.00,0.00,,11.6,0,0,0,0.1,0.1,0.06,-0.1,-0.1,Matches
503,William da Silva,br BRA,MF,Toluca,32,1986,23.1,2,26,10,38.5,1.13,0.43,0.08,0.20,27.2,1,0,0,1.3,1.3,0.05,+0.7,+0.7,Matches
504,Lucas da Silva Xavier,br BRA,MF,FC Juárez,25,1994,2.9,0,5,0,0.0,1.70,0.00,0.00,,17.8,0,0,0,0.3,0.3,0.05,-0.3,-0.3,Matches
505,Ismael Sosa,ar ARG,"MF,FW",León,32,1987,17.7,9,34,17,50.0,1.92,0.96,0.26,0.53,15.1,0,0,0,5.5,5.5,0.16,+3.5,+3.5,Matches
506,Nicolás Sosa,uy URU,FW,León,23,1996,0.1,0,0,0,,0.00,0.00,,,,0,0,0,0.0,0.0,,0.0,0.0,Matches
507,Sebastián Sosa,uy URU,GK,Morelia,32,1986,23.0,0,0,0,,0.00,0.00,,,,0,0,0,0.0,0.0,,0.0,0.0,Matches
508,Cristian Souza,uy URU,MF,Pachuca,23,1995,1.4,0,0,0,,0.00,0.00,,,,0,0,0,0.0,0.0,,0.0,0.0,Matches
509,Jonathan Suárez,mx MEX,"MF,DF",Querétaro,22,1997,1.8,0,2,0,0.0,1.13,0.00,0.00,,12.0,0,0,0,0.1,0.1,0.06,-0.1,-0.1,Matches
510,Leonardo Suárez,ar ARG,MF,América,23,1996,5.0,1,14,4,28.6,2.78,0.79,0.07,0.25,23.7,2,0,0,0.6,0.6,0.04,+0.4,+0.4,Matches
511,Christian Tabó,uy URU,"MF,FW",Puebla,25,1993,20.4,5,38,15,39.5,1.86,0.73,0.13,0.33,16.6,0,0,0,4.7,4.7,0.12,+0.3,+0.3,Matches
512,Alfredo Talavera,mx MEX,GK,Toluca,36,1982,28.0,0,0,0,,0.00,0.00,,,,0,0,0,0.0,0.0,,0.0,0.0,Matches
513,Miguel Tapias,mx MEX,DF,Pachuca,22,1997,6.0,0,6,1,16.7,1.00,0.17,0.00,0.00,19.7,0,0,0,0.2,0.2,0.04,-0.2,-0.2,Matches
514,Eduardo Tercero,mx MEX,DF,UANL,23,1996,0.0,0,0,0,,0.00,0.00,,,,0,0,0,0.0,0.0,,0.0,0.0,Matches
515,William Tesillo,co COL,DF,León,29,1990,25.0,3,15,8,53.3,0.60,0.32,0.20,0.38,11.3,0,0,0,3.8,3.8,0.25,-0.8,-0.8,Matches
516,Fernando Tobio,ar ARG,DF,Toluca,29,1989,12.2,0,4,1,25.0,0.33,0.08,0.00,0.00,12.2,0,0,0,0.2,0.2,0.05,-0.2,-0.2,Matches
517,Félix Torres Caicedo,ec ECU,DF,Santos,22,1997,11.5,0,4,1,25.0,0.35,0.09,0.00,0.00,9.6,0,0,0,0.5,0.5,0.12,-0.5,-0.5,Matches
518,Erick Torres,mx MEX,FW,Tijuana,26,1993,3.5,3,9,4,44.4,2.56,1.14,0.33,0.75,15.6,0,0,0,0.6,0.6,0.07,+2.4,+2.4,Matches
519,Jairo Torres,mx MEX,"MF,FW",Atlas,19,2000,13.6,0,26,5,19.2,1.91,0.37,0.00,0.00,17.5,0,0,0,2.6,2.6,0.10,-2.6,-2.6,Matches
520,Jorge Torres Nilo,mx MEX,DF,UANL,31,1988,10.6,0,1,0,0.0,0.09,0.00,0.00,,26.8,0,0,0,0.0,0.0,0.03,0.0,0.0,Matches
521,Christopher Trejo,mx MEX,"MF,FW",Atlas,19,1999,7.4,1,9,2,22.2,1.22,0.27,0.11,0.50,18.1,0,0,0,0.5,0.5,0.06,+0.5,+0.5,Matches
522,Mario Trejo,mx MEX,DF,Morelia,20,1999,4.8,0,1,1,100.0,0.21,0.21,0.00,0.00,9.2,0,0,0,0.3,0.3,0.26,-0.3,-0.3,Matches
523,Julio César González Trinidad,py PAR,"DF,MF",Necaxa,27,1992,6.0,0,2,0,0.0,0.33,0.00,0.00,,12.1,0,0,0,0.1,0.1,0.06,-0.1,-0.1,Matches
524,Enrique Triverio,ar ARG,FW,Querétaro,30,1988,8.3,2,14,8,57.1,1.69,0.97,0.14,0.25,13.6,0,0,0,2.3,2.3,0.17,-0.3,-0.3,Matches
525,Leonardo Ulloa,ar ARG,"FW,DF",Pachuca,33,1986,0.4,0,1,1,100.0,2.31,2.31,0.00,0.00,23.1,0,0,0,0.0,0.0,0.04,0.0,0.0,Matches
Rk,Player,Nation,Pos,Squad,Age,Born,90s,Gls,Sh,SoT,SoT%,Sh/90,SoT/90,G/Sh,G/SoT,Dist,FK,PK,PKatt,xG,npxG,npxG/Sh,G-xG,np:G-xG,Matches
526,Mateus Uribe,co COL,MF,América,28,1991,2.0,1,3,1,33.3,1.50,0.50,0.33,1.00,22.5,0,0,0,0.4,0.4,0.14,+0.6,+0.6,Matches
527,Jonathan Urretaviscaya,uy URU,FW,Monterrey,29,1990,0.9,0,0,0,,0.00,0.00,,,,0,0,0,0.0,0.0,,0.0,0.0,Matches
528,Óscar Ustari,ar ARG,GK,Pachuca,33,1986,5.0,0,0,0,,0.00,0.00,,,,0,0,0,0.0,0.0,,0.0,0.0,Matches
529,Jorge Valadéz,mx MEX,DF,Morelia,23,1996,0.2,0,0,0,,0.00,0.00,,,,0,0,0,0.0,0.0,,0.0,0.0,Matches
530,Diego Valdés,cl CHI,"FW,MF",Santos,25,1994,14.5,7,44,14,31.8,3.04,0.97,0.14,0.43,22.1,9,1,1,5.3,4.5,0.10,+1.7,+1.5,Matches
531,Bruno Valdez,py PAR,DF,América,26,1992,22.0,2,27,3,11.1,1.23,0.14,0.07,0.67,17.3,0,0,0,2.2,2.2,0.08,-0.2,-0.2,Matches
532,Diego Valdez,py PAR,MF,Atlético,25,1993,0.5,1,2,1,50.0,4.00,2.00,0.50,1.00,13.3,0,0,0,0.3,0.3,0.17,+0.7,+0.7,Matches
533,Jorge Valdivia,cl CHI,MF,Morelia,35,1983,3.0,0,3,0,0.0,1.00,0.00,0.00,,20.4,0,0,0,0.1,0.1,0.04,-0.1,-0.1,Matches
534,Enner Valencia,ec ECU,FW,UANL,29,1989,17.6,1,46,14,30.4,2.62,0.80,0.02,0.07,14.9,2,0,1,6.7,5.9,0.13,-5.7,-4.9,Matches
535,José Van Rankin,mx MEX,DF,Santos,26,1993,9.9,0,2,1,50.0,0.20,0.10,0.00,0.00,29.4,0,0,0,0.1,0.1,0.03,-0.1,-0.1,Matches
536,José Van Rankin,mx MEX,DF,Guadalajara,26,1993,7.1,0,2,1,50.0,0.28,0.14,0.00,0.00,22.9,0,0,0,0.1,0.1,0.04,-0.1,-0.1,Matches
537,Leonel Vangioni,ar ARG,DF,Monterrey,32,1987,9.1,0,7,1,14.3,0.77,0.11,0.00,0.00,23.7,0,0,0,0.2,0.2,0.03,-0.2,-0.2,Matches
538,Camilo Vargas,co COL,GK,Atlas,30,1989,28.0,0,0,0,,0.00,0.00,,,,0,0,0,0.0,0.0,,0.0,0.0,Matches
539,Eduardo Vargas,cl CHI,"FW,MF",UANL,29,1989,9.2,4,33,11,33.3,3.60,1.20,0.12,0.36,24.8,5,0,1,3.0,2.1,0.06,+1.0,+1.9,Matches
540,Johan Vásquez,mx MEX,DF,UNAM,20,1998,10.0,1,10,2,20.0,1.00,0.20,0.10,0.50,10.5,0,0,0,0.9,0.9,0.09,+0.1,+0.1,Matches
541,Johan Vásquez,mx MEX,DF,Monterrey,20,1998,1.1,0,0,0,,0.00,0.00,,,,0,0,0,0.0,0.0,,0.0,0.0,Matches
542,Brayton Vázquez,mx MEX,DF,Atlas,21,1998,1.9,0,2,1,50.0,1.03,0.52,0.00,0.00,19.6,0,0,0,0.3,0.3,0.14,-0.3,-0.3,Matches
543,Gerson Vázquez,mx MEX,FW,Querétaro,17,2001,0.1,0,2,0,0.0,30.00,0.00,0.00,,19.5,0,0,0,0.1,0.1,0.04,-0.1,-0.1,Matches
544,Iván Vázquez,mx MEX,GK,FC Juárez,36,1982,28.0,0,1,0,0.0,0.04,0.00,0.00,,29.3,1,0,0,0.1,0.1,0.06,-0.1,-0.1,Matches
545,Ivo Vázquez,mx MEX,DF,Puebla,18,2000,0.3,0,0,0,,0.00,0.00,,,,0,0,0,0.0,0.0,,0.0,0.0,Matches
546,Alexis Vega,mx MEX,"FW,MF",Guadalajara,21,1997,15.9,5,41,10,24.4,2.57,0.63,0.10,0.40,24.9,4,1,1,3.2,2.4,0.06,+1.8,+1.6,Matches
547,Sebastián Vegas,cl CHI,DF,Morelia,22,1996,27.0,2,30,7,23.3,1.11,0.26,0.07,0.29,22.8,8,0,0,2.1,2.1,0.07,-0.1,-0.1,Matches
548,Efraín Velarde,mx MEX,DF,Morelia,33,1986,21.3,0,10,4,40.0,0.47,0.19,0.00,0.00,20.8,1,0,0,1.1,1.1,0.11,-1.1,-1.1,Matches
549,Gustavo Velásquez,py PAR,DF,FC Juárez,28,1991,27.0,1,19,5,26.3,0.70,0.19,0.05,0.20,12.5,0,0,0,2.4,2.4,0.13,-1.4,-1.4,Matches
550,Julián Velázquez,ar ARG,DF,Tijuana,28,1990,18.0,1,7,3,42.9,0.39,0.17,0.14,0.33,8.4,0,0,0,1.2,1.2,0.17,-0.2,-0.2,Matches
Rk,Player,Nation,Pos,Squad,Age,Born,90s,Gls,Sh,SoT,SoT%,Sh/90,SoT/90,G/Sh,G/SoT,Dist,FK,PK,PKatt,xG,npxG,npxG/Sh,G-xG,np:G-xG,Matches
551,Julián Velázquez,ar ARG,DF,Querétaro,28,1990,9.8,0,2,1,50.0,0.20,0.10,0.00,0.00,10.3,0,0,0,0.6,0.6,0.31,-0.6,-0.6,Matches
552,Néstor Vidrio,mx MEX,DF,Puebla,30,1989,16.0,0,9,2,22.2,0.56,0.12,0.00,0.00,12.1,0,0,0,0.8,0.8,0.09,-0.8,-0.8,Matches
553,Nicolás Vikonis,uy URU,GK,Puebla,35,1984,28.0,0,1,1,100.0,0.04,0.04,0.00,0.00,79.5,1,0,0,0.0,0.0,0.02,0.0,0.0,Matches
554,Lucas Villafáñez,ar ARG,"MF,FW",Morelia,27,1991,8.6,2,10,5,50.0,1.16,0.58,0.20,0.40,18.6,0,0,1,2.2,1.4,0.14,-0.2,+0.6,Matches
555,Dieter Villalpando,mx MEX,MF,Guadalajara,27,1991,9.2,1,20,6,30.0,2.17,0.65,0.05,0.17,27.4,0,0,0,1.0,1.0,0.05,0.0,0.0,Matches
556,Daniel Villalva,ar ARG,"FW,MF",Veracruz,27,1992,13.5,0,18,4,22.2,1.34,0.30,0.00,0.00,22.6,0,0,0,1.4,1.4,0.08,-1.4,-1.4,Matches
557,Carlos Villanueva López,mx MEX,DF,Guadalajara,25,1994,1.2,0,0,0,,0.00,0.00,,,,0,0,0,0.0,0.0,,0.0,0.0,Matches
558,Federico Viñas,uy URU,FW,América,21,1998,5.1,5,11,7,63.6,2.15,1.37,0.45,0.71,13.4,0,0,0,1.8,1.8,0.17,+3.2,+3.2,Matches
559,Axel Werner,ar ARG,GK,Atlético,23,1996,1.0,0,0,0,,0.00,0.00,,,,0,0,0,0.0,0.0,,0.0,0.0,Matches
560,William Yarbrough,us USA,GK,León,30,1989,2.0,0,0,0,,0.00,0.00,,,,0,0,0,0.0,0.0,,0.0,0.0,Matches
561,Yoshimar Yotún,pe PER,MF,Cruz Azul,29,1990,14.5,1,18,4,22.2,1.24,0.28,0.00,0.00,26.9,3,1,1,1.5,0.7,0.04,-0.5,-0.7,Matches
562,Paolo Yrizar,mx MEX,"FW,MF",Querétaro,21,1997,3.6,1,13,5,38.5,3.59,1.38,0.08,0.20,17.1,0,0,0,1.3,1.3,0.10,-0.3,-0.3,Matches
563,Diego Zago,mx MEX,MF,Puebla,17,2002,0.5,0,0,0,,0.00,0.00,,,,0,0,0,0.0,0.0,,0.0,0.0,Matches
564,Ángel Zaldívar,mx MEX,FW,Puebla,25,1994,7.8,2,24,10,41.7,3.09,1.29,0.08,0.20,21.1,1,0,0,1.8,1.8,0.07,+0.2,+0.2,Matches
565,Ángel Zaldívar,mx MEX,"FW,DF",Monterrey,25,1994,0.2,0,1,0,0.0,5.63,0.00,0.00,,16.3,0,0,0,0.0,0.0,0.03,0.0,0.0,Matches
566,Edgar Zaldívar,mx MEX,"MF,DF",Atlas,22,1996,12.5,0,5,1,20.0,0.40,0.08,0.00,0.00,25.8,0,0,0,0.6,0.6,0.12,-0.6,-0.6,Matches
567,Alonso Zamora,mx MEX,DF,Puebla,27,1991,1.5,0,1,0,0.0,0.67,0.00,0.00,,14.6,0,0,0,0.0,0.0,0.03,0.0,0.0,Matches
568,Saúl Zamora,mx MEX,MF,León,16,2003,1.1,0,0,0,,0.00,0.00,,,,0,0,0,0.0,0.0,,0.0,0.0,Matches
569,Jesse Zamudio,mx MEX,FW,León,20,1999,0.6,0,0,0,,0.00,0.00,,,,0,0,0,0.0,0.0,,0.0,0.0,Matches
570,Jorge Zárate,mx MEX,"DF,MF",Puebla,27,1992,3.1,1,5,2,40.0,1.63,0.65,0.20,0.50,17.6,0,0,0,0.4,0.4,0.07,+0.6,+0.6,Matches
571,Lucas Zelarayán,am ARM,"MF,FW",UANL,27,1992,8.0,4,24,7,29.2,2.99,0.87,0.17,0.57,21.4,5,0,0,3.0,3.0,0.13,+1.0,+1.0,Matches
572,Alejandro Zendejas,us USA,DF,Guadalajara,21,1998,1.7,0,1,0,0.0,0.58,0.00,0.00,,16.2,0,0,0,0.1,0.1,0.06,-0.1,-0.1,Matches
