rk,player,nation,pos,squad,age,born,90s,tkl,tklw,def_3rd,mid_3rd,att_3rd,tkl_challe,att,lost,blocks,sh,pass,int,tkl_int,clr,err,matches
1,Hiroki Abe,jp JPN,"FW,MF",Urawa Reds,26-273,1999,0.1,,0,,,,,,,,,,0,,,,Matches
2,Kaito Abe,jp JPN,DF,Fagi Okayama,26-040,1999,15.2,,20,,,,,,,,,,16,,,,Matches
3,Shuto Abe,jp JPN,MF,Gamba Osaka,27-327,1997,10.9,,11,,,,,,,,,,14,,,,Matches
4,Adaílton,br BRA,"MF,FW",Yokohama FC,34-326,1990,5.9,,2,,,,,,,,,,1,,,,Matches
5,Ahmed Ahmedov,bg BUL,FW,S-Pulse,30-238,1995,2.7,,1,,,,,,,,,,1,,,,Matches
6,Hiroki Akino,jp JPN,MF,Avispa Fukuoka,31-020,1994,8.7,,5,,,,,,,,,,6,,,,Matches
7,Hiroki Akiyama,jp JPN,MF,Albirex Niigata,24-323,2000,11.6,,9,,,,,,,,,,18,,,,Matches
8,Juan Alano,br BRA,MF,Gamba Osaka,29-056,1996,14.0,,15,,,,,,,,,,5,,,,Matches
9,Lukian Araújo de Almeida,br BRA,FW,Shonan Bellmare,34-037,1991,1.9,,0,,,,,,,,,,0,,,,Matches
10,Lukian Araújo de Almeida,br BRA,"FW,MF",Yokohama FC,34-037,1991,21.5,,18,,,,,,,,,,12,,,,Matches
11,Jun Amano,jp JPN,MF,Marinos,34-101,1991,11.1,,10,,,,,,,,,,2,,,,Matches
12,Tomoya Ando,jp JPN,DF,Avispa Fukuoka,26-291,1999,32.5,,23,,,,,,,,,,51,,,,Matches
13,Koki Anzai,jp JPN,DF,Kashima Antlers,30-150,1995,18.6,,14,,,,,,,,,,11,,,,Matches
14,Soma Anzai,jp JPN,"MF,DF",FC Tokyo,23-029,2002,17.7,,14,,,,,,,,,,24,,,,Matches
15,Mizuki Arai,jp JPN,MF,Yokohama FC,28-197,1997,4.5,,2,,,,,,,,,,2,,,,Matches
16,Naoto Arai,jp JPN,MF,Sanfrecce,29-021,1996,14.4,,18,,,,,,,,,,9,,,,Matches
17,Taiki Arai,jp JPN,MF,Albirex Niigata,28-131,1997,17.2,,17,,,,,,,,,,20,,,,Matches
18,Yūta Arai,jp JPN,MF,Tokyo Verdy,22-218,2003,28.6,,42,,,,,,,,,,34,,,,Matches
19,Hayato Araki,jp JPN,DF,Sanfrecce,29-082,1996,32.0,,26,,,,,,,,,,44,,,,Matches
20,Ryotaro Araki,jp JPN,MF,Kashima Antlers,23-272,2002,7.8,,9,,,,,,,,,,4,,,,Matches
21,Yuri Nascimento de Araujo,br BRA,MF,Marinos,29-198,1996,2.9,,3,,,,,,,,,,3,,,,Matches
22,Tolgay Arslan,de GER,MF,Sanfrecce,35-073,1990,3.5,,3,,,,,,,,,,0,,,,Matches
23,Hiroto Asada,jp JPN,FW,Marinos,17-285,2008,0.0,,0,,,,,,,,,,0,,,,Matches
24,Shogo Asada,jp JPN,DF,Kyoto Sanga,27-114,1998,0.7,,0,,,,,,,,,,0,,,,Matches
25,Yuya Asano,jp JPN,MF,Grampus,28-253,1997,8.5,,12,,,,,,,,,,3,,,,Matches
Rk,Player,Nation,Pos,Squad,Age,Born,90s,Tkl,TklW,Def 3rd,Mid 3rd,Att 3rd,Tkl,Att,Lost,Blocks,Sh,Pass,Int,Tkl+Int,Clr,Err,Matches
26,Kodjo Aziangbe,tg TOG,MF,Marinos,21-318,2003,12.6,,18,,,,,,,,,,16,,,,Matches
27,Seiya Baba,jp JPN,DF,Kashiwa Reysol,24-004,2001,5.4,,10,,,,,,,,,,8,,,,Matches
28,Kashif Bangunagande,jp JPN,DF,FC Tokyo,24-034,2001,6.3,,7,,,,,,,,,,4,,,,Matches
29,Akimi Barada,jp JPN,MF,Shonan Bellmare,34-151,1991,8.9,,5,,,,,,,,,,12,,,,Matches
30,Barreto,br BRA,MF,Kyoto Sanga,29-322,1995,0.1,,0,,,,,,,,,,0,,,,Matches
31,Nassim Ben Khalifa,ch SUI,FW,Avispa Fukuoka,33-288,1992,4.5,,8,,,,,,,,,,2,,,,Matches
32,Danilo Boza,br BRA,DF,Urawa Reds,27-175,1998,33.0,,13,,,,,,,,,,21,,,,Matches
33,Svend Brodersen,de GER,GK,Fagi Okayama,28-220,1997,33.6,,0,,,,,,,,,,0,,,,Matches
34,Mateus Brunetti,br BRA,DF,S-Pulse,25-344,1999,6.7,,10,,,,,,,,,,9,,,,Matches
35,Matheus Bueno,br BRA,MF,S-Pulse,27-090,1998,33.8,,31,,,,,,,,,,48,,,,Matches
36,Vitor Bueno,br BRA,MF,Cerezo Osaka,31-053,1994,4.4,,2,,,,,,,,,,1,,,,Matches
37,Caetano,br BRA,DF,Vissel Kobe,26-126,1999,1.2,,1,,,,,,,,,,0,,,,Matches
38,Capixaba,br BRA,MF,S-Pulse,28-292,1997,18.7,,22,,,,,,,,,,5,,,,Matches
39,Aleksandar Čavrić,rs SRB,MF,Kashima Antlers,31-163,1994,21.6,,24,,,,,,,,,,14,,,,Matches
40,Yusuke Chajima,jp JPN,MF,Sanfrecce,34-100,1991,0.1,,0,,,,,,,,,,0,,,,Matches
41,Kanta Chiba,jp JPN,FW,S-Pulse,22-133,2003,0.8,,1,,,,,,,,,,0,,,,Matches
42,Kazuhiko Chiba,jp JPN,DF,Albirex Niigata,40-129,1985,4.0,,2,,,,,,,,,,1,,,,Matches
43,Kaito Chida,jp JPN,DF,Tokyo Verdy,31-011,1994,6.7,,8,,,,,,,,,,8,,,,Matches
44,Kei Chinen,jp JPN,MF,Kashima Antlers,30-225,1995,13.7,,36,,,,,,,,,,37,,,,Matches
45,Dion Cools,my MAS,DF,Cerezo Osaka,29-146,1996,8.7,,16,,,,,,,,,,5,,,,Matches
46,Murilo Costa,br BRA,FW,Kyoto Sanga,30-362,1994,3.3,,1,,,,,,,,,,2,,,,Matches
47,Jordy Croux,be BEL,MF,Marinos,31-286,1994,6.8,,6,,,,,,,,,,2,,,,Matches
48,Danilo,br BRA,MF,Albirex Niigata,26-265,1999,7.5,,19,,,,,,,,,,3,,,,Matches
49,Dean David,il ISR,FW,Marinos,29-228,1996,3.2,,2,,,,,,,,,,0,,,,Matches
50,Thomas Deng,au AUS,DF,Marinos,28-222,1997,18.8,,22,,,,,,,,,,19,,,,Matches
Rk,Player,Nation,Pos,Squad,Age,Born,90s,Tkl,TklW,Def 3rd,Mid 3rd,Att 3rd,Tkl,Att,Lost,Blocks,Sh,Pass,Int,Tkl+Int,Clr,Err,Matches
51,Diego,br BRA,MF,Kashiwa Reysol,30-037,1995,11.4,,9,,,,,,,,,,15,,,,Matches
52,Kanta Doi,jp JPN,DF,FC Tokyo,20-352,2004,19.8,,12,,,,,,,,,,14,,,,Matches
53,Yuji Doi,jp JPN,MF,S-Pulse,18-169,2007,0.1,,1,,,,,,,,,,0,,,,Matches
54,Ibrahim Drešević,xk KVX,DF,Machida Zelvia,28-277,1997,24.3,,34,,,,,,,,,,38,,,,Matches
55,Mitchell Duke,au AUS,"FW,MF",Machida Zelvia,34-283,1991,7.7,,7,,,,,,,,,,2,,,,Matches
56,Yusei Egawa,jp JPN,DF,Gamba Osaka,25-004,2000,1.7,,1,,,,,,,,,,5,,,,Matches
57,Élber,br BRA,MF,Marinos,33-154,1992,7.9,,4,,,,,,,,,,3,,,,Matches
58,Élber,br BRA,MF,Kashima Antlers,33-154,1992,7.1,,3,,,,,,,,,,3,,,,Matches
59,Rafael Elias,br BRA,FW,Kyoto Sanga,26-199,1999,19.8,,14,,,,,,,,,,6,,,,Matches
60,Keita Endo,jp JPN,MF,FC Tokyo,27-340,1997,15.7,,8,,,,,,,,,,6,,,,Matches
61,Takanari Endo,jp JPN,MF,Yokohama FC,23-009,2002,3.0,,6,,,,,,,,,,3,,,,Matches
62,Erison,br BRA,FW,Kawa Frontale,26-198,1999,15.9,,8,,,,,,,,,,2,,,,Matches
63,Ataru Esaka,jp JPN,MF,Fagi Okayama,33-150,1992,29.2,,18,,,,,,,,,,13,,,,Matches
64,Everton,br BRA,MF,FC Tokyo,28-225,1997,2.0,,0,,,,,,,,,,0,,,,Matches
65,Welton Felipe,br BRA,MF,Gamba Osaka,28-083,1997,8.3,,4,,,,,,,,,,5,,,,Matches
66,Lucas Fernandes,br BRA,"MF,FW",Cerezo Osaka,31-187,1994,27.4,,30,,,,,,,,,,6,,,,Matches
67,Michael Fitzgerald,nz NZL,DF,Albirex Niigata,37-041,1988,25.9,,10,,,,,,,,,,25,,,,Matches
68,Haruya Fujii,jp JPN,DF,Grampus,24-306,2000,8.5,,7,,,,,,,,,,11,,,,Matches
69,Kaito Fujii,jp JPN,MF,Fagi Okayama,22-255,2003,4.3,,6,,,,,,,,,,2,,,,Matches
70,Tomoya Fujii,jp JPN,MF,Shonan Bellmare,26-328,1998,22.6,,28,,,,,,,,,,9,,,,Matches
71,Kazuki Fujimoto,jp JPN,MF,Avispa Fukuoka,27-091,1998,18.7,,15,,,,,,,,,,3,,,,Matches
72,Shota Fujio,jp JPN,"FW,MF",Machida Zelvia,24-179,2001,14.8,,10,,,,,,,,,,5,,,,Matches
73,Ibuki Fujita,jp JPN,MF,Fagi Okayama,34-271,1991,25.6,,33,,,,,,,,,,33,,,,Matches
74,Kazuki Fujita,jp JPN,GK,Albirex Niigata,24-251,2001,15.0,,0,,,,,,,,,,0,,,,Matches
75,Soya Fujiwara,jp JPN,DF,Albirex Niigata,30-049,1995,31.0,,47,,,,,,,,,,37,,,,Matches
Rk,Player,Nation,Pos,Squad,Age,Born,90s,Tkl,TklW,Def 3rd,Mid 3rd,Att 3rd,Tkl,Att,Lost,Blocks,Sh,Pass,Int,Tkl+Int,Clr,Err,Matches
76,Daiki Fukazawa,jp JPN,"DF,MF",Tokyo Verdy,27-068,1998,19.1,,25,,,,,,,,,,23,,,,Matches
77,Shinnosuke Fukuda,jp JPN,DF,Kyoto Sanga,25-054,2000,21.7,,16,,,,,,,,,,20,,,,Matches
78,Sho Fukuda,jp JPN,"FW,MF",Shonan Bellmare,24-219,2001,14.7,,15,,,,,,,,,,10,,,,Matches
79,Yuya Fukuda,jp JPN,MF,Tokyo Verdy,26-207,1999,18.3,,22,,,,,,,,,,9,,,,Matches
80,Koki Fukui,jp JPN,GK,Cerezo Osaka,29-358,1995,27.0,,0,,,,,,,,,,0,,,,Matches
81,Akito Fukumori,jp JPN,DF,Yokohama FC,32-316,1992,21.1,,21,,,,,,,,,,35,,,,Matches
82,Shimpei Fukuoka,jp JPN,MF,Kyoto Sanga,25-123,2000,22.8,,17,,,,,,,,,,30,,,,Matches
83,Shota Fukuoka,jp JPN,DF,Gamba Osaka,30-004,1995,29.5,,15,,,,,,,,,,42,,,,Matches
84,Yu Funabashi,jp JPN,MF,Kashima Antlers,23-108,2002,16.6,,21,,,,,,,,,,23,,,,Matches
85,Kakeru Funaki,jp JPN,DF,Albirex Niigata,27-198,1998,5.2,,0,,,,,,,,,,4,,,,Matches
86,Kakeru Funaki,jp JPN,DF,Cerezo Osaka,27-198,1998,6.3,,5,,,,,,,,,,6,,,,Matches
87,Kengo Furuyama,jp JPN,FW,Cerezo Osaka,23-109,2002,1.6,,0,,,,,,,,,,0,,,,Matches
88,Jason Geria,au AUS,DF,Albirex Niigata,32-171,1993,15.2,,14,,,,,,,,,,10,,,,Matches
89,Ryo Germain,jp JPN,"FW,MF",Sanfrecce,30-192,1995,30.7,,15,,,,,,,,,,11,,,,Matches
90,Valère Germain,fr FRA,"MF,FW",Sanfrecce,35-194,1990,8.1,,4,,,,,,,,,,5,,,,Matches
91,Gleyson,br BRA,FW,Fagi Okayama,28-343,1996,0.3,,0,,,,,,,,,,0,,,,Matches
92,Leo Gomes,br BRA,MF,Kyoto Sanga,28-181,1997,3.6,,4,,,,,,,,,,7,,,,Matches
93,Marcos Guilherme,br BRA,MF,FC Tokyo,30-084,1995,5.4,,5,,,,,,,,,,3,,,,Matches
94,Riku Gunji,jp JPN,FW,S-Pulse,20-086,2005,0.2,,0,,,,,,,,,,0,,,,Matches
95,Samuel Gustafson,se SWE,MF,Urawa Reds,30-290,1995,24.6,,18,,,,,,,,,,27,,,,Matches
96,Kento Hamasaki,jp JPN,MF,Vissel Kobe,18-134,2007,1.4,,1,,,,,,,,,,0,,,,Matches
97,Riku Handa,jp JPN,DF,Gamba Osaka,23-300,2002,34.9,,52,,,,,,,,,,42,,,,Matches
98,Kento Haneda,jp JPN,DF,S-Pulse,28-113,1997,2.3,,1,,,,,,,,,,3,,,,Matches
99,Taichi Hara,jp JPN,FW,Kyoto Sanga,26-176,1999,29.5,,15,,,,,,,,,,9,,,,Matches
100,Teruki Hara,jp JPN,DF,Grampus,27-090,1998,21.4,,16,,,,,,,,,,13,,,,Matches
Rk,Player,Nation,Pos,Squad,Age,Born,90s,Tkl,TklW,Def 3rd,Mid 3rd,Att 3rd,Tkl,Att,Lost,Blocks,Sh,Pass,Int,Tkl+Int,Clr,Err,Matches
101,Wataru Harada,jp JPN,DF,Kashiwa Reysol,29-098,1996,27.2,,31,,,,,,,,,,13,,,,Matches
102,Genki Haraguchi,jp JPN,MF,Urawa Reds,34-172,1991,4.8,,5,,,,,,,,,,3,,,,Matches
103,Riki Harakawa,jp JPN,MF,Kashiwa Reysol,32-071,1993,10.4,,10,,,,,,,,,,16,,,,Matches
104,Motoki Hasegawa,jp JPN,"FW,MF",Albirex Niigata,26-322,1998,31.2,,12,,,,,,,,,,13,,,,Matches
105,Kento Hashimoto,jp JPN,DF,Albirex Niigata,25-324,1999,18.5,,20,,,,,,,,,,36,,,,Matches
106,Kento Hashimoto,jp JPN,MF,FC Tokyo,32-073,1993,21.4,,32,,,,,,,,,,27,,,,Matches
107,Rikuto Hashimoto,jp JPN,FW,Vissel Kobe,20-209,2005,0.5,,1,,,,,,,,,,0,,,,Matches
108,Yu Hashimoto,jp JPN,"MF,DF",Avispa Fukuoka,23-143,2002,10.6,,9,,,,,,,,,,5,,,,Matches
109,Sodai Hasukawa,jp JPN,DF,S-Pulse,27-123,1998,26.2,,11,,,,,,,,,,32,,,,Matches
110,Taiga Hata,jp JPN,MF,Shonan Bellmare,23-281,2002,18.1,,20,,,,,,,,,,13,,,,Matches
111,Shinnosuke Hatanaka,jp JPN,DF,Cerezo Osaka,30-064,1995,29.2,,15,,,,,,,,,,36,,,,Matches
112,Go Hatano,jp JPN,GK,FC Tokyo,27-156,1998,5.0,,0,,,,,,,,,,0,,,,Matches
113,Ryo Hatsuse,jp JPN,DF,Gamba Osaka,28-110,1997,3.7,,1,,,,,,,,,,1,,,,Matches
114,Fumiya Hayakawa,jp JPN,DF,Albirex Niigata,31-289,1994,7.0,,7,,,,,,,,,,5,,,,Matches
115,Jumpei Hayakawa,jp JPN,MF,Urawa Reds,20-265,2005,0.9,,2,,,,,,,,,,0,,,,Matches
116,Tomoki Hayakawa,jp JPN,GK,Kashima Antlers,26-239,1999,35.0,,1,,,,,,,,,,0,,,,Matches
117,Kotaro Hayashi,jp JPN,MF,Machida Zelvia,24-346,2000,26.8,,31,,,,,,,,,,17,,,,Matches
118,Naoki Hayashi,jp JPN,DF,Tokyo Verdy,27-141,1998,11.5,,6,,,,,,,,,,15,,,,Matches
119,Cesar Haydar,co COL,DF,Kawa Frontale,24-211,2001,2.5,,4,,,,,,,,,,3,,,,Matches
120,Haruto Hidaka,jp JPN,DF,S-Pulse,21-321,2003,0.7,,0,,,,,,,,,,1,,,,Matches
121,Mitsuki Hidaka,jp JPN,DF,Vissel Kobe,22-170,2003,1.7,,1,,,,,,,,,,3,,,,Matches
122,Keigo Higashi,jp JPN,"MF,FW",FC Tokyo,35-100,1990,7.7,,10,,,,,,,,,,5,,,,Matches
123,Shunki Higashi,jp JPN,MF,Sanfrecce,25-092,2000,22.1,,20,,,,,,,,,,31,,,,Matches
124,Yuta Higuchi,jp JPN,MF,Kashima Antlers,28-363,1996,14.0,,15,,,,,,,,,,8,,,,Matches
125,Sora Hiraga,jp JPN,FW,Kyoto Sanga,20-240,2005,2.2,,0,,,,,,,,,,2,,,,Matches
Rk,Player,Nation,Pos,Squad,Age,Born,90s,Tkl,TklW,Def 3rd,Mid 3rd,Att 3rd,Tkl,Att,Lost,Blocks,Sh,Pass,Int,Tkl+Int,Clr,Err,Matches
126,Rei Hirakawa,jp JPN,MF,Tokyo Verdy,25-191,2000,22.7,,27,,,,,,,,,,28,,,,Matches
127,Hayato Hirao,jp JPN,MF,Tokyo Verdy,20-295,2005,2.3,,1,,,,,,,,,,1,,,,Matches
128,Taiyo Hiraoka,jp JPN,MF,Shonan Bellmare,23-044,2002,17.7,,17,,,,,,,,,,7,,,,Matches
129,Taiki Hirato,jp JPN,MF,Kyoto Sanga,28-193,1997,25.9,,10,,,,,,,,,,15,,,,Matches
130,Rikuto Hirose,jp JPN,"DF,FW",Vissel Kobe,30-035,1995,17.6,,17,,,,,,,,,,19,,,,Matches
131,Shion Homma,jp JPN,MF,Cerezo Osaka,25-080,2000,6.9,,9,,,,,,,,,,3,,,,Matches
132,Yuki Honda,jp JPN,DF,Vissel Kobe,34-299,1991,13.7,,11,,,,,,,,,,16,,,,Matches
133,Yuto Horigome,jp JPN,DF,Albirex Niigata,31-049,1994,16.3,,27,,,,,,,,,,27,,,,Matches
134,Yuji Hoshi,jp JPN,MF,Albirex Niigata,33-093,1992,16.6,,11,,,,,,,,,,26,,,,Matches
135,Kyo Hosoi,jp JPN,"MF,DF",Yokohama FC,21-362,2003,7.0,,6,,,,,,,,,,5,,,,Matches
136,Mao Hosoya,jp JPN,FW,Kashiwa Reysol,24-051,2001,13.5,,7,,,,,,,,,,3,,,,Matches
137,Deniz Hummet,tr TUR,FW,Gamba Osaka,29-045,1996,19.0,,10,,,,,,,,,,2,,,,Matches
138,Marius Høibråten,no NOR,DF,Urawa Reds,30-278,1995,34.0,,23,,,,,,,,,,29,,,,Matches
139,Akinori Ichikawa,jp JPN,GK,Yokohama FC,27-009,1998,23.0,,2,,,,,,,,,,0,,,,Matches
140,Kazunari Ichimi,jp JPN,FW,Fagi Okayama,27-352,1997,15.0,,13,,,,,,,,,,4,,,,Matches
141,Jun Ichimori,jp JPN,GK,Gamba Osaka,34-118,1991,35.0,,0,,,,,,,,,,0,,,,Matches
142,Haruya Ide,jp JPN,MF,Vissel Kobe,31-217,1994,6.9,,9,,,,,,,,,,4,,,,Matches
143,Yosuke Ideguchi,jp JPN,MF,Vissel Kobe,29-066,1996,25.6,,40,,,,,,,,,,35,,,,Matches
144,Akihiro Ienaga,jp JPN,MF,Kawa Frontale,39-137,1986,12.6,,13,,,,,,,,,,4,,,,Matches
145,Hiroki Iikura,jp JPN,GK,Marinos,39-149,1986,9.0,,0,,,,,,,,,,0,,,,Matches
146,Nanasei Iino,jp JPN,"FW,DF",Vissel Kobe,29-026,1996,5.6,,7,,,,,,,,,,5,,,,Matches
147,Jurato Ikeda,jp JPN,DF,Avispa Fukuoka,29-041,1996,0.9,,1,,,,,,,,,,1,,,,Matches
148,Masaki Ikeda,jp JPN,MF,Shonan Bellmare,26-112,1999,10.3,,4,,,,,,,,,,6,,,,Matches
149,Sho Inagaki,jp JPN,MF,Grampus,33-307,1991,35.0,,50,,,,,,,,,,62,,,,Matches
150,Tetsuyuki Inami,jp JPN,MF,Tokyo Verdy,26-206,1999,3.5,,7,,,,,,,,,,8,,,,Matches
Rk,Player,Nation,Pos,Squad,Age,Born,90s,Tkl,TklW,Def 3rd,Mid 3rd,Att 3rd,Tkl,Att,Lost,Blocks,Sh,Pass,Int,Tkl+Int,Clr,Err,Matches
151,Hayato Inamura,jp JPN,DF,Albirex Niigata,23-175,2002,15.2,,12,,,,,,,,,,8,,,,Matches
152,Alen Inoue,jp JPN,FW,Sanfrecce,19-039,2006,0.1,,0,,,,,,,,,,0,,,,Matches
153,Kenta Inoue,jp JPN,MF,Marinos,27-097,1998,13.6,,13,,,,,,,,,,4,,,,Matches
154,Rikito Inoue,jp JPN,DF,Cerezo Osaka,28-233,1997,7.8,,7,,,,,,,,,,4,,,,Matches
155,Rikito Inoue,jp JPN,DF,Urawa Reds,28-233,1997,1.1,,0,,,,,,,,,,1,,,,Matches
156,Ryota Inoue,jp JPN,DF,Tokyo Verdy,25-095,2000,0.9,,1,,,,,,,,,,0,,,,Matches
157,Shion Inoue,jp JPN,MF,Sanfrecce,28-086,1997,2.4,,2,,,,,,,,,,0,,,,Matches
158,Takashi Inui,jp JPN,MF,S-Pulse,37-148,1988,27.3,,16,,,,,,,,,,10,,,,Matches
159,Tomoya Inukai,jp JPN,DF,Kashiwa Reysol,32-169,1993,4.2,,2,,,,,,,,,,6,,,,Matches
160,Park Iru-gyu,jp JPN,GK,Marinos,35-310,1989,26.0,,0,,,,,,,,,,1,,,,Matches
161,Sena Ishibashi,jp JPN,MF,Shonan Bellmare,19-189,2006,2.5,,3,,,,,,,,,,6,,,,Matches
162,Hirokazu Ishihara,jp JPN,DF,Urawa Reds,26-244,1999,25.0,,22,,,,,,,,,,12,,,,Matches
163,Hisatsugu Ishii,jp JPN,MF,Shonan Bellmare,20-113,2005,3.0,,6,,,,,,,,,,4,,,,Matches
164,Makito Ito,jp JPN,DF,Yokohama FC,33-010,1992,20.1,,31,,,,,,,,,,27,,,,Matches
165,Sho Ito,jp JPN,MF,Yokohama FC,37-096,1988,2.3,,3,,,,,,,,,,0,,,,Matches
166,Tatsuya Ito,jp JPN,MF,Kawa Frontale,28-124,1997,21.5,,15,,,,,,,,,,10,,,,Matches
167,Hiroto Iwabuchi,jp JPN,MF,Fagi Okayama,28-041,1997,11.7,,8,,,,,,,,,,6,,,,Matches
168,Takuya Iwanami,jp JPN,DF,Vissel Kobe,31-132,1994,1.5,,3,,,,,,,,,,1,,,,Matches
169,Yuto Iwasaki,jp JPN,"MF,FW",Avispa Fukuoka,27-139,1998,18.3,,10,,,,,,,,,,11,,,,Matches
170,Katsuya Iwatake,jp JPN,"DF,MF",Yokohama FC,29-146,1996,8.8,,13,,,,,,,,,,8,,,,Matches
171,Ryuji Izumi,jp JPN,MF,Grampus,31-356,1993,28.6,,20,,,,,,,,,,19,,,,Matches
172,Issam Jebali,tn TUN,FW,Gamba Osaka,33-307,1991,14.2,,10,,,,,,,,,,1,,,,Matches
173,Jesiel,br BRA,DF,Kawa Frontale,31-237,1994,5.9,,1,,,,,,,,,,3,,,,Matches
174,Kim Jin-hyeon,kr KOR,GK,Cerezo Osaka,38-114,1987,8.0,,0,,,,,,,,,,0,,,,Matches
175,Marcos Júnior,br BRA,"FW,MF",Sanfrecce,32-282,1993,0.3,,1,,,,,,,,,,0,,,,Matches
Rk,Player,Nation,Pos,Squad,Age,Born,90s,Tkl,TklW,Def 3rd,Mid 3rd,Att 3rd,Tkl,Att,Lost,Blocks,Sh,Pass,Int,Tkl+Int,Clr,Err,Matches
176,Kasper Junker,dk DEN,FW,Grampus,31-237,1994,4.8,,5,,,,,,,,,,1,,,,Matches
177,Kim Jusung,kr KOR,DF,Sanfrecce,24-320,2000,7.2,,11,,,,,,,,,,12,,,,Matches
178,Shinji Kagawa,jp JPN,MF,Cerezo Osaka,36-225,1989,18.8,,15,,,,,,,,,,13,,,,Matches
179,Yuki Kakita,jp JPN,FW,Kashiwa Reysol,28-106,1997,24.1,,10,,,,,,,,,,7,,,,Matches
180,Naoto Kamifukumoto,jp JPN,GK,Shonan Bellmare,35-345,1989,20.0,,0,,,,,,,,,,0,,,,Matches
181,Ryota Kamihashi,jp JPN,DF,Kawa Frontale,23-134,2002,1.0,,1,,,,,,,,,,0,,,,Matches
182,Takumi Kamijima,jp JPN,DF,Avispa Fukuoka,28-265,1997,19.5,,13,,,,,,,,,,14,,,,Matches
183,Yuta Kamiya,jp JPN,MF,Fagi Okayama,28-187,1997,15.8,,12,,,,,,,,,,14,,,,Matches
184,Takeshi Kanamori,jp JPN,MF,Avispa Fukuoka,31-207,1994,2.2,,3,,,,,,,,,,1,,,,Matches
185,Soma Kanda,jp JPN,FW,Kawa Frontale,19-303,2005,2.1,,0,,,,,,,,,,1,,,,Matches
186,Takuro Kaneko,jp JPN,MF,Urawa Reds,28-090,1997,25.0,,18,,,,,,,,,,11,,,,Matches
187,Keisuke Kasai,jp JPN,"FW,MF",Albirex Niigata,23-059,2002,5.9,,4,,,,,,,,,,3,,,,Matches
188,Eiichi Katayama,jp JPN,"DF,FW",Kashiwa Reysol,33-332,1991,0.3,,0,,,,,,,,,,0,,,,Matches
189,Gen Kato,jp JPN,MF,Grampus,22-196,2003,2.7,,4,,,,,,,,,,2,,,,Matches
190,Hijiri Kato,jp JPN,MF,Fagi Okayama,24-042,2001,19.6,,15,,,,,,,,,,18,,,,Matches
191,Ren Kato,jp JPN,DF,Marinos,25-304,1999,20.3,,22,,,,,,,,,,16,,,,Matches
192,Hayao Kawabe,jp JPN,MF,Sanfrecce,30-050,1995,31.4,,35,,,,,,,,,,30,,,,Matches
193,So Kawahara,jp JPN,MF,Kawa Frontale,27-229,1998,25.5,,29,,,,,,,,,,37,,,,Matches
194,Goro Kawanami,jp JPN,GK,Fagi Okayama,34-181,1991,1.4,,0,,,,,,,,,,0,,,,Matches
195,Shuhei Kawasaki,jp JPN,MF,Tokyo Verdy,24-183,2001,2.8,,3,,,,,,,,,,2,,,,Matches
196,Sota Kawasaki,jp JPN,MF,Kyoto Sanga,24-090,2001,19.9,,26,,,,,,,,,,22,,,,Matches
197,Akinari Kawazura,jp JPN,DF,Grampus,31-178,1994,12.1,,11,,,,,,,,,,12,,,,Matches
198,Noah Kenshin Browne,jp JPN,FW,Fagi Okayama,24-154,2001,1.5,,2,,,,,,,,,,0,,,,Matches
199,Hinata Kida,jp JPN,MF,Cerezo Osaka,25-116,2000,16.0,,26,,,,,,,,,,14,,,,Matches
200,Takuya Kida,jp JPN,MF,Marinos,31-066,1994,20.1,,14,,,,,,,,,,26,,,,Matches
Rk,Player,Nation,Pos,Squad,Age,Born,90s,Tkl,TklW,Def 3rd,Mid 3rd,Att 3rd,Tkl,Att,Lost,Blocks,Sh,Pass,Int,Tkl+Int,Clr,Err,Matches
201,Isaac Kiese Thelin,se SWE,FW,Urawa Reds,33-126,1992,4.5,,0,,,,,,,,,,1,,,,Matches
202,Ryuho Kikuchi,jp JPN,DF,Machida Zelvia,28-323,1996,7.8,,8,,,,,,,,,,10,,,,Matches
203,Taichi Kikuchi,jp JPN,MF,Grampus,26-174,1999,3.6,,4,,,,,,,,,,0,,,,Matches
204,Yasuki Kimoto,jp JPN,DF,FC Tokyo,32-083,1993,5.2,,9,,,,,,,,,,5,,,,Matches
205,Seiji Kimura,jp JPN,DF,FC Tokyo,24-065,2001,8.2,,7,,,,,,,,,,6,,,,Matches
206,Takaya Kimura,jp JPN,MF,Fagi Okayama,27-112,1998,21.8,,23,,,,,,,,,,16,,,,Matches
207,Takuto Kimura,jp JPN,MF,Marinos,25-165,2000,0.0,,0,,,,,,,,,,0,,,,Matches
208,Yūdai Kimura,jp JPN,FW,Tokyo Verdy,24-242,2001,14.4,,13,,,,,,,,,,0,,,,Matches
209,Yūdai Kimura,jp JPN,FW,Grampus,24-242,2001,5.7,,2,,,,,,,,,,0,,,,Matches
210,Kosuke Kinoshita,jp JPN,FW,Sanfrecce,31-025,1994,8.6,,2,,,,,,,,,,0,,,,Matches
211,Kosuke Kinoshita,jp JPN,FW,Kashiwa Reysol,31-025,1994,4.4,,2,,,,,,,,,,1,,,,Matches
212,Takeru Kishimoto,jp JPN,"MF,DF",Gamba Osaka,28-104,1997,7.3,,11,,,,,,,,,,9,,,,Matches
213,Koya Kitagawa,jp JPN,FW,S-Pulse,29-094,1996,23.4,,6,,,,,,,,,,5,,,,Matches
214,Maki Kitahara,jp JPN,MF,FC Tokyo,16-113,2009,2.6,,2,,,,,,,,,,2,,,,Matches
215,Yuji Kitajima,jp JPN,MF,Avispa Fukuoka,25-085,2000,6.6,,3,,,,,,,,,,6,,,,Matches
216,Sota Kitano,jp JPN,MF,Cerezo Osaka,21-076,2004,15.7,,19,,,,,,,,,,10,,,,Matches
217,Kengo Kitazume,jp JPN,"MF,DF",S-Pulse,33-181,1992,12.9,,6,,,,,,,,,,5,,,,Matches
218,Gustavo Klismahn,br BRA,MF,Vissel Kobe,25-339,1999,1.3,,3,,,,,,,,,,0,,,,Matches
219,Takahiro Ko,jp JPN,MF,FC Tokyo,27-191,1998,27.9,,41,,,,,,,,,,30,,,,Matches
220,Shimon Kobayashi,jp JPN,FW,Sanfrecce,17-278,2008,0.0,,0,,,,,,,,,,0,,,,Matches
221,Yu Kobayashi,jp JPN,FW,Kawa Frontale,38-035,1987,3.6,,1,,,,,,,,,,1,,,,Matches
222,Taiyo Koga,jp JPN,DF,Kashiwa Reysol,27-000,1998,35.0,,36,,,,,,,,,,40,,,,Matches
223,Ryuta Koike,jp JPN,"DF,MF",Kashima Antlers,30-060,1995,25.5,,19,,,,,,,,,,25,,,,Matches
224,Kei Koizumi,jp JPN,MF,FC Tokyo,30-192,1995,16.0,,15,,,,,,,,,,27,,,,Matches
225,Yoshio Koizumi,jp JPN,MF,Kashiwa Reysol,29-023,1996,29.2,,27,,,,,,,,,,12,,,,Matches
Rk,Player,Nation,Pos,Squad,Age,Born,90s,Tkl,TklW,Def 3rd,Mid 3rd,Att 3rd,Tkl,Att,Lost,Blocks,Sh,Pass,Int,Tkl+Int,Clr,Err,Matches
226,Ryosuke Kojima,jp JPN,GK,Kashiwa Reysol,28-271,1997,35.0,,2,,,,,,,,,,0,,,,Matches
227,Yoshiaki Komai,jp JPN,MF,Yokohama FC,33-144,1992,16.2,,12,,,,,,,,,,19,,,,Matches
228,Ren Komatsu,jp JPN,FW,Vissel Kobe,27-048,1998,0.6,,0,,,,,,,,,,0,,,,Matches
229,Naoya Komazawa,jp JPN,MF,Yokohama FC,23-164,2002,3.2,,1,,,,,,,,,,2,,,,Matches
230,Yota Komi,jp JPN,MF,Albirex Niigata,23-078,2002,10.5,,8,,,,,,,,,,1,,,,Matches
231,Yota Komi,jp JPN,MF,Kashiwa Reysol,23-078,2002,1.3,,2,,,,,,,,,,0,,,,Matches
232,Tsuna Kominato,jp JPN,FW,FC Tokyo,20-344,2004,0.1,,0,,,,,,,,,,1,,,,Matches
233,Hiiro komori,jp JPN,FW,Urawa Reds,25-083,2000,5.0,,7,,,,,,,,,,1,,,,Matches
234,Yudai Konishi,jp JPN,"FW,MF",Kashiwa Reysol,27-193,1998,0.6,,1,,,,,,,,,,0,,,,Matches
235,Kazuya Konno,jp JPN,MF,Avispa Fukuoka,28-109,1997,24.9,,16,,,,,,,,,,14,,,,Matches
236,Sota Koshimichi,jp JPN,MF,Sanfrecce,21-208,2004,2.2,,4,,,,,,,,,,2,,,,Matches
237,Sean Kotake,jp JPN,MF,S-Pulse,19-197,2006,0.2,,0,,,,,,,,,,0,,,,Matches
238,Tomoya Koyamatsu,jp JPN,MF,Kashiwa Reysol,30-187,1995,27.5,,16,,,,,,,,,,14,,,,Matches
239,Kazuki Kozuka,jp JPN,MF,S-Pulse,31-087,1994,4.5,,3,,,,,,,,,,3,,,,Matches
240,Tojiro Kubo,jp JPN,MF,Kashiwa Reysol,26-206,1999,26.9,,32,,,,,,,,,,18,,,,Matches
241,Ryo Kubota,jp JPN,MF,Yokohama FC,24-296,2001,2.3,,0,,,,,,,,,,1,,,,Matches
242,Kota Kudo,jp JPN,DF,Fagi Okayama,22-076,2003,19.7,,24,,,,,,,,,,21,,,,Matches
243,Koki Kumakura,jp JPN,MF,Yokohama FC,23-165,2002,0.7,,0,,,,,,,,,,1,,,,Matches
244,Koki Kumasaka,jp JPN,MF,Kashiwa Reysol,24-196,2001,17.5,,25,,,,,,,,,,27,,,,Matches
245,Issei Kumatoriya,jp JPN,MF,Tokyo Verdy,22-256,2003,2.0,,2,,,,,,,,,,1,,,,Matches
246,Shu Kurata,jp JPN,MF,Gamba Osaka,36-336,1988,11.5,,20,,,,,,,,,,7,,,,Matches
247,Keisuke Kurokawa,jp JPN,DF,Gamba Osaka,28-198,1997,29.7,,30,,,,,,,,,,23,,,,Matches
248,Shintaro Kurumaya,jp JPN,DF,Kawa Frontale,33-206,1992,1.6,,1,,,,,,,,,,2,,,,Matches
249,Yuya Kuwasaki,jp JPN,"MF,DF",Vissel Kobe,27-166,1998,19.8,,15,,,,,,,,,,23,,,,Matches
250,Kanji Kuwayama,jp JPN,FW,Machida Zelvia,22-334,2002,3.1,,3,,,,,,,,,,0,,,,Matches
Rk,Player,Nation,Pos,Squad,Age,Born,90s,Tkl,TklW,Def 3rd,Mid 3rd,Att 3rd,Tkl,Att,Lost,Blocks,Sh,Pass,Int,Tkl+Int,Clr,Err,Matches
251,Neta Lavi,il ISR,MF,Machida Zelvia,29-064,1996,1.5,,6,,,,,,,,,,5,,,,Matches
252,Neta Lavi,il ISR,MF,Gamba Osaka,29-064,1996,14.6,,32,,,,,,,,,,12,,,,Matches
253,Leonardo,br BRA,FW,Kashima Antlers,30-267,1995,24.2,,20,,,,,,,,,,4,,,,Matches
254,Erik Lima,br BRA,FW,Vissel Kobe,31-102,1994,19.0,,13,,,,,,,,,,14,,,,Matches
255,Anderson Lopes,br BRA,FW,Marinos,32-043,1993,18.9,,5,,,,,,,,,,2,,,,Matches
256,Hiroyuki Mae,jp JPN,MF,Machida Zelvia,30-088,1995,29.1,,29,,,,,,,,,,46,,,,Matches
257,Ichika Maeda,jp JPN,MF,Avispa Fukuoka,19-134,2006,0.1,,0,,,,,,,,,,0,,,,Matches
258,Kantaro Maeda,jp JPN,FW,Yokohama FC,18-110,2007,0.3,,0,,,,,,,,,,1,,,,Matches
259,Naoki Maeda,jp JPN,MF,Sanfrecce,30-345,1994,10.9,,3,,,,,,,,,,0,,,,Matches
260,Naoki Maeda,jp JPN,MF,Urawa Reds,30-345,1994,0.6,,1,,,,,,,,,,0,,,,Matches
261,Yota Maejima,jp JPN,"MF,DF",Avispa Fukuoka,28-077,1997,18.2,,22,,,,,,,,,,17,,,,Matches
262,Daiya Maekawa,jp JPN,GK,Vissel Kobe,31-050,1994,35.0,,1,,,,,,,,,,0,,,,Matches
263,Marcinho,br BRA,MF,Kawa Frontale,30-165,1995,25.0,,17,,,,,,,,,,21,,,,Matches
264,Lucas Marcos,br BRA,FW,Fagi Okayama,30-036,1995,21.0,,13,,,,,,,,,,3,,,,Matches
265,Yuichi Maruyama,jp JPN,DF,Kawa Frontale,36-134,1989,21.8,,14,,,,,,,,,,23,,,,Matches
266,Asahi Masuyama,jp JPN,MF,Machida Zelvia,28-272,1997,2.9,,5,,,,,,,,,,2,,,,Matches
267,Mateus,br BRA,"MF,FW",Grampus,31-047,1994,18.3,,10,,,,,,,,,,4,,,,Matches
268,Yan Matheus,br BRA,MF,Marinos,27-054,1998,19.0,,16,,,,,,,,,,9,,,,Matches
269,Ken Matsubara,jp JPN,DF,Marinos,32-254,1993,18.0,,18,,,,,,,,,,18,,,,Matches
270,Riku Matsuda,jp JPN,DF,Vissel Kobe,34-096,1991,1.5,,0,,,,,,,,,,0,,,,Matches
271,Temma Matsuda,jp JPN,"FW,MF",Kyoto Sanga,30-139,1995,12.0,,8,,,,,,,,,,8,,,,Matches
272,Yuan Matsuhashi,jp JPN,MF,Tokyo Verdy,24-001,2001,12.6,,14,,,,,,,,,,10,,,,Matches
273,Hiroya Matsumoto,jp JPN,DF,Shonan Bellmare,25-079,2000,10.8,,7,,,,,,,,,,8,,,,Matches
274,Hiroya Matsumoto,jp JPN,MF,Sanfrecce,25-079,2000,0.2,,0,,,,,,,,,,0,,,,Matches
275,Masaya Matsumoto,jp JPN,MF,Fagi Okayama,30-276,1995,15.5,,22,,,,,,,,,,10,,,,Matches
Rk,Player,Nation,Pos,Squad,Age,Born,90s,Tkl,TklW,Def 3rd,Mid 3rd,Att 3rd,Tkl,Att,Lost,Blocks,Sh,Pass,Int,Tkl+Int,Clr,Err,Matches
276,Taishi Matsumoto,jp JPN,MF,Urawa Reds,27-189,1998,14.2,,4,,,,,,,,,,11,,,,Matches
277,Kosuke Matsumura,jp JPN,DF,Marinos,21-179,2004,1.4,,1,,,,,,,,,,2,,,,Matches
278,Sere Matsumura,jp JPN,"MF,DF",Shonan Bellmare,21-329,2003,7.8,,8,,,,,,,,,,10,,,,Matches
279,Yuta Matsumura,id IDN,MF,Kashima Antlers,24-198,2001,14.4,,20,,,,,,,,,,13,,,,Matches
280,Yusuke Matsuo,jp JPN,"FW,MF",Urawa Reds,28-097,1997,20.6,,13,,,,,,,,,,5,,,,Matches
281,Daiki Matsuoka,jp JPN,MF,Avispa Fukuoka,24-146,2001,31.8,,31,,,,,,,,,,29,,,,Matches
282,Kai Matsuzaki,jp JPN,MF,S-Pulse,27-340,1997,19.0,,8,,,,,,,,,,7,,,,Matches
283,Phelipe Megiolaro,br BRA,GK,Yokohama FC,26-262,1999,2.0,,0,,,,,,,,,,0,,,,Matches
284,Ryotaro Meshino,jp JPN,MF,Gamba Osaka,27-132,1998,2.4,,4,,,,,,,,,,1,,,,Matches
285,Soma Meshino,jp JPN,MF,Tokyo Verdy,24-161,2001,3.6,,3,,,,,,,,,,3,,,,Matches
286,Michel,br BRA,MF,Yokohama FC,28-169,1997,0.1,,0,,,,,,,,,,0,,,,Matches
287,Tomoya Miki,jp JPN,MF,Avispa Fukuoka,27-214,1998,24.0,,31,,,,,,,,,,15,,,,Matches
288,Kenedyegbus Mikuni,jp JPN,DF,Grampus,25-127,2000,22.5,,10,,,,,,,,,,19,,,,Matches
289,Kim Min-tae,kr KOR,DF,Shonan Bellmare,31-336,1993,14.4,,13,,,,,,,,,,9,,,,Matches
290,Kim Min-tae,kr KOR,DF,S-Pulse,31-336,1993,6.0,,5,,,,,,,,,,6,,,,Matches
291,Harumi Minamino,jp JPN,FW,Gamba Osaka,21-168,2004,1.9,,1,,,,,,,,,,2,,,,Matches
292,Kento Misao,jp JPN,MF,Kashima Antlers,29-195,1996,17.0,,18,,,,,,,,,,36,,,,Matches
293,Rin Mito,jp JPN,MF,Gamba Osaka,23-258,2002,9.2,,10,,,,,,,,,,8,,,,Matches
294,Hiromu Mitsumaru,jp JPN,DF,Kashiwa Reysol,32-114,1993,12.0,,14,,,,,,,,,,14,,,,Matches
295,Makoto Mitsuta,jp JPN,MF,Gamba Osaka,26-100,1999,25.9,,25,,,,,,,,,,9,,,,Matches
296,Genta Miura,jp JPN,DF,Gamba Osaka,30-241,1995,4.8,,2,,,,,,,,,,1,,,,Matches
297,Sota Miura,jp JPN,DF,Kawa Frontale,25-051,2000,22.8,,26,,,,,,,,,,30,,,,Matches
298,Daiki Miya,jp JPN,DF,Grampus,29-210,1996,3.8,,3,,,,,,,,,,6,,,,Matches
299,Ten Miyagi,jp JPN,FW,Kawa Frontale,24-148,2001,4.1,,3,,,,,,,,,,4,,,,Matches
300,Kazuya Miyahara,jp JPN,"DF,MF",Tokyo Verdy,29-220,1996,27.0,,36,,,,,,,,,,21,,,,Matches
Rk,Player,Nation,Pos,Squad,Age,Born,90s,Tkl,TklW,Def 3rd,Mid 3rd,Att 3rd,Tkl,Att,Lost,Blocks,Sh,Pass,Int,Tkl+Int,Clr,Err,Matches
301,Ryo Miyaichi,jp JPN,"MF,DF",Marinos,32-318,1992,11.8,,11,,,,,,,,,,7,,,,Matches
302,Eiji Miyamoto,jp JPN,MF,Albirex Niigata,27-086,1998,6.7,,6,,,,,,,,,,10,,,,Matches
303,Eiji Miyamoto,jp JPN,MF,Fagi Okayama,27-086,1998,6.4,,9,,,,,,,,,,6,,,,Matches
304,Kota Miyamoto,jp JPN,MF,S-Pulse,29-131,1996,2.5,,3,,,,,,,,,,2,,,,Matches
305,Yūta Miyamoto,jp JPN,DF,Kyoto Sanga,25-317,1999,27.0,,19,,,,,,,,,,25,,,,Matches
306,Taisei Miyashiro,jp JPN,"MF,FW",Vissel Kobe,25-155,2000,28.4,,23,,,,,,,,,,4,,,,Matches
307,Shūhei Mizoguchi,jp JPN,"DF,MF",Kashima Antlers,21-257,2004,3.2,,7,,,,,,,,,,2,,,,Matches
308,Kyosuke Mochiyama,jp JPN,,Kawa Frontale,22-071,2003,0.0,,0,,,,,,,,,,1,,,,Matches
309,Henry Mochizuki,jp JPN,MF,Machida Zelvia,24-038,2001,24.2,,24,,,,,,,,,,24,,,,Matches
310,Matheus Moraes,br BRA,MF,Albirex Niigata,25-189,2000,5.2,,4,,,,,,,,,,0,,,,Matches
311,Kaito Mori,jp JPN,FW,Yokohama FC,25-143,2000,0.3,,0,,,,,,,,,,0,,,,Matches
312,Kodai Mori,jp JPN,DF,Albirex Niigata,26-184,1999,0.6,,0,,,,,,,,,,2,,,,Matches
313,Soichiro Mori,jp JPN,MF,Grampus,18-121,2007,5.7,,4,,,,,,,,,,3,,,,Matches
314,Masato Morishige,jp JPN,DF,FC Tokyo,38-160,1987,17.3,,10,,,,,,,,,,20,,,,Matches
315,Tsukasa Morishima,jp JPN,MF,Grampus,28-186,1997,21.2,,14,,,,,,,,,,17,,,,Matches
316,Koki Morita,jp JPN,MF,Tokyo Verdy,25-081,2000,26.5,,25,,,,,,,,,,23,,,,Matches
317,Tatsuya Morita,jp JPN,GK,Machida Zelvia,35-086,1990,1.0,,0,,,,,,,,,,0,,,,Matches
318,Shu Morooka,jp JPN,"MF,FW",Kashima Antlers,24-323,2000,5.0,,4,,,,,,,,,,1,,,,Matches
319,Haruka Motoyama,jp JPN,MF,Fagi Okayama,26-145,1999,4.9,,4,,,,,,,,,,3,,,,Matches
320,Masaaki Murakami,jp JPN,GK,Avispa Fukuoka,33-082,1992,14.0,,1,,,,,,,,,,0,,,,Matches
321,Toma Murata,jp JPN,MF,Yokohama FC,25-098,2000,7.6,,9,,,,,,,,,,10,,,,Matches
322,Keisuke Muroi,jp JPN,MF,Yokohama FC,25-194,2000,6.7,,0,,,,,,,,,,2,,,,Matches
323,Sei Muroya,jp JPN,DF,FC Tokyo,31-206,1994,12.3,,15,,,,,,,,,,10,,,,Matches
324,Yoshinori Mutō,jp JPN,"FW,MF",Vissel Kobe,33-105,1992,11.7,,9,,,,,,,,,,7,,,,Matches
325,Kato Mutsuki,jp JPN,MF,Sanfrecce,28-083,1997,21.4,,17,,,,,,,,,,8,,,,Matches
Rk,Player,Nation,Pos,Squad,Age,Born,90s,Tkl,TklW,Def 3rd,Mid 3rd,Att 3rd,Tkl,Att,Lost,Blocks,Sh,Pass,Int,Tkl+Int,Clr,Err,Matches
326,Kensuke Nagai,jp JPN,"FW,MF",Grampus,36-237,1989,17.5,,7,,,,,,,,,,2,,,,Matches
327,Takumi Nagaishi,jp JPN,GK,Avispa Fukuoka,29-254,1996,4.0,,0,,,,,,,,,,0,,,,Matches
328,Motoki Nagakura,jp JPN,"FW,MF",FC Tokyo,26-021,1999,8.5,,9,,,,,,,,,,1,,,,Matches
329,Motoki Nagakura,jp JPN,FW,Urawa Reds,26-021,1999,1.6,,2,,,,,,,,,,0,,,,Matches
330,Yoichi Naganuma,jp JPN,DF,Urawa Reds,28-197,1997,19.6,,15,,,,,,,,,,13,,,,Matches
331,Shun Nagasawa,jp JPN,FW,Kyoto Sanga,37-064,1988,9.1,,3,,,,,,,,,,1,,,,Matches
332,Kodai Nagata,jp JPN,DF,Kyoto Sanga,23-050,2002,0.1,,0,,,,,,,,,,0,,,,Matches
333,Katsuya Nagato,jp JPN,DF,Marinos,30-286,1995,14.0,,13,,,,,,,,,,12,,,,Matches
334,Katsuya Nagato,jp JPN,DF,Vissel Kobe,30-286,1995,14.0,,21,,,,,,,,,,16,,,,Matches
335,Yuto Nagatomo,jp JPN,"DF,MF",FC Tokyo,39-046,1986,16.2,,14,,,,,,,,,,13,,,,Matches
336,Shintaro Nago,jp JPN,MF,Avispa Fukuoka,29-194,1996,24.4,,21,,,,,,,,,,7,,,,Matches
337,Nobuteru Nakagawa,jp JPN,MF,Kashiwa Reysol,23-166,2002,15.8,,14,,,,,,,,,,18,,,,Matches
338,Teruhito Nakagawa,jp JPN,"FW,MF",FC Tokyo,33-093,1992,15.4,,11,,,,,,,,,,9,,,,Matches
339,Hikaru Nakahara,jp JPN,MF,S-Pulse,29-112,1996,10.9,,4,,,,,,,,,,9,,,,Matches
340,Motohiko Nakajima,jp JPN,"MF,FW",Cerezo Osaka,26-193,1999,22.7,,15,,,,,,,,,,11,,,,Matches
341,Shoya Nakajima,jp JPN,MF,Urawa Reds,31-066,1994,4.5,,1,,,,,,,,,,0,,,,Matches
342,Shun Nakajima,jp JPN,MF,Kashiwa Reysol,23-203,2002,1.2,,2,,,,,,,,,,0,,,,Matches
343,Yotaro Nakajima,jp JPN,MF,Sanfrecce,19-189,2006,8.9,,7,,,,,,,,,,7,,,,Matches
344,Hayato Nakama,jp JPN,"MF,FW",Kashiwa Reysol,33-165,1992,10.1,,9,,,,,,,,,,3,,,,Matches
345,Hotaka Nakamura,jp JPN,MF,Machida Zelvia,28-077,1997,0.9,,0,,,,,,,,,,1,,,,Matches
346,Sota Nakamura,jp JPN,MF,Sanfrecce,23-013,2002,20.9,,21,,,,,,,,,,9,,,,Matches
347,Takumi Nakamura,jp JPN,DF,Cerezo Osaka,24-226,2001,0.4,,0,,,,,,,,,,0,,,,Matches
348,Ryuma Nakano,jp JPN,MF,Kyoto Sanga,23-022,2002,4.7,,6,,,,,,,,,,2,,,,Matches
349,Shinya Nakano,jp JPN,"MF,DF",Shonan Bellmare,22-072,2003,6.1,,6,,,,,,,,,,7,,,,Matches
350,Shinya Nakano,jp JPN,DF,Gamba Osaka,22-072,2003,0.3,,4,,,,,,,,,,1,,,,Matches
Rk,Player,Nation,Pos,Squad,Age,Born,90s,Tkl,TklW,Def 3rd,Mid 3rd,Att 3rd,Tkl,Att,Lost,Blocks,Sh,Pass,Int,Tkl+Int,Clr,Err,Matches
351,Shuto Nakano,jp JPN,"MF,DF",Sanfrecce,25-123,2000,28.4,,31,,,,,,,,,,18,,,,Matches
352,Yoshihiro Nakano,jp JPN,MF,Yokohama FC,32-246,1993,0.4,,1,,,,,,,,,,0,,,,Matches
353,Shinnosuke Nakatani,jp JPN,DF,Gamba Osaka,29-218,1996,32.0,,20,,,,,,,,,,18,,,,Matches
354,Katsuhiro Nakayama,jp JPN,MF,Grampus,29-103,1996,18.9,,17,,,,,,,,,,15,,,,Matches
355,Yuta Nakayama,jp JPN,"MF,DF",Machida Zelvia,28-254,1997,25.1,,17,,,,,,,,,,20,,,,Matches
356,Tatsuki Nara,jp JPN,DF,Avispa Fukuoka,32-039,1993,12.2,,11,,,,,,,,,,15,,,,Matches
357,Shumpei Naruse,jp JPN,DF,Kashiwa Reysol,24-284,2001,1.0,,0,,,,,,,,,,1,,,,Matches
358,Gakū Nawata,jp JPN,MF,Gamba Osaka,19-091,2006,0.9,,1,,,,,,,,,,0,,,,Matches
359,Boniface Nduka,jp JPN,DF,Yokohama FC,29-255,1996,33.5,,30,,,,,,,,,,40,,,,Matches
360,Kenta Nemoto,jp JPN,DF,Urawa Reds,22-319,2002,2.1,,2,,,,,,,,,,3,,,,Matches
361,Ryo Nemoto,jp JPN,FW,Shonan Bellmare,25-267,2000,2.9,,3,,,,,,,,,,1,,,,Matches
362,Ayumi Niekawa,jp JPN,GK,Urawa Reds,31-169,1994,2.9,,0,,,,,,,,,,0,,,,Matches
363,Motoki Nishihara,jp JPN,MF,S-Pulse,18-316,2006,3.0,,5,,,,,,,,,,3,,,,Matches
364,Shusaku Nishikawa,jp JPN,GK,Urawa Reds,39-132,1986,32.1,,0,,,,,,,,,,0,,,,Matches
365,Takuma Nishimura,jp JPN,MF,Machida Zelvia,29-006,1996,23.5,,4,,,,,,,,,,6,,,,Matches
366,Ryūya Nishio,jp JPN,DF,Cerezo Osaka,24-165,2001,20.1,,12,,,,,,,,,,9,,,,Matches
367,Rio Nitta,jp JPN,FW,Shonan Bellmare,22-201,2003,4.0,,2,,,,,,,,,,2,,,,Matches
368,Rio Nitta,jp JPN,FW,Urawa Reds,22-201,2003,0.2,,0,,,,,,,,,,0,,,,Matches
369,Kyohei Noborizato,jp JPN,DF,Cerezo Osaka,34-349,1990,9.1,,11,,,,,,,,,,5,,,,Matches
370,Hiroto Noda,jp JPN,DF,Kawa Frontale,19-206,2006,0.0,,0,,,,,,,,,,0,,,,Matches
371,Yuki Nogami,jp JPN,"DF,MF",Grampus,34-191,1991,17.2,,8,,,,,,,,,,9,,,,Matches
372,Kimito Nono,jp JPN,DF,Kashima Antlers,23-216,2002,19.3,,20,,,,,,,,,,21,,,,Matches
373,Reon Nozawa,jp JPN,MF,FC Tokyo,22-099,2003,6.7,,2,,,,,,,,,,3,,,,Matches
374,Taishi Nozawa,jp JPN,GK,FC Tokyo,22-307,2002,17.0,,0,,,,,,,,,,1,,,,Matches
375,Takaya Numata,jp JPN,MF,Machida Zelvia,26-192,1999,1.8,,0,,,,,,,,,,0,,,,Matches
Rk,Player,Nation,Pos,Squad,Age,Born,90s,Tkl,TklW,Def 3rd,Mid 3rd,Att 3rd,Tkl,Att,Lost,Blocks,Sh,Pass,Int,Tkl+Int,Clr,Err,Matches
376,Yuma Obata,jp JPN,GK,Avispa Fukuoka,23-355,2001,17.0,,0,,,,,,,,,,0,,,,Matches
377,Riku Ochiai,jp JPN,MF,Albirex Niigata,26-158,1999,0.1,,2,,,,,,,,,,0,,,,Matches
378,Itsuki Oda,jp JPN,MF,Avispa Fukuoka,27-104,1998,2.0,,3,,,,,,,,,,1,,,,Matches
379,Yutaro Oda,jp JPN,"FW,MF",Shonan Bellmare,24-077,2001,10.0,,7,,,,,,,,,,6,,,,Matches
380,Tsuyoshi Ogashiwa,jp JPN,"FW,MF",FC Tokyo,27-111,1998,0.7,,0,,,,,,,,,,0,,,,Matches
381,Keijiro Ogawa,jp JPN,"FW,MF",Yokohama FC,33-106,1992,2.0,,2,,,,,,,,,,0,,,,Matches
382,Ryoya Ogawa,jp JPN,DF,Kashima Antlers,28-338,1996,8.4,,4,,,,,,,,,,9,,,,Matches
383,Takahiro Ogihara,jp JPN,MF,Vissel Kobe,34-023,1991,29.6,,45,,,,,,,,,,50,,,,Matches
384,Takuya Ogiwara,jp JPN,DF,Urawa Reds,25-339,1999,17.1,,20,,,,,,,,,,15,,,,Matches
385,Hinata Ogura,jp JPN,MF,Yokohama FC,24-178,2001,14.3,,26,,,,,,,,,,15,,,,Matches
386,Motoki Ohara,jp JPN,MF,Albirex Niigata,25-233,2000,3.6,,3,,,,,,,,,,1,,,,Matches
387,Motoki Ohara,jp JPN,MF,Sanfrecce,25-233,2000,0.3,,1,,,,,,,,,,0,,,,Matches
388,Ayumu Ohata,jp JPN,DF,Cerezo Osaka,24-184,2001,7.9,,11,,,,,,,,,,6,,,,Matches
389,Rinsei Ohata,jp JPN,MF,S-Pulse,21-339,2003,0.1,,0,,,,,,,,,,1,,,,Matches
390,Kazuki Oiwa,jp JPN,DF,Shonan Bellmare,36-072,1989,6.9,,7,,,,,,,,,,1,,,,Matches
391,Teppei Oka,jp JPN,DF,FC Tokyo,24-052,2001,14.5,,17,,,,,,,,,,12,,,,Matches
392,Daihachi Okamura,jp JPN,DF,Machida Zelvia,28-255,1997,28.8,,26,,,,,,,,,,35,,,,Matches
393,Yuya Oki,jp JPN,GK,S-Pulse,26-067,1999,23.0,,0,,,,,,,,,,0,,,,Matches
394,Tomoaki Okubo,jp JPN,MF,Urawa Reds,27-097,1998,3.5,,0,,,,,,,,,,1,,,,Matches
395,Hayato Okuda,jp JPN,"DF,MF",Cerezo Osaka,24-190,2001,24.5,,19,,,,,,,,,,29,,,,Matches
396,Masaya Okugawa,jp JPN,"FW,MF",Kyoto Sanga,29-197,1996,13.3,,16,,,,,,,,,,5,,,,Matches
397,Jin Okumura,jp JPN,MF,Albirex Niigata,24-208,2001,21.1,,10,,,,,,,,,,6,,,,Matches
398,Hiroaki Okuno,jp JPN,MF,Shonan Bellmare,36-075,1989,12.9,,9,,,,,,,,,,10,,,,Matches
399,Hiroaki Okuno,jp JPN,"FW,MF",Cerezo Osaka,36-075,1989,0.2,,0,,,,,,,,,,1,,,,Matches
400,Kohei Okuno,jp JPN,MF,Shonan Bellmare,25-208,2000,21.4,,12,,,,,,,,,,42,,,,Matches
Rk,Player,Nation,Pos,Squad,Age,Born,90s,Tkl,TklW,Def 3rd,Mid 3rd,Att 3rd,Tkl,Att,Lost,Blocks,Sh,Pass,Int,Tkl+Int,Clr,Err,Matches
401,Kanji Okunuki,jp JPN,MF,Gamba Osaka,26-078,1999,3.3,,8,,,,,,,,,,0,,,,Matches
402,Matheus Caldeira Vidotto de Oliveira,br BRA,GK,Tokyo Verdy,31-201,1994,35.0,,0,,,,,,,,,,0,,,,Matches
403,Hijiri Onaga,jp JPN,MF,Tokyo Verdy,30-247,1995,19.4,,18,,,,,,,,,,22,,,,Matches
404,Joji Onaiu,jp JPN,MF,Marinos,24-351,2000,0.7,,1,,,,,,,,,,0,,,,Matches
405,Kazunari Ono,jp JPN,DF,Shonan Bellmare,36-085,1989,15.8,,17,,,,,,,,,,15,,,,Matches
406,Masahito Ono,jp JPN,MF,Grampus,29-080,1996,1.4,,1,,,,,,,,,,4,,,,Matches
407,Yuji Ono,jp JPN,FW,Albirex Niigata,32-310,1992,7.0,,0,,,,,,,,,,4,,,,Matches
408,Kosuke Onose,jp JPN,MF,Shonan Bellmare,32-189,1993,25.5,,24,,,,,,,,,,8,,,,Matches
409,Keisuke Ōsako,jp JPN,GK,Sanfrecce,26-092,1999,35.0,,1,,,,,,,,,,1,,,,Matches
410,Yuya Osako,jp JPN,FW,Vissel Kobe,35-163,1990,20.6,,11,,,,,,,,,,3,,,,Matches
411,Ryota Oshima,jp JPN,MF,Kawa Frontale,32-278,1993,2.3,,1,,,,,,,,,,4,,,,Matches
412,Gakuji Ota,jp JPN,GK,Kyoto Sanga,34-306,1990,33.0,,0,,,,,,,,,,0,,,,Matches
413,Ryunosuke Ota,jp JPN,FW,Fagi Okayama,23-210,2002,0.0,,0,,,,,,,,,,0,,,,Matches
414,Shusuke Ota,jp JPN,MF,Shonan Bellmare,29-247,1996,5.0,,3,,,,,,,,,,2,,,,Matches
415,Shusuke Ota,jp JPN,MF,Albirex Niigata,29-247,1996,6.4,,4,,,,,,,,,,3,,,,Matches
416,Yuto Ozeki,jp JPN,MF,Kawa Frontale,20-264,2005,6.0,,12,,,,,,,,,,4,,,,Matches
417,Jean Patric,br BRA,"FW,MF",Vissel Kobe,28-167,1997,5.8,,9,,,,,,,,,,1,,,,Matches
418,Patrick,br BRA,DF,Kyoto Sanga,28-147,1997,7.1,,4,,,,,,,,,,12,,,,Matches
419,João Paulo,br BRA,MF,Yokohama FC,28-334,1996,11.8,,14,,,,,,,,,,6,,,,Matches
420,João Pedro Mendes,br BRA,MF,Kyoto Sanga,26-055,1999,10.6,,26,,,,,,,,,,11,,,,Matches
421,Luiz Phellype,br BRA,FW,Shonan Bellmare,32-031,1993,5.8,,0,,,,,,,,,,1,,,,Matches
422,Alexandre Pisano,jp JPN,GK,Grampus,19-291,2006,15.0,,0,,,,,,,,,,0,,,,Matches
423,Werik Popó,br BRA,FW,Fagi Okayama,24-011,2001,2.2,,1,,,,,,,,,,0,,,,Matches
424,William Popp,jp JPN,GK,Shonan Bellmare,31-007,1994,7.0,,0,,,,,,,,,,0,,,,Matches
425,Jeisson Quiñones,co COL,DF,Marinos,28-072,1997,18.7,,13,,,,,,,,,,22,,,,Matches
Rk,Player,Nation,Pos,Squad,Age,Born,90s,Tkl,TklW,Def 3rd,Mid 3rd,Att 3rd,Tkl,Att,Lost,Blocks,Sh,Pass,Int,Tkl+Int,Clr,Err,Matches
426,Rafael Ratão,br BRA,FW,Cerezo Osaka,29-332,1995,25.8,,16,,,,,,,,,,9,,,,Matches
427,Zé Ricardo,br BRA,MF,Shonan Bellmare,26-267,1999,4.6,,2,,,,,,,,,,7,,,,Matches
428,Lazar Romanić,rs SRB,FW,Kawa Frontale,27-217,1998,2.1,,1,,,,,,,,,,0,,,,Matches
429,Marcelo Ryan,br BRA,FW,FC Tokyo,23-142,2002,17.8,,7,,,,,,,,,,4,,,,Matches
430,Riku Saga,jp JPN,DF,Fagi Okayama,27-154,1998,0.3,,0,,,,,,,,,,0,,,,Matches
431,Abdelrahman Saidi,se SWE,FW,Albirex Niigata,26-076,1999,8.4,,0,,,,,,,,,,4,,,,Matches
432,Keita Saito,jp JPN,FW,Fagi Okayama,32-211,1993,0.0,,0,,,,,,,,,,0,,,,Matches
433,Kosuke Saito,jp JPN,MF,Tokyo Verdy,28-134,1997,28.4,,17,,,,,,,,,,41,,,,Matches
434,Mitsuki Saito,jp JPN,MF,Vissel Kobe,26-291,1999,1.2,,1,,,,,,,,,,1,,,,Matches
435,Mitsuki Saito,jp JPN,MF,Kyoto Sanga,26-291,1999,0.7,,1,,,,,,,,,,0,,,,Matches
436,Gōtoku Sakai,jp JPN,DF,Vissel Kobe,34-228,1991,24.9,,31,,,,,,,,,,45,,,,Matches
437,Reiya Sakata,jp JPN,MF,Cerezo Osaka,21-170,2004,7.8,,10,,,,,,,,,,2,,,,Matches
438,Soromon Sakuragawa,jp JPN,FW,Yokohama FC,24-085,2001,17.7,,10,,,,,,,,,,5,,,,Matches
439,Kota Sanada,jp JPN,GK,Shonan Bellmare,26-190,1999,6.0,,1,,,,,,,,,,0,,,,Matches
440,Na Sang-ho,kr KOR,MF,Machida Zelvia,29-077,1996,13.8,,6,,,,,,,,,,8,,,,Matches
441,Hanan Sani Brown,jp JPN,FW,Avispa Fukuoka,19-117,2006,0.0,,0,,,,,,,,,,0,,,,Matches
442,Thiago Santana,br BRA,FW,Urawa Reds,32-266,1993,10.8,,4,,,,,,,,,,0,,,,Matches
443,Asahi Sasaki,jp JPN,DF,Kawa Frontale,25-275,2000,30.5,,39,,,,,,,,,,30,,,,Matches
444,Daiju Sasaki,jp JPN,FW,Vissel Kobe,35-041,1990,22.4,,11,,,,,,,,,,9,,,,Matches
445,Sho Sasaki,jp JPN,DF,Sanfrecce,36-026,1989,32.9,,39,,,,,,,,,,43,,,,Matches
446,Shogo Sasaki,jp JPN,DF,Gamba Osaka,25-095,2000,3.6,,7,,,,,,,,,,5,,,,Matches
447,Kein Sato,jp JPN,"MF,FW",FC Tokyo,24-109,2001,21.8,,23,,,,,,,,,,10,,,,Matches
448,Kyō Satō,jp JPN,DF,Kyoto Sanga,25-221,2000,22.4,,24,,,,,,,,,,36,,,,Matches
449,Mihiro Satō,jp JPN,DF,Kashima Antlers,18-244,2007,0.2,,1,,,,,,,,,,0,,,,Matches
450,Ryūnosuke Satō,jp JPN,MF,Fagi Okayama,19-012,2006,19.7,,31,,,,,,,,,,12,,,,Matches
Rk,Player,Nation,Pos,Squad,Age,Born,90s,Tkl,TklW,Def 3rd,Mid 3rd,Att 3rd,Tkl,Att,Lost,Blocks,Sh,Pass,Int,Tkl+Int,Clr,Err,Matches
451,Sonosuke Sato,jp JPN,MF,Avispa Fukuoka,22-114,2003,3.1,,0,,,,,,,,,,3,,,,Matches
452,Yota Sato,jp JPN,DF,Grampus,27-048,1998,23.5,,21,,,,,,,,,,24,,,,Matches
453,Matheus Sávio,br BRA,MF,Urawa Reds,28-196,1997,27.4,,23,,,,,,,,,,19,,,,Matches
454,Daniel Schmidt,jp JPN,GK,Grampus,33-267,1992,7.0,,0,,,,,,,,,,0,,,,Matches
455,Alexander Scholz,dk DEN,DF,FC Tokyo,33-004,1992,13.0,,7,,,,,,,,,,24,,,,Matches
456,Yusuke Segawa,jp JPN,MF,Kawa Frontale,31-263,1994,2.3,,2,,,,,,,,,,3,,,,Matches
457,Yusuke Segawa,jp JPN,MF,Kashiwa Reysol,31-263,1994,3.7,,1,,,,,,,,,,1,,,,Matches
458,Oh Sehun,kr KOR,FW,Machida Zelvia,26-286,1999,14.5,,4,,,,,,,,,,2,,,,Matches
459,Ikuma Sekigawa,jp JPN,DF,Kashima Antlers,25-045,2000,13.2,,13,,,,,,,,,,11,,,,Matches
460,Takahiro Sekine,jp JPN,"DF,MF",Urawa Reds,30-192,1995,15.2,,22,,,,,,,,,,12,,,,Matches
461,Kanta Sekitomi,jp JPN,DF,Marinos,20-005,2005,1.9,,3,,,,,,,,,,1,,,,Matches
462,Keiya Sento,jp JPN,MF,Machida Zelvia,30-303,1994,9.3,,8,,,,,,,,,,12,,,,Matches
463,Kim Seung-gyu,kr KOR,GK,FC Tokyo,35-028,1990,13.0,,1,,,,,,,,,,0,,,,Matches
464,Gaku Shibasaki,jp JPN,MF,Kashima Antlers,33-153,1992,10.7,,12,,,,,,,,,,17,,,,Matches
465,Kai Shibato,jp JPN,MF,Urawa Reds,29-338,1995,2.3,,4,,,,,,,,,,3,,,,Matches
466,Masaya Shibayama,jp JPN,MF,Cerezo Osaka,23-118,2002,11.7,,8,,,,,,,,,,3,,,,Matches
467,Takaaki Shichi,jp JPN,"DF,MF",Avispa Fukuoka,31-305,1993,18.1,,20,,,,,,,,,,20,,,,Matches
468,Masato Shigemi,jp JPN,MF,Avispa Fukuoka,24-038,2001,9.7,,18,,,,,,,,,,5,,,,Matches
469,Keiya Shiihashi,jp JPN,MF,Grampus,28-130,1997,23.3,,23,,,,,,,,,,23,,,,Matches
470,Yudai Shimamoto,jp JPN,MF,S-Pulse,19-002,2006,3.9,,1,,,,,,,,,,4,,,,Matches
471,Takuya Shimamura,jp JPN,MF,Albirex Niigata,26-236,1999,6.2,,8,,,,,,,,,,6,,,,Matches
472,Takuya Shimamura,jp JPN,"FW,MF",Kashiwa Reysol,26-236,1999,0.2,,0,,,,,,,,,,0,,,,Matches
473,Kaili Shimbo,jp JPN,MF,Yokohama FC,23-073,2002,26.2,,15,,,,,,,,,,29,,,,Matches
474,Hokuto Shimoda,jp JPN,MF,Machida Zelvia,33-355,1991,21.5,,11,,,,,,,,,,23,,,,Matches
475,Ryosuke Shindo,jp JPN,DF,Cerezo Osaka,29-143,1996,17.1,,15,,,,,,,,,,15,,,,Matches
Rk,Player,Nation,Pos,Squad,Age,Born,90s,Tkl,TklW,Def 3rd,Mid 3rd,Att 3rd,Tkl,Att,Lost,Blocks,Sh,Pass,Int,Tkl+Int,Clr,Err,Matches
476,Tsukasa Shiotani,jp JPN,"DF,MF",Sanfrecce,36-327,1988,28.2,,24,,,,,,,,,,33,,,,Matches
477,Eiji Shirai,jp JPN,MF,Albirex Niigata,30-032,1995,11.9,,9,,,,,,,,,,6,,,,Matches
478,Eiji Shirai,jp JPN,MF,Kashiwa Reysol,30-032,1995,1.4,,2,,,,,,,,,,0,,,,Matches
479,Kosuke Shirai,jp JPN,"MF,DF",FC Tokyo,31-180,1994,14.0,,20,,,,,,,,,,10,,,,Matches
480,Ryosuke Shirai,jp JPN,MF,Tokyo Verdy,20-164,2005,1.8,,0,,,,,,,,,,0,,,,Matches
481,Ryōhei Shirasaki,jp JPN,MF,Machida Zelvia,32-163,1993,6.7,,10,,,,,,,,,,7,,,,Matches
482,Gen Shoji,jp JPN,DF,Machida Zelvia,32-321,1992,35.0,,28,,,,,,,,,,24,,,,Matches
483,Miguel Silveira,br BRA,FW,Albirex Niigata,22-216,2003,0.9,,0,,,,,,,,,,0,,,,Matches
484,Yuki Soma,jp JPN,MF,Machida Zelvia,28-245,1997,26.9,,13,,,,,,,,,,5,,,,Matches
485,Itsuki Someno,jp JPN,"FW,MF",Tokyo Verdy,24-046,2001,20.4,,15,,,,,,,,,,3,,,,Matches
486,Alfredo Stephens,pa PAN,"FW,MF",S-Pulse,30-307,1994,0.4,,0,,,,,,,,,,0,,,,Matches
487,Rui Sueyoshi,jp JPN,MF,Fagi Okayama,29-094,1996,2.0,,4,,,,,,,,,,1,,,,Matches
488,Daiki Suga,jp JPN,MF,Sanfrecce,27-048,1998,8.9,,11,,,,,,,,,,7,,,,Matches
489,Hidehiro Sugai,jp JPN,DF,Kyoto Sanga,27-001,1998,26.5,,47,,,,,,,,,,11,,,,Matches
490,Daiki Sugioka,jp JPN,DF,Kashiwa Reysol,27-050,1998,9.2,,4,,,,,,,,,,9,,,,Matches
491,Shungo Sugiura,jp JPN,MF,Grampus,19-167,2006,0.2,,0,,,,,,,,,,0,,,,Matches
492,Jelani Sumiyoshi,jp JPN,DF,S-Pulse,28-023,1997,27.6,,24,,,,,,,,,,41,,,,Matches
493,Jung Sung-ryong,kr KOR,GK,Kawa Frontale,40-297,1985,3.0,,0,,,,,,,,,,0,,,,Matches
494,Gu Sung-yun,kr KOR,GK,Kyoto Sanga,31-123,1994,2.0,,0,,,,,,,,,,0,,,,Matches
495,Kosei Suwama,jp JPN,DF,Marinos,22-144,2003,8.8,,4,,,,,,,,,,8,,,,Matches
496,Akito Suzuki,jp JPN,FW,Shonan Bellmare,22-090,2003,29.2,,21,,,,,,,,,,11,,,,Matches
497,Junnosuke Suzuki,jp JPN,DF,Shonan Bellmare,22-108,2003,20.6,,37,,,,,,,,,,35,,,,Matches
498,Junya Suzuki,jp JPN,MF,Yokohama FC,29-294,1996,7.7,,6,,,,,,,,,,4,,,,Matches
499,Kaito Suzuki,jp JPN,DF,Tokyo Verdy,23-064,2002,0.6,,0,,,,,,,,,,2,,,,Matches
500,Musashi Suzuki,jp JPN,MF,Yokohama FC,31-259,1994,13.1,,6,,,,,,,,,,4,,,,Matches
Rk,Player,Nation,Pos,Squad,Age,Born,90s,Tkl,TklW,Def 3rd,Mid 3rd,Att 3rd,Tkl,Att,Lost,Blocks,Sh,Pass,Int,Tkl+Int,Clr,Err,Matches
501,Toichi Suzuki,jp JPN,DF,Marinos,25-151,2000,13.9,,15,,,,,,,,,,20,,,,Matches
502,Tokuma Suzuki,jp JPN,MF,Gamba Osaka,28-230,1997,20.9,,21,,,,,,,,,,23,,,,Matches
503,Yoshinori Suzuki,jp JPN,DF,Kyoto Sanga,33-047,1992,32.6,,16,,,,,,,,,,31,,,,Matches
504,Yoshitake Suzuki,jp JPN,DF,Fagi Okayama,27-114,1998,15.2,,14,,,,,,,,,,16,,,,Matches
505,Yuma Suzuki,jp JPN,"FW,MF",Kashima Antlers,29-185,1996,33.1,,21,,,,,,,,,,7,,,,Matches
506,Yuto Suzuki,jp JPN,"DF,MF",Shonan Bellmare,31-325,1993,30.5,,54,,,,,,,,,,30,,,,Matches
507,Jakub Słowik,pl POL,GK,Yokohama FC,34-058,1991,10.0,,0,,,,,,,,,,0,,,,Matches
508,Ryo Tabei,jp JPN,MF,Fagi Okayama,26-125,1999,15.9,,24,,,,,,,,,,18,,,,Matches
509,Koki Tachi,jp JPN,DF,Shonan Bellmare,27-318,1997,12.3,,17,,,,,,,,,,11,,,,Matches
510,Kento Tachibanada,jp JPN,MF,Kawa Frontale,27-152,1998,13.5,,25,,,,,,,,,,31,,,,Matches
511,Kim Taehyeon,kr KOR,DF,Kashima Antlers,25-041,2000,21.0,,8,,,,,,,,,,13,,,,Matches
512,Daichi Tagami,jp JPN,DF,Fagi Okayama,32-134,1993,27.7,,28,,,,,,,,,,24,,,,Matches
513,Kyosuke Tagawa,jp JPN,FW,Kashima Antlers,26-259,1999,7.0,,6,,,,,,,,,,0,,,,Matches
514,Sen Takagi,jp JPN,DF,S-Pulse,23-228,2002,19.2,,23,,,,,,,,,,27,,,,Matches
515,Yoshiaki Takagi,jp JPN,"MF,FW",Albirex Niigata,32-323,1992,3.8,,6,,,,,,,,,,1,,,,Matches
516,Daigo Takahashi,jp JPN,MF,Machida Zelvia,26-194,1999,0.0,,0,,,,,,,,,,0,,,,Matches
517,Naoya Takahashi,jp JPN,MF,Shonan Bellmare,24-153,2001,1.7,,2,,,,,,,,,,1,,,,Matches
518,Niko Takahashi,jp JPN,"DF,MF",Cerezo Osaka,20-072,2005,11.6,,15,,,,,,,,,,23,,,,Matches
519,Toshiki Takahashi,jp JPN,FW,S-Pulse,27-281,1998,9.4,,3,,,,,,,,,,3,,,,Matches
520,Toshiki Takahashi,jp JPN,FW,Urawa Reds,27-281,1998,1.0,,0,,,,,,,,,,0,,,,Matches
521,Yuji Takahashi,jp JPN,DF,S-Pulse,32-200,1993,13.5,,8,,,,,,,,,,13,,,,Matches
522,Kōta Takai,jp JPN,DF,Kawa Frontale,21-054,2004,21.2,,28,,,,,,,,,,23,,,,Matches
523,Shohei Takeda,jp JPN,MF,Kyoto Sanga,31-207,1994,9.1,,9,,,,,,,,,,5,,,,Matches
524,Yohei Takeda,jp JPN,GK,Grampus,38-120,1987,13.0,,1,,,,,,,,,,0,,,,Matches
525,Ryo Takeuchi,jp JPN,MF,Fagi Okayama,34-234,1991,1.8,,3,,,,,,,,,,0,,,,Matches
Rk,Player,Nation,Pos,Squad,Age,Born,90s,Tkl,TklW,Def 3rd,Mid 3rd,Att 3rd,Tkl,Att,Lost,Blocks,Sh,Pass,Int,Tkl+Int,Clr,Err,Matches
526,Talles,br BRA,"MF,FW",Kashima Antlers,27-169,1998,3.7,,2,,,,,,,,,,1,,,,Matches
527,Sōki Tamura,jp JPN,MF,Shonan Bellmare,23-191,2002,0.3,,0,,,,,,,,,,1,,,,Matches
528,Shūto Tanabe,jp JPN,DF,Kawa Frontale,23-176,2002,3.8,,2,,,,,,,,,,7,,,,Matches
529,Hayato Tanaka,jp JPN,DF,Kashiwa Reysol,21-361,2003,12.9,,5,,,,,,,,,,10,,,,Matches
530,Satoshi Tanaka,jp JPN,MF,Sanfrecce,23-076,2002,22.3,,46,,,,,,,,,,30,,,,Matches
531,Shunta Tanaka,jp JPN,MF,Cerezo Osaka,28-155,1997,23.0,,38,,,,,,,,,,23,,,,Matches
532,Kosei Tani,jp JPN,GK,Machida Zelvia,24-340,2000,34.0,,0,,,,,,,,,,0,,,,Matches
533,Hiroto Taniguchi,jp JPN,DF,Tokyo Verdy,26-028,1999,32.2,,30,,,,,,,,,,32,,,,Matches
534,Kaito Taniguchi,jp JPN,"MF,FW",Albirex Niigata,30-051,1995,16.5,,7,,,,,,,,,,4,,,,Matches
535,Kaina Tanimura,jp JPN,FW,Marinos,27-237,1998,8.1,,3,,,,,,,,,,1,,,,Matches
536,Douglas Tanque,br BRA,FW,S-Pulse,32-001,1993,1.6,,1,,,,,,,,,,1,,,,Matches
537,Masaya Tashiro,jp JPN,DF,Avispa Fukuoka,32-180,1993,21.2,,6,,,,,,,,,,13,,,,Matches
538,Ryuga Tashiro,jp JPN,GK,Albirex Niigata,27-062,1998,13.0,,1,,,,,,,,,,0,,,,Matches
539,Yugo Tatsuta,jp JPN,DF,Fagi Okayama,27-129,1998,25.0,,32,,,,,,,,,,33,,,,Matches
540,Kota Tawaratsumida,jp JPN,MF,FC Tokyo,21-167,2004,22.0,,9,,,,,,,,,,4,,,,Matches
541,Hisashi Tawiah,jp JPN,DF,Kyoto Sanga,27-010,1998,4.8,,3,,,,,,,,,,1,,,,Matches
542,Shimon Teranuma,jp JPN,FW,Tokyo Verdy,24-234,2001,1.6,,2,,,,,,,,,,0,,,,Matches
543,Kohei Tezuka,jp JPN,MF,Kashiwa Reysol,29-205,1996,0.5,,1,,,,,,,,,,0,,,,Matches
544,Thiago,br BRA,"MF,FW",Cerezo Osaka,24-362,2000,17.7,,27,,,,,,,,,,6,,,,Matches
545,Matheus Thuler,br BRA,DF,Vissel Kobe,26-232,1999,27.1,,19,,,,,,,,,,11,,,,Matches
546,Kyota Tokiwa,jp JPN,MF,FC Tokyo,23-202,2002,1.5,,0,,,,,,,,,,3,,,,Matches
547,Homare Tokuda,jp JPN,FW,Kashima Antlers,18-252,2007,1.3,,1,,,,,,,,,,1,,,,Matches
548,Shuhei Tokumoto,jp JPN,MF,Grampus,30-046,1995,16.8,,8,,,,,,,,,,9,,,,Matches
549,Niina Tominaga,jp JPN,FW,Vissel Kobe,21-102,2004,0.0,,0,,,,,,,,,,0,,,,Matches
550,Daiya Tono,jp JPN,MF,Marinos,26-228,1999,15.4,,15,,,,,,,,,,10,,,,Matches
Rk,Player,Nation,Pos,Squad,Age,Born,90s,Tkl,TklW,Def 3rd,Mid 3rd,Att 3rd,Tkl,Att,Lost,Blocks,Sh,Pass,Int,Tkl+Int,Clr,Err,Matches
551,Sachiro Toshima,jp JPN,MF,Kashiwa Reysol,30-032,1995,3.7,,6,,,,,,,,,,6,,,,Matches
552,Shoji Toyama,jp JPN,MF,Tokyo Verdy,23-037,2002,3.1,,1,,,,,,,,,,0,,,,Matches
553,Shoji Toyama,jp JPN,FW,Gamba Osaka,23-037,2002,0.9,,2,,,,,,,,,,0,,,,Matches
554,Henrique Trevisan,br BRA,DF,FC Tokyo,28-281,1997,7.7,,8,,,,,,,,,,15,,,,Matches
555,Kaito Tsuchiya,jp JPN,DF,Kawa Frontale,19-169,2006,0.0,,0,,,,,,,,,,0,,,,Matches
556,Koki Tsukagawa,jp JPN,MF,FC Tokyo,31-104,1994,0.2,,1,,,,,,,,,,0,,,,Matches
557,Keisuke Tsukui,jp JPN,DF,Kashima Antlers,21-160,2004,8.3,,15,,,,,,,,,,6,,,,Matches
558,Yuto Tsunashima,jp JPN,DF,Tokyo Verdy,25-074,2000,22.2,,36,,,,,,,,,,39,,,,Matches
559,Ryotaro Tsunoda,jp JPN,DF,Marinos,26-123,1999,6.4,,7,,,,,,,,,,10,,,,Matches
560,Marco Túlio,br BRA,FW,Kyoto Sanga,27-229,1998,10.1,,5,,,,,,,,,,6,,,,Matches
561,Takuya Uchida,jp JPN,"MF,DF",Grampus,27-148,1998,11.4,,8,,,,,,,,,,14,,,,Matches
562,Yosuke Uchida,jp JPN,MF,Tokyo Verdy,23-069,2002,5.1,,7,,,,,,,,,,3,,,,Matches
563,Naomichi Ueda,jp JPN,DF,Kashima Antlers,31-004,1994,35.0,,16,,,,,,,,,,43,,,,Matches
564,Satoki Uejo,jp JPN,MF,Cerezo Osaka,28-184,1997,3.4,,5,,,,,,,,,,2,,,,Matches
565,Hiroto Uemura,jp JPN,"MF,DF",Albirex Niigata,24-063,2001,5.1,,6,,,,,,,,,,2,,,,Matches
566,Asahi Uenaka,jp JPN,"MF,FW",Marinos,23-361,2001,23.9,,22,,,,,,,,,,6,,,,Matches
567,Togo Umeda,jp JPN,GK,S-Pulse,25-097,2000,12.0,,1,,,,,,,,,,1,,,,Matches
568,Zento Uno,jp JPN,MF,S-Pulse,21-342,2003,22.2,,20,,,,,,,,,,28,,,,Matches
569,Filip Uremović,hr CRO,DF,Kawa Frontale,28-259,1997,6.5,,8,,,,,,,,,,5,,,,Matches
570,Takashi Usami,jp JPN,"MF,FW",Gamba Osaka,33-175,1992,21.4,,20,,,,,,,,,,7,,,,Matches
571,Shosei Usui,jp JPN,FW,Avispa Fukuoka,24-100,2001,5.5,,4,,,,,,,,,,0,,,,Matches
572,Patrick Verhon,br BRA,MF,Kawa Frontale,21-050,2004,1.5,,0,,,,,,,,,,0,,,,Matches
573,Yuji Wakasa,jp JPN,MF,Fagi Okayama,29-261,1996,0.1,,1,,,,,,,,,,1,,,,Matches
574,Yamato Wakatsuki,jp JPN,FW,Albirex Niigata,23-283,2002,1.1,,1,,,,,,,,,,1,,,,Matches
575,Yasuto Wakizaka,jp JPN,MF,Kawa Frontale,30-139,1995,30.0,,12,,,,,,,,,,5,,,,Matches
Rk,Player,Nation,Pos,Squad,Age,Born,90s,Tkl,TklW,Def 3rd,Mid 3rd,Att 3rd,Tkl,Att,Lost,Blocks,Sh,Pass,Int,Tkl+Int,Clr,Err,Matches
576,Sandy Walsh,id IDN,DF,Marinos,30-228,1995,5.7,,2,,,,,,,,,,16,,,,Matches
577,Masaki Watai,jp JPN,MF,Kashiwa Reysol,26-102,1999,17.0,,9,,,,,,,,,,3,,,,Matches
578,Keigo Watanabe,jp JPN,FW,Shonan Bellmare,23-064,2002,1.2,,2,,,,,,,,,,1,,,,Matches
579,Kota Watanabe,jp JPN,MF,Marinos,27-010,1998,19.2,,22,,,,,,,,,,23,,,,Matches
580,Ryoma Watanabe,jp JPN,MF,Urawa Reds,29-026,1996,19.0,,20,,,,,,,,,,9,,,,Matches
581,Taiki Watanabe,jp JPN,DF,Marinos,26-189,1999,6.2,,3,,,,,,,,,,1,,,,Matches
582,Wellington,br BRA,FW,Avispa Fukuoka,37-259,1988,11.4,,7,,,,,,,,,,1,,,,Matches
583,Sai van Wermeskerken,jp JPN,DF,Kawa Frontale,31-122,1994,20.9,,28,,,,,,,,,,20,,,,Matches
584,Shinya Yajima,jp JPN,MF,S-Pulse,31-283,1994,9.6,,5,,,,,,,,,,8,,,,Matches
585,Fūki Yamada,jp JPN,FW,Kyoto Sanga,24-110,2001,4.0,,2,,,,,,,,,,3,,,,Matches
586,Goki Yamada,jp JPN,FW,Tokyo Verdy,25-039,2000,1.9,,1,,,,,,,,,,0,,,,Matches
587,Kota Yamada,jp JPN,MF,Yokohama FC,26-110,1999,26.4,,35,,,,,,,,,,32,,,,Matches
588,Shin Yamada,jp JPN,FW,Kawa Frontale,25-151,2000,12.7,,2,,,,,,,,,,5,,,,Matches
589,Yuto Yamada,jp JPN,MF,Kashiwa Reysol,25-164,2000,20.4,,32,,,,,,,,,,38,,,,Matches
590,Yuya Yamagishi,jp JPN,"FW,MF",Grampus,32-060,1993,16.0,,6,,,,,,,,,,1,,,,Matches
591,Louis Yamaguchi,jp JPN,GK,Kawa Frontale,27-153,1998,32.0,,0,,,,,,,,,,0,,,,Matches
592,Taiyo Yamaguchi,jp JPN,FW,FC Tokyo,19-071,2006,0.1,,0,,,,,,,,,,0,,,,Matches
593,Reon Yamahara,jp JPN,"MF,DF",S-Pulse,26-142,1999,22.0,,9,,,,,,,,,,7,,,,Matches
594,Tetsushi Yamakawa,jp JPN,DF,Vissel Kobe,28-027,1997,34.5,,27,,,,,,,,,,37,,,,Matches
595,Hiroto Yamami,jp JPN,MF,Tokyo Verdy,26-073,1999,10.3,,5,,,,,,,,,,6,,,,Matches
596,Yuki Yamamoto,jp JPN,MF,Kawa Frontale,27-356,1997,28.5,,38,,,,,,,,,,40,,,,Matches
597,Kazuya Yamamura,jp JPN,"DF,MF",Marinos,35-330,1989,0.4,,0,,,,,,,,,,0,,,,Matches
598,Ryosuke Yamanaka,jp JPN,"DF,MF",Grampus,32-191,1993,0.5,,2,,,,,,,,,,0,,,,Matches
599,Riku Yamane,jp JPN,MF,Marinos,22-072,2003,20.0,,16,,,,,,,,,,8,,,,Matches
600,Towa Yamane,jp JPN,MF,Yokohama FC,26-265,1999,19.8,,17,,,,,,,,,,23,,,,Matches
Rk,Player,Nation,Pos,Squad,Age,Born,90s,Tkl,TklW,Def 3rd,Mid 3rd,Att 3rd,Tkl,Att,Lost,Blocks,Sh,Pass,Int,Tkl+Int,Clr,Err,Matches
601,Yusei Yamanouchi,jp JPN,MF,Kashiwa Reysol,22-057,2003,2.1,,4,,,,,,,,,,1,,,,Matches
602,Taichi Yamasaki,jp JPN,DF,Sanfrecce,24-293,2001,3.0,,2,,,,,,,,,,4,,,,Matches
603,Keita Yamashita,jp JPN,FW,FC Tokyo,29-229,1996,4.5,,5,,,,,,,,,,0,,,,Matches
604,Ryoya Yamashita,jp JPN,MF,Gamba Osaka,28-009,1997,21.9,,30,,,,,,,,,,2,,,,Matches
605,Hinata Yamauchi,jp JPN,MF,Kawa Frontale,24-151,2001,1.1,,0,,,,,,,,,,0,,,,Matches
606,Kakeru Yamauchi,jp JPN,MF,Vissel Kobe,23-295,2002,2.0,,3,,,,,,,,,,1,,,,Matches
607,Kosuke Yamazaki,jp JPN,DF,Yokohama FC,29-302,1995,20.8,,15,,,,,,,,,,30,,,,Matches
608,Ken Yamura,jp JPN,FW,Albirex Niigata,28-141,1997,6.1,,3,,,,,,,,,,2,,,,Matches
609,Takahiro Yanagi,jp JPN,MF,Fagi Okayama,28-084,1997,10.5,,11,,,,,,,,,,8,,,,Matches
610,Yasutaka Yanagi,jp JPN,DF,Fagi Okayama,31-128,1994,1.6,,2,,,,,,,,,,0,,,,Matches
611,Kaito Yasui,jp JPN,MF,Urawa Reds,25-261,2000,32.3,,26,,,,,,,,,,53,,,,Matches
612,Takuji Yonemoto,jp JPN,MF,Kyoto Sanga,34-329,1990,5.7,,9,,,,,,,,,,6,,,,Matches
613,Minato Yoshida,jp JPN,FW,Kashima Antlers,17-105,2008,0.0,,0,,,,,,,,,,0,,,,Matches
614,Shun Yoshida,jp JPN,GK,Shonan Bellmare,28-334,1996,2.0,,0,,,,,,,,,,0,,,,Matches
615,Taiju Yoshida,jp JPN,DF,Tokyo Verdy,25-187,2000,0.1,,0,,,,,,,,,,0,,,,Matches
616,Yutaka Yoshida,jp JPN,"MF,DF",S-Pulse,35-253,1990,12.9,,8,,,,,,,,,,9,,,,Matches
617,Daisuke Yoshimitsu,jp JPN,GK,Albirex Niigata,32-249,1993,7.0,,0,,,,,,,,,,0,,,,Matches
618,Kyohei Yoshino,jp JPN,MF,Cerezo Osaka,30-354,1994,4.3,,6,,,,,,,,,,7,,,,Matches
619,Masaki Yumiba,jp JPN,MF,S-Pulse,23-229,2002,5.5,,6,,,,,,,,,,14,,,,Matches
620,Yuri,br BRA,MF,Yokohama FC,31-191,1994,23.5,,32,,,,,,,,,,39,,,,Matches
621,Koya Yuruki,jp JPN,FW,Vissel Kobe,30-117,1995,10.1,,2,,,,,,,,,,1,,,,Matches
622,Masato Yuzawa,jp JPN,"MF,DF",Avispa Fukuoka,32-018,1993,9.6,,10,,,,,,,,,,6,,,,Matches
623,Shahab Zahedi,ir IRN,FW,Avispa Fukuoka,30-071,1995,10.7,,4,,,,,,,,,,5,,,,Matches
