rk,player,nation,pos,squad,age,born,90s,gls,sh,sot,sot_standa,sh_90,sot_90,g_sh,g_sot,dist,pk,pkatt,matches
1,Hiroki Abe,jp JPN,"FW,MF",Urawa Reds,26-273,1999,0.1,0,0,0,,0.00,0.00,,,,0,0,Matches
2,Kaito Abe,jp JPN,DF,Fagi Okayama,26-040,1999,15.2,0,6,1,16.7,0.39,0.07,0.00,0.00,,0,0,Matches
3,Shuto Abe,jp JPN,MF,Gamba Osaka,27-327,1997,10.9,2,20,4,20.0,1.84,0.37,0.10,0.50,,0,0,Matches
4,Adaílton,br BRA,"MF,FW",Yokohama FC,34-326,1990,5.9,3,18,6,33.3,3.03,1.01,0.17,0.50,,0,0,Matches
5,Ahmed Ahmedov,bg BUL,FW,S-Pulse,30-238,1995,2.7,0,5,0,0.0,1.82,0.00,0.00,,,0,0,Matches
6,Hiroki Akino,jp JPN,MF,Avispa Fukuoka,31-020,1994,8.7,0,7,2,28.6,0.81,0.23,0.00,0.00,,0,0,Matches
7,Hiroki Akiyama,jp JPN,MF,Albirex Niigata,24-323,2000,11.6,0,13,2,15.4,1.12,0.17,0.00,0.00,,0,0,Matches
8,Juan Alano,br BRA,MF,Gamba Osaka,29-056,1996,14.0,1,27,7,25.9,1.93,0.50,0.04,0.14,,0,0,Matches
9,Lukian Araújo de Almeida,br BRA,FW,Shonan Bellmare,34-037,1991,1.9,1,3,1,33.3,1.61,0.54,0.33,1.00,,0,0,Matches
10,Lukian Araújo de Almeida,br BRA,"FW,MF",Yokohama FC,34-037,1991,21.5,3,26,7,26.9,1.21,0.33,0.12,0.43,,0,1,Matches
11,Jun Amano,jp JPN,MF,Marinos,34-101,1991,11.1,3,25,7,28.0,2.25,0.63,0.08,0.29,,1,1,Matches
12,Tomoya Ando,jp JPN,DF,Avispa Fukuoka,26-291,1999,32.5,4,26,7,26.9,0.80,0.22,0.15,0.57,,0,0,Matches
13,Koki Anzai,jp JPN,DF,Kashima Antlers,30-150,1995,18.6,0,6,4,66.7,0.32,0.22,0.00,0.00,,0,0,Matches
14,Soma Anzai,jp JPN,"MF,DF",FC Tokyo,23-029,2002,17.7,1,20,8,40.0,1.13,0.45,0.05,0.13,,0,0,Matches
15,Mizuki Arai,jp JPN,MF,Yokohama FC,28-197,1997,4.5,0,4,2,50.0,0.88,0.44,0.00,0.00,,0,0,Matches
16,Naoto Arai,jp JPN,MF,Sanfrecce,29-021,1996,14.4,4,18,6,33.3,1.25,0.42,0.22,0.67,,0,0,Matches
17,Taiki Arai,jp JPN,MF,Albirex Niigata,28-131,1997,17.2,1,3,1,33.3,0.17,0.06,0.33,1.00,,0,0,Matches
18,Yūta Arai,jp JPN,MF,Tokyo Verdy,22-218,2003,28.6,2,37,5,13.5,1.29,0.17,0.05,0.40,,0,0,Matches
19,Hayato Araki,jp JPN,DF,Sanfrecce,29-082,1996,32.0,3,43,10,23.3,1.35,0.31,0.07,0.30,,0,0,Matches
20,Ryotaro Araki,jp JPN,MF,Kashima Antlers,23-272,2002,7.8,0,15,4,26.7,1.92,0.51,0.00,0.00,,0,0,Matches
21,Yuri Nascimento de Araujo,br BRA,MF,Marinos,29-198,1996,2.9,0,5,1,20.0,1.70,0.34,0.00,0.00,,0,0,Matches
22,Tolgay Arslan,de GER,MF,Sanfrecce,35-073,1990,3.5,2,12,4,33.3,3.45,1.15,0.08,0.25,,1,1,Matches
23,Hiroto Asada,jp JPN,FW,Marinos,17-285,2008,0.0,0,0,0,,0.00,0.00,,,,0,0,Matches
24,Shogo Asada,jp JPN,DF,Kyoto Sanga,27-114,1998,0.7,0,1,0,0.0,1.43,0.00,0.00,,,0,0,Matches
25,Yuya Asano,jp JPN,MF,Grampus,28-253,1997,8.5,0,15,6,40.0,1.77,0.71,0.00,0.00,,0,0,Matches
Rk,Player,Nation,Pos,Squad,Age,Born,90s,Gls,Sh,SoT,SoT%,Sh/90,SoT/90,G/Sh,G/SoT,Dist,PK,PKatt,Matches
26,Kodjo Aziangbe,tg TOG,MF,Marinos,21-318,2003,12.6,0,13,2,15.4,1.03,0.16,0.00,0.00,,0,0,Matches
27,Seiya Baba,jp JPN,DF,Kashiwa Reysol,24-004,2001,5.4,0,4,1,25.0,0.74,0.19,0.00,0.00,,0,0,Matches
28,Kashif Bangunagande,jp JPN,DF,FC Tokyo,24-034,2001,6.3,0,2,0,0.0,0.32,0.00,0.00,,,0,0,Matches
29,Akimi Barada,jp JPN,MF,Shonan Bellmare,34-151,1991,8.9,0,7,1,14.3,0.79,0.11,0.00,0.00,,0,0,Matches
30,Barreto,br BRA,MF,Kyoto Sanga,29-322,1995,0.1,0,0,0,,0.00,0.00,,,,0,0,Matches
31,Nassim Ben Khalifa,ch SUI,FW,Avispa Fukuoka,33-288,1992,4.5,1,15,4,26.7,3.34,0.89,0.07,0.25,,0,0,Matches
32,Danilo Boza,br BRA,DF,Urawa Reds,27-175,1998,33.0,1,27,7,25.9,0.82,0.21,0.04,0.14,,0,0,Matches
33,Svend Brodersen,de GER,GK,Fagi Okayama,28-220,1997,33.6,0,0,0,,0.00,0.00,,,,0,0,Matches
34,Mateus Brunetti,br BRA,DF,S-Pulse,25-344,1999,6.7,0,3,0,0.0,0.45,0.00,0.00,,,0,0,Matches
35,Matheus Bueno,br BRA,MF,S-Pulse,27-090,1998,33.8,1,29,5,17.2,0.86,0.15,0.03,0.20,,0,0,Matches
36,Vitor Bueno,br BRA,MF,Cerezo Osaka,31-053,1994,4.4,2,11,5,45.5,2.51,1.14,0.09,0.20,,1,1,Matches
37,Caetano,br BRA,DF,Vissel Kobe,26-126,1999,1.2,0,0,0,,0.00,0.00,,,,0,0,Matches
38,Capixaba,br BRA,MF,S-Pulse,28-292,1997,18.7,2,29,7,24.1,1.55,0.37,0.07,0.29,,0,0,Matches
39,Aleksandar Čavrić,rs SRB,MF,Kashima Antlers,31-163,1994,21.6,3,37,15,40.5,1.71,0.70,0.05,0.13,,1,1,Matches
40,Yusuke Chajima,jp JPN,MF,Sanfrecce,34-100,1991,0.1,0,0,0,,0.00,0.00,,,,0,0,Matches
41,Kanta Chiba,jp JPN,FW,S-Pulse,22-133,2003,0.8,1,1,1,100.0,1.20,1.20,1.00,1.00,,0,0,Matches
42,Kazuhiko Chiba,jp JPN,DF,Albirex Niigata,40-129,1985,4.0,0,3,1,33.3,0.75,0.25,0.00,0.00,,0,0,Matches
43,Kaito Chida,jp JPN,DF,Tokyo Verdy,31-011,1994,6.7,0,1,1,100.0,0.15,0.15,0.00,0.00,,0,0,Matches
44,Kei Chinen,jp JPN,MF,Kashima Antlers,30-225,1995,13.7,3,20,10,50.0,1.46,0.73,0.15,0.30,,0,0,Matches
45,Dion Cools,my MAS,DF,Cerezo Osaka,29-146,1996,8.7,1,7,2,28.6,0.80,0.23,0.14,0.50,,0,0,Matches
46,Murilo Costa,br BRA,FW,Kyoto Sanga,30-362,1994,3.3,0,9,5,55.6,2.76,1.53,0.00,0.00,,0,0,Matches
47,Jordy Croux,be BEL,MF,Marinos,31-286,1994,6.8,1,7,2,28.6,1.03,0.30,0.00,0.00,,1,1,Matches
48,Danilo,br BRA,MF,Albirex Niigata,26-265,1999,7.5,3,24,7,29.2,3.20,0.93,0.13,0.43,,0,0,Matches
49,Dean David,il ISR,FW,Marinos,29-228,1996,3.2,2,7,2,28.6,2.17,0.62,0.29,1.00,,0,0,Matches
50,Thomas Deng,au AUS,DF,Marinos,28-222,1997,18.8,0,4,1,25.0,0.21,0.05,0.00,0.00,,0,0,Matches
Rk,Player,Nation,Pos,Squad,Age,Born,90s,Gls,Sh,SoT,SoT%,Sh/90,SoT/90,G/Sh,G/SoT,Dist,PK,PKatt,Matches
51,Diego,br BRA,MF,Kashiwa Reysol,30-037,1995,11.4,5,21,8,38.1,1.84,0.70,0.24,0.63,,0,0,Matches
52,Kanta Doi,jp JPN,DF,FC Tokyo,20-352,2004,19.8,0,1,0,0.0,0.05,0.00,0.00,,,0,0,Matches
53,Yuji Doi,jp JPN,MF,S-Pulse,18-169,2007,0.1,0,0,0,,0.00,0.00,,,,0,0,Matches
54,Ibrahim Drešević,xk KVX,DF,Machida Zelvia,28-277,1997,24.3,1,11,3,27.3,0.45,0.12,0.09,0.33,,0,0,Matches
55,Mitchell Duke,au AUS,"FW,MF",Machida Zelvia,34-283,1991,7.7,2,20,6,30.0,2.60,0.78,0.10,0.33,,0,0,Matches
56,Yusei Egawa,jp JPN,DF,Gamba Osaka,25-004,2000,1.7,0,1,1,100.0,0.58,0.58,0.00,0.00,,0,0,Matches
57,Élber,br BRA,MF,Marinos,33-154,1992,7.9,1,14,5,35.7,1.78,0.64,0.07,0.20,,0,0,Matches
58,Élber,br BRA,MF,Kashima Antlers,33-154,1992,7.1,1,9,4,44.4,1.26,0.56,0.11,0.25,,0,0,Matches
59,Rafael Elias,br BRA,FW,Kyoto Sanga,26-199,1999,19.8,16,71,30,42.3,3.58,1.51,0.18,0.43,,3,4,Matches
60,Keita Endo,jp JPN,MF,FC Tokyo,27-340,1997,15.7,4,37,11,29.7,2.36,0.70,0.11,0.36,,0,0,Matches
61,Takanari Endo,jp JPN,MF,Yokohama FC,23-009,2002,3.0,0,3,0,0.0,1.00,0.00,0.00,,,0,0,Matches
62,Erison,br BRA,FW,Kawa Frontale,26-198,1999,15.9,12,82,36,43.9,5.17,2.27,0.13,0.31,,1,2,Matches
63,Ataru Esaka,jp JPN,MF,Fagi Okayama,33-150,1992,29.2,5,41,16,39.0,1.40,0.55,0.12,0.31,,0,0,Matches
64,Everton,br BRA,MF,FC Tokyo,28-225,1997,2.0,0,6,4,66.7,2.98,1.99,0.00,0.00,,0,0,Matches
65,Welton Felipe,br BRA,MF,Gamba Osaka,28-083,1997,8.3,1,17,5,29.4,2.06,0.61,0.06,0.20,,0,0,Matches
66,Lucas Fernandes,br BRA,"MF,FW",Cerezo Osaka,31-187,1994,27.4,7,46,19,41.3,1.68,0.69,0.13,0.32,,1,1,Matches
67,Michael Fitzgerald,nz NZL,DF,Albirex Niigata,37-041,1988,25.9,1,3,1,33.3,0.12,0.04,0.33,1.00,,0,0,Matches
68,Haruya Fujii,jp JPN,DF,Grampus,24-306,2000,8.5,0,3,0,0.0,0.35,0.00,0.00,,,0,0,Matches
69,Kaito Fujii,jp JPN,MF,Fagi Okayama,22-255,2003,4.3,0,4,0,0.0,0.93,0.00,0.00,,,0,0,Matches
70,Tomoya Fujii,jp JPN,MF,Shonan Bellmare,26-328,1998,22.6,0,16,3,18.8,0.71,0.13,0.00,0.00,,0,0,Matches
71,Kazuki Fujimoto,jp JPN,MF,Avispa Fukuoka,27-091,1998,18.7,1,24,11,45.8,1.28,0.59,0.04,0.09,,0,0,Matches
72,Shota Fujio,jp JPN,"FW,MF",Machida Zelvia,24-179,2001,14.8,2,28,6,21.4,1.89,0.41,0.07,0.33,,0,0,Matches
73,Ibuki Fujita,jp JPN,MF,Fagi Okayama,34-271,1991,25.6,0,10,1,10.0,0.39,0.04,0.00,0.00,,0,0,Matches
74,Kazuki Fujita,jp JPN,GK,Albirex Niigata,24-251,2001,15.0,0,0,0,,0.00,0.00,,,,0,0,Matches
75,Soya Fujiwara,jp JPN,DF,Albirex Niigata,30-049,1995,31.0,0,14,2,14.3,0.45,0.06,0.00,0.00,,0,0,Matches
Rk,Player,Nation,Pos,Squad,Age,Born,90s,Gls,Sh,SoT,SoT%,Sh/90,SoT/90,G/Sh,G/SoT,Dist,PK,PKatt,Matches
76,Daiki Fukazawa,jp JPN,"DF,MF",Tokyo Verdy,27-068,1998,19.1,1,11,1,9.1,0.58,0.05,0.09,1.00,,0,0,Matches
77,Shinnosuke Fukuda,jp JPN,DF,Kyoto Sanga,25-054,2000,21.7,4,21,6,28.6,0.97,0.28,0.19,0.67,,0,0,Matches
78,Sho Fukuda,jp JPN,"FW,MF",Shonan Bellmare,24-219,2001,14.7,4,34,13,38.2,2.31,0.88,0.12,0.31,,0,0,Matches
79,Yuya Fukuda,jp JPN,MF,Tokyo Verdy,26-207,1999,18.3,1,28,11,39.3,1.53,0.60,0.04,0.09,,0,0,Matches
80,Koki Fukui,jp JPN,GK,Cerezo Osaka,29-358,1995,27.0,0,0,0,,0.00,0.00,,,,0,0,Matches
81,Akito Fukumori,jp JPN,DF,Yokohama FC,32-316,1992,21.1,0,7,2,28.6,0.33,0.09,0.00,0.00,,0,0,Matches
82,Shimpei Fukuoka,jp JPN,MF,Kyoto Sanga,25-123,2000,22.8,0,12,2,16.7,0.53,0.09,0.00,0.00,,0,0,Matches
83,Shota Fukuoka,jp JPN,DF,Gamba Osaka,30-004,1995,29.5,1,23,3,13.0,0.78,0.10,0.04,0.33,,0,0,Matches
84,Yu Funabashi,jp JPN,MF,Kashima Antlers,23-108,2002,16.6,2,16,3,18.8,0.97,0.18,0.13,0.67,,0,0,Matches
85,Kakeru Funaki,jp JPN,DF,Albirex Niigata,27-198,1998,5.2,0,4,1,25.0,0.77,0.19,0.00,0.00,,0,0,Matches
86,Kakeru Funaki,jp JPN,DF,Cerezo Osaka,27-198,1998,6.3,0,3,0,0.0,0.47,0.00,0.00,,,0,0,Matches
87,Kengo Furuyama,jp JPN,FW,Cerezo Osaka,23-109,2002,1.6,1,5,2,40.0,3.12,1.25,0.20,0.50,,0,0,Matches
88,Jason Geria,au AUS,DF,Albirex Niigata,32-171,1993,15.2,0,3,1,33.3,0.20,0.07,0.00,0.00,,0,0,Matches
89,Ryo Germain,jp JPN,"FW,MF",Sanfrecce,30-192,1995,30.7,4,73,19,26.0,2.38,0.62,0.01,0.05,,3,3,Matches
90,Valère Germain,fr FRA,"MF,FW",Sanfrecce,35-194,1990,8.1,2,20,8,40.0,2.46,0.98,0.10,0.25,,0,0,Matches
91,Gleyson,br BRA,FW,Fagi Okayama,28-343,1996,0.3,0,1,1,100.0,3.21,3.21,0.00,0.00,,0,0,Matches
92,Leo Gomes,br BRA,MF,Kyoto Sanga,28-181,1997,3.6,0,4,2,50.0,1.12,0.56,0.00,0.00,,0,0,Matches
93,Marcos Guilherme,br BRA,MF,FC Tokyo,30-084,1995,5.4,0,6,2,33.3,1.11,0.37,0.00,0.00,,0,0,Matches
94,Riku Gunji,jp JPN,FW,S-Pulse,20-086,2005,0.2,1,1,1,100.0,5.00,5.00,1.00,1.00,,0,0,Matches
95,Samuel Gustafson,se SWE,MF,Urawa Reds,30-290,1995,24.6,2,16,3,18.8,0.65,0.12,0.13,0.67,,0,0,Matches
96,Kento Hamasaki,jp JPN,MF,Vissel Kobe,18-134,2007,1.4,0,3,0,0.0,2.16,0.00,0.00,,,0,0,Matches
97,Riku Handa,jp JPN,DF,Gamba Osaka,23-300,2002,34.9,1,17,5,29.4,0.49,0.14,0.06,0.20,,0,0,Matches
98,Kento Haneda,jp JPN,DF,S-Pulse,28-113,1997,2.3,0,0,0,,0.00,0.00,,,,0,0,Matches
99,Taichi Hara,jp JPN,FW,Kyoto Sanga,26-176,1999,29.5,5,56,18,32.1,1.90,0.61,0.05,0.17,,2,3,Matches
100,Teruki Hara,jp JPN,DF,Grampus,27-090,1998,21.4,3,13,5,38.5,0.61,0.23,0.23,0.60,,0,0,Matches
Rk,Player,Nation,Pos,Squad,Age,Born,90s,Gls,Sh,SoT,SoT%,Sh/90,SoT/90,G/Sh,G/SoT,Dist,PK,PKatt,Matches
101,Wataru Harada,jp JPN,DF,Kashiwa Reysol,29-098,1996,27.2,2,16,3,18.8,0.59,0.11,0.13,0.67,,0,0,Matches
102,Genki Haraguchi,jp JPN,MF,Urawa Reds,34-172,1991,4.8,0,6,2,33.3,1.25,0.42,0.00,0.00,,0,0,Matches
103,Riki Harakawa,jp JPN,MF,Kashiwa Reysol,32-071,1993,10.4,0,10,1,10.0,0.96,0.10,0.00,0.00,,0,0,Matches
104,Motoki Hasegawa,jp JPN,"FW,MF",Albirex Niigata,26-322,1998,31.2,6,54,16,29.6,1.73,0.51,0.11,0.38,,0,0,Matches
105,Kento Hashimoto,jp JPN,DF,Albirex Niigata,25-324,1999,18.5,0,17,6,35.3,0.92,0.32,0.00,0.00,,0,0,Matches
106,Kento Hashimoto,jp JPN,MF,FC Tokyo,32-073,1993,21.4,0,18,4,22.2,0.84,0.19,0.00,0.00,,0,0,Matches
107,Rikuto Hashimoto,jp JPN,FW,Vissel Kobe,20-209,2005,0.5,0,0,0,,0.00,0.00,,,,0,0,Matches
108,Yu Hashimoto,jp JPN,"MF,DF",Avispa Fukuoka,23-143,2002,10.6,0,18,2,11.1,1.70,0.19,0.00,0.00,,0,0,Matches
109,Sodai Hasukawa,jp JPN,DF,S-Pulse,27-123,1998,26.2,0,7,1,14.3,0.27,0.04,0.00,0.00,,0,0,Matches
110,Taiga Hata,jp JPN,MF,Shonan Bellmare,23-281,2002,18.1,0,16,4,25.0,0.88,0.22,0.00,0.00,,0,0,Matches
111,Shinnosuke Hatanaka,jp JPN,DF,Cerezo Osaka,30-064,1995,29.2,0,9,1,11.1,0.31,0.03,0.00,0.00,,0,0,Matches
112,Go Hatano,jp JPN,GK,FC Tokyo,27-156,1998,5.0,0,0,0,,0.00,0.00,,,,0,0,Matches
113,Ryo Hatsuse,jp JPN,DF,Gamba Osaka,28-110,1997,3.7,0,5,1,20.0,1.36,0.27,0.00,0.00,,0,0,Matches
114,Fumiya Hayakawa,jp JPN,DF,Albirex Niigata,31-289,1994,7.0,0,3,0,0.0,0.43,0.00,0.00,,,0,0,Matches
115,Jumpei Hayakawa,jp JPN,MF,Urawa Reds,20-265,2005,0.9,0,2,1,50.0,2.17,1.08,0.00,0.00,,0,0,Matches
116,Tomoki Hayakawa,jp JPN,GK,Kashima Antlers,26-239,1999,35.0,0,0,0,,0.00,0.00,,,,0,0,Matches
117,Kotaro Hayashi,jp JPN,MF,Machida Zelvia,24-346,2000,26.8,4,11,7,63.6,0.41,0.26,0.36,0.57,,0,0,Matches
118,Naoki Hayashi,jp JPN,DF,Tokyo Verdy,27-141,1998,11.5,1,3,1,33.3,0.26,0.09,0.33,1.00,,0,0,Matches
119,Cesar Haydar,co COL,DF,Kawa Frontale,24-211,2001,2.5,1,1,1,100.0,0.41,0.41,1.00,1.00,,0,0,Matches
120,Haruto Hidaka,jp JPN,DF,S-Pulse,21-321,2003,0.7,0,1,1,100.0,1.34,1.34,0.00,0.00,,0,0,Matches
121,Mitsuki Hidaka,jp JPN,DF,Vissel Kobe,22-170,2003,1.7,0,0,0,,0.00,0.00,,,,0,0,Matches
122,Keigo Higashi,jp JPN,"MF,FW",FC Tokyo,35-100,1990,7.7,0,5,1,20.0,0.65,0.13,0.00,0.00,,0,0,Matches
123,Shunki Higashi,jp JPN,MF,Sanfrecce,25-092,2000,22.1,3,21,6,28.6,0.95,0.27,0.14,0.50,,0,0,Matches
124,Yuta Higuchi,jp JPN,MF,Kashima Antlers,28-363,1996,14.0,0,11,0,0.0,0.78,0.00,0.00,,,0,0,Matches
125,Sora Hiraga,jp JPN,FW,Kyoto Sanga,20-240,2005,2.2,1,6,3,50.0,2.67,1.34,0.17,0.33,,0,0,Matches
Rk,Player,Nation,Pos,Squad,Age,Born,90s,Gls,Sh,SoT,SoT%,Sh/90,SoT/90,G/Sh,G/SoT,Dist,PK,PKatt,Matches
126,Rei Hirakawa,jp JPN,MF,Tokyo Verdy,25-191,2000,22.7,0,12,1,8.3,0.53,0.04,0.00,0.00,,0,0,Matches
127,Hayato Hirao,jp JPN,MF,Tokyo Verdy,20-295,2005,2.3,1,3,1,33.3,1.30,0.43,0.33,1.00,,0,0,Matches
128,Taiyo Hiraoka,jp JPN,MF,Shonan Bellmare,23-044,2002,17.7,3,24,8,33.3,1.36,0.45,0.13,0.38,,0,0,Matches
129,Taiki Hirato,jp JPN,MF,Kyoto Sanga,28-193,1997,25.9,0,31,10,32.3,1.20,0.39,0.00,0.00,,0,0,Matches
130,Rikuto Hirose,jp JPN,"DF,FW",Vissel Kobe,30-035,1995,17.6,0,13,2,15.4,0.74,0.11,0.00,0.00,,0,0,Matches
131,Shion Homma,jp JPN,MF,Cerezo Osaka,25-080,2000,6.9,0,19,4,21.1,2.76,0.58,0.00,0.00,,0,0,Matches
132,Yuki Honda,jp JPN,DF,Vissel Kobe,34-299,1991,13.7,0,4,1,25.0,0.29,0.07,0.00,0.00,,0,0,Matches
133,Yuto Horigome,jp JPN,DF,Albirex Niigata,31-049,1994,16.3,1,6,1,16.7,0.37,0.06,0.17,1.00,,0,0,Matches
134,Yuji Hoshi,jp JPN,MF,Albirex Niigata,33-093,1992,16.6,0,13,3,23.1,0.78,0.18,0.00,0.00,,0,0,Matches
135,Kyo Hosoi,jp JPN,"MF,DF",Yokohama FC,21-362,2003,7.0,1,4,2,50.0,0.57,0.29,0.25,0.50,,0,0,Matches
136,Mao Hosoya,jp JPN,FW,Kashiwa Reysol,24-051,2001,13.5,8,47,23,48.9,3.49,1.71,0.15,0.30,,1,2,Matches
137,Deniz Hummet,tr TUR,FW,Gamba Osaka,29-045,1996,19.0,7,55,26,47.3,2.89,1.37,0.13,0.27,,0,0,Matches
138,Marius Høibråten,no NOR,DF,Urawa Reds,30-278,1995,34.0,2,16,4,25.0,0.47,0.12,0.13,0.50,,0,0,Matches
139,Akinori Ichikawa,jp JPN,GK,Yokohama FC,27-009,1998,23.0,0,0,0,,0.00,0.00,,,,0,0,Matches
140,Kazunari Ichimi,jp JPN,FW,Fagi Okayama,27-352,1997,15.0,5,44,11,25.0,2.93,0.73,0.09,0.36,,1,1,Matches
141,Jun Ichimori,jp JPN,GK,Gamba Osaka,34-118,1991,35.0,0,0,0,,0.00,0.00,,,,0,0,Matches
142,Haruya Ide,jp JPN,MF,Vissel Kobe,31-217,1994,6.9,0,6,0,0.0,0.87,0.00,0.00,,,0,0,Matches
143,Yosuke Ideguchi,jp JPN,MF,Vissel Kobe,29-066,1996,25.6,1,38,11,28.9,1.49,0.43,0.03,0.09,,0,0,Matches
144,Akihiro Ienaga,jp JPN,MF,Kawa Frontale,39-137,1986,12.6,1,21,4,19.0,1.67,0.32,0.05,0.25,,0,0,Matches
145,Hiroki Iikura,jp JPN,GK,Marinos,39-149,1986,9.0,0,0,0,,0.00,0.00,,,,0,0,Matches
146,Nanasei Iino,jp JPN,"FW,DF",Vissel Kobe,29-026,1996,5.6,0,3,1,33.3,0.54,0.18,0.00,0.00,,0,0,Matches
147,Jurato Ikeda,jp JPN,DF,Avispa Fukuoka,29-041,1996,0.9,0,1,0,0.0,1.14,0.00,0.00,,,0,0,Matches
148,Masaki Ikeda,jp JPN,MF,Shonan Bellmare,26-112,1999,10.3,1,12,6,50.0,1.17,0.59,0.08,0.17,,0,0,Matches
149,Sho Inagaki,jp JPN,MF,Grampus,33-307,1991,35.0,9,66,16,24.2,1.89,0.46,0.08,0.31,,4,4,Matches
150,Tetsuyuki Inami,jp JPN,MF,Tokyo Verdy,26-206,1999,3.5,0,1,0,0.0,0.29,0.00,0.00,,,0,0,Matches
Rk,Player,Nation,Pos,Squad,Age,Born,90s,Gls,Sh,SoT,SoT%,Sh/90,SoT/90,G/Sh,G/SoT,Dist,PK,PKatt,Matches
151,Hayato Inamura,jp JPN,DF,Albirex Niigata,23-175,2002,15.2,1,11,3,27.3,0.72,0.20,0.09,0.33,,0,0,Matches
152,Alen Inoue,jp JPN,FW,Sanfrecce,19-039,2006,0.1,0,0,0,,0.00,0.00,,,,0,0,Matches
153,Kenta Inoue,jp JPN,MF,Marinos,27-097,1998,13.6,0,18,6,33.3,1.32,0.44,0.00,0.00,,0,0,Matches
154,Rikito Inoue,jp JPN,DF,Cerezo Osaka,28-233,1997,7.8,0,2,0,0.0,0.26,0.00,0.00,,,0,0,Matches
155,Rikito Inoue,jp JPN,DF,Urawa Reds,28-233,1997,1.1,0,0,0,,0.00,0.00,,,,0,0,Matches
156,Ryota Inoue,jp JPN,DF,Tokyo Verdy,25-095,2000,0.9,0,0,0,,0.00,0.00,,,,0,0,Matches
157,Shion Inoue,jp JPN,MF,Sanfrecce,28-086,1997,2.4,0,0,0,,0.00,0.00,,,,0,0,Matches
158,Takashi Inui,jp JPN,MF,S-Pulse,37-148,1988,27.3,2,59,16,27.1,2.16,0.59,0.03,0.13,,0,0,Matches
159,Tomoya Inukai,jp JPN,DF,Kashiwa Reysol,32-169,1993,4.2,0,1,0,0.0,0.24,0.00,0.00,,,0,0,Matches
160,Park Iru-gyu,jp JPN,GK,Marinos,35-310,1989,26.0,0,0,0,,0.00,0.00,,,,0,0,Matches
161,Sena Ishibashi,jp JPN,MF,Shonan Bellmare,19-189,2006,2.5,0,3,1,33.3,1.19,0.40,0.00,0.00,,0,0,Matches
162,Hirokazu Ishihara,jp JPN,DF,Urawa Reds,26-244,1999,25.0,1,5,2,40.0,0.20,0.08,0.20,0.50,,0,0,Matches
163,Hisatsugu Ishii,jp JPN,MF,Shonan Bellmare,20-113,2005,3.0,1,7,2,28.6,2.30,0.66,0.14,0.50,,0,0,Matches
164,Makito Ito,jp JPN,DF,Yokohama FC,33-010,1992,20.1,2,11,5,45.5,0.55,0.25,0.18,0.40,,0,0,Matches
165,Sho Ito,jp JPN,MF,Yokohama FC,37-096,1988,2.3,1,3,2,66.7,1.29,0.86,0.33,0.50,,0,0,Matches
166,Tatsuya Ito,jp JPN,MF,Kawa Frontale,28-124,1997,21.5,12,52,21,40.4,2.42,0.98,0.23,0.57,,0,0,Matches
167,Hiroto Iwabuchi,jp JPN,MF,Fagi Okayama,28-041,1997,11.7,3,35,9,25.7,3.00,0.77,0.09,0.33,,0,0,Matches
168,Takuya Iwanami,jp JPN,DF,Vissel Kobe,31-132,1994,1.5,0,1,0,0.0,0.67,0.00,0.00,,,0,0,Matches
169,Yuto Iwasaki,jp JPN,"MF,FW",Avispa Fukuoka,27-139,1998,18.3,1,15,3,20.0,0.82,0.16,0.07,0.33,,0,0,Matches
170,Katsuya Iwatake,jp JPN,"DF,MF",Yokohama FC,29-146,1996,8.8,0,1,0,0.0,0.11,0.00,0.00,,,0,0,Matches
171,Ryuji Izumi,jp JPN,MF,Grampus,31-356,1993,28.6,4,32,11,34.4,1.12,0.38,0.13,0.36,,0,0,Matches
172,Issam Jebali,tn TUN,FW,Gamba Osaka,33-307,1991,14.2,5,52,16,30.8,3.65,1.12,0.10,0.31,,0,0,Matches
173,Jesiel,br BRA,DF,Kawa Frontale,31-237,1994,5.9,0,4,1,25.0,0.67,0.17,0.00,0.00,,0,0,Matches
174,Kim Jin-hyeon,kr KOR,GK,Cerezo Osaka,38-114,1987,8.0,0,0,0,,0.00,0.00,,,,0,0,Matches
175,Marcos Júnior,br BRA,"FW,MF",Sanfrecce,32-282,1993,0.3,0,2,0,0.0,6.43,0.00,0.00,,,0,0,Matches
Rk,Player,Nation,Pos,Squad,Age,Born,90s,Gls,Sh,SoT,SoT%,Sh/90,SoT/90,G/Sh,G/SoT,Dist,PK,PKatt,Matches
176,Kasper Junker,dk DEN,FW,Grampus,31-237,1994,4.8,1,18,3,16.7,3.78,0.63,0.06,0.33,,0,0,Matches
177,Kim Jusung,kr KOR,DF,Sanfrecce,24-320,2000,7.2,1,8,2,25.0,1.11,0.28,0.13,0.50,,0,0,Matches
178,Shinji Kagawa,jp JPN,MF,Cerezo Osaka,36-225,1989,18.8,2,19,3,15.8,1.01,0.16,0.11,0.67,,0,0,Matches
179,Yuki Kakita,jp JPN,FW,Kashiwa Reysol,28-106,1997,24.1,6,42,15,35.7,1.74,0.62,0.14,0.40,,0,0,Matches
180,Naoto Kamifukumoto,jp JPN,GK,Shonan Bellmare,35-345,1989,20.0,0,0,0,,0.00,0.00,,,,0,0,Matches
181,Ryota Kamihashi,jp JPN,DF,Kawa Frontale,23-134,2002,1.0,0,0,0,,0.00,0.00,,,,0,0,Matches
182,Takumi Kamijima,jp JPN,DF,Avispa Fukuoka,28-265,1997,19.5,2,15,4,26.7,0.77,0.21,0.13,0.50,,0,0,Matches
183,Yuta Kamiya,jp JPN,MF,Fagi Okayama,28-187,1997,15.8,1,13,5,38.5,0.82,0.32,0.08,0.20,,0,0,Matches
184,Takeshi Kanamori,jp JPN,MF,Avispa Fukuoka,31-207,1994,2.2,1,4,2,50.0,1.86,0.93,0.25,0.50,,0,0,Matches
185,Soma Kanda,jp JPN,FW,Kawa Frontale,19-303,2005,2.1,1,3,1,33.3,1.44,0.48,0.33,1.00,,0,0,Matches
186,Takuro Kaneko,jp JPN,MF,Urawa Reds,28-090,1997,25.0,1,42,15,35.7,1.68,0.60,0.02,0.07,,0,0,Matches
187,Keisuke Kasai,jp JPN,"FW,MF",Albirex Niigata,23-059,2002,5.9,1,15,2,13.3,2.56,0.34,0.07,0.50,,0,0,Matches
188,Eiichi Katayama,jp JPN,"DF,FW",Kashiwa Reysol,33-332,1991,0.3,0,1,0,0.0,3.10,0.00,0.00,,,0,0,Matches
189,Gen Kato,jp JPN,MF,Grampus,22-196,2003,2.7,0,1,1,100.0,0.36,0.36,0.00,0.00,,0,0,Matches
190,Hijiri Kato,jp JPN,MF,Fagi Okayama,24-042,2001,19.6,0,16,4,25.0,0.81,0.20,0.00,0.00,,0,0,Matches
191,Ren Kato,jp JPN,DF,Marinos,25-304,1999,20.3,0,15,3,20.0,0.74,0.15,0.00,0.00,,0,0,Matches
192,Hayao Kawabe,jp JPN,MF,Sanfrecce,30-050,1995,31.4,2,31,8,25.8,0.99,0.25,0.06,0.25,,0,0,Matches
193,So Kawahara,jp JPN,MF,Kawa Frontale,27-229,1998,25.5,2,19,3,15.8,0.74,0.12,0.11,0.67,,0,0,Matches
194,Goro Kawanami,jp JPN,GK,Fagi Okayama,34-181,1991,1.4,0,0,0,,0.00,0.00,,,,0,0,Matches
195,Shuhei Kawasaki,jp JPN,MF,Tokyo Verdy,24-183,2001,2.8,1,4,1,25.0,1.45,0.36,0.25,1.00,,0,0,Matches
196,Sota Kawasaki,jp JPN,MF,Kyoto Sanga,24-090,2001,19.9,4,14,9,64.3,0.70,0.45,0.29,0.44,,0,0,Matches
197,Akinari Kawazura,jp JPN,DF,Grampus,31-178,1994,12.1,1,7,2,28.6,0.58,0.17,0.14,0.50,,0,0,Matches
198,Noah Kenshin Browne,jp JPN,FW,Fagi Okayama,24-154,2001,1.5,0,5,2,40.0,3.33,1.33,0.00,0.00,,0,0,Matches
199,Hinata Kida,jp JPN,MF,Cerezo Osaka,25-116,2000,16.0,0,11,4,36.4,0.69,0.25,0.00,0.00,,0,0,Matches
200,Takuya Kida,jp JPN,MF,Marinos,31-066,1994,20.1,2,17,4,23.5,0.85,0.20,0.12,0.50,,0,0,Matches
Rk,Player,Nation,Pos,Squad,Age,Born,90s,Gls,Sh,SoT,SoT%,Sh/90,SoT/90,G/Sh,G/SoT,Dist,PK,PKatt,Matches
201,Isaac Kiese Thelin,se SWE,FW,Urawa Reds,33-126,1992,4.5,1,17,8,47.1,3.82,1.80,0.06,0.13,,0,0,Matches
202,Ryuho Kikuchi,jp JPN,DF,Machida Zelvia,28-323,1996,7.8,2,11,3,27.3,1.40,0.38,0.18,0.67,,0,0,Matches
203,Taichi Kikuchi,jp JPN,MF,Grampus,26-174,1999,3.6,1,3,3,100.0,0.84,0.84,0.33,0.33,,0,0,Matches
204,Yasuki Kimoto,jp JPN,DF,FC Tokyo,32-083,1993,5.2,0,4,0,0.0,0.77,0.00,0.00,,,0,0,Matches
205,Seiji Kimura,jp JPN,DF,FC Tokyo,24-065,2001,8.2,0,5,1,20.0,0.61,0.12,0.00,0.00,,0,0,Matches
206,Takaya Kimura,jp JPN,MF,Fagi Okayama,27-112,1998,21.8,4,26,9,34.6,1.19,0.41,0.15,0.44,,0,0,Matches
207,Takuto Kimura,jp JPN,MF,Marinos,25-165,2000,0.0,0,0,0,,0.00,0.00,,,,0,0,Matches
208,Yūdai Kimura,jp JPN,FW,Tokyo Verdy,24-242,2001,14.4,2,13,4,30.8,0.90,0.28,0.08,0.25,,1,1,Matches
209,Yūdai Kimura,jp JPN,FW,Grampus,24-242,2001,5.7,1,17,8,47.1,2.98,1.40,0.06,0.13,,0,0,Matches
210,Kosuke Kinoshita,jp JPN,FW,Sanfrecce,31-025,1994,8.6,4,31,14,45.2,3.62,1.64,0.13,0.29,,0,0,Matches
211,Kosuke Kinoshita,jp JPN,FW,Kashiwa Reysol,31-025,1994,4.4,3,16,6,37.5,3.66,1.37,0.19,0.50,,0,0,Matches
212,Takeru Kishimoto,jp JPN,"MF,DF",Gamba Osaka,28-104,1997,7.3,4,9,4,44.4,1.23,0.55,0.44,1.00,,0,0,Matches
213,Koya Kitagawa,jp JPN,FW,S-Pulse,29-094,1996,23.4,10,49,21,42.9,2.10,0.90,0.08,0.19,,6,9,Matches
214,Maki Kitahara,jp JPN,MF,FC Tokyo,16-113,2009,2.6,0,4,1,25.0,1.52,0.38,0.00,0.00,,0,0,Matches
215,Yuji Kitajima,jp JPN,MF,Avispa Fukuoka,25-085,2000,6.6,1,6,3,50.0,0.91,0.46,0.17,0.33,,0,0,Matches
216,Sota Kitano,jp JPN,MF,Cerezo Osaka,21-076,2004,15.7,4,48,15,31.3,3.05,0.95,0.08,0.27,,0,1,Matches
217,Kengo Kitazume,jp JPN,"MF,DF",S-Pulse,33-181,1992,12.9,0,8,2,25.0,0.62,0.16,0.00,0.00,,0,0,Matches
218,Gustavo Klismahn,br BRA,MF,Vissel Kobe,25-339,1999,1.3,0,4,1,25.0,3.10,0.78,0.00,0.00,,0,0,Matches
219,Takahiro Ko,jp JPN,MF,FC Tokyo,27-191,1998,27.9,2,34,7,20.6,1.22,0.25,0.06,0.29,,0,0,Matches
220,Shimon Kobayashi,jp JPN,FW,Sanfrecce,17-278,2008,0.0,0,0,0,,0.00,0.00,,,,0,0,Matches
221,Yu Kobayashi,jp JPN,FW,Kawa Frontale,38-035,1987,3.6,1,9,5,55.6,2.50,1.39,0.11,0.20,,0,0,Matches
222,Taiyo Koga,jp JPN,DF,Kashiwa Reysol,27-000,1998,35.0,0,1,0,0.0,0.03,0.00,0.00,,,0,0,Matches
223,Ryuta Koike,jp JPN,"DF,MF",Kashima Antlers,30-060,1995,25.5,1,16,7,43.8,0.63,0.27,0.06,0.14,,0,0,Matches
224,Kei Koizumi,jp JPN,MF,FC Tokyo,30-192,1995,16.0,1,14,5,35.7,0.88,0.31,0.07,0.20,,0,0,Matches
225,Yoshio Koizumi,jp JPN,MF,Kashiwa Reysol,29-023,1996,29.2,7,48,18,37.5,1.64,0.62,0.15,0.39,,0,0,Matches
Rk,Player,Nation,Pos,Squad,Age,Born,90s,Gls,Sh,SoT,SoT%,Sh/90,SoT/90,G/Sh,G/SoT,Dist,PK,PKatt,Matches
226,Ryosuke Kojima,jp JPN,GK,Kashiwa Reysol,28-271,1997,35.0,0,0,0,,0.00,0.00,,,,0,0,Matches
227,Yoshiaki Komai,jp JPN,MF,Yokohama FC,33-144,1992,16.2,0,10,1,10.0,0.62,0.06,0.00,0.00,,0,0,Matches
228,Ren Komatsu,jp JPN,FW,Vissel Kobe,27-048,1998,0.6,0,4,1,25.0,6.67,1.67,0.00,0.00,,0,0,Matches
229,Naoya Komazawa,jp JPN,MF,Yokohama FC,23-164,2002,3.2,0,6,3,50.0,1.86,0.93,0.00,0.00,,0,0,Matches
230,Yota Komi,jp JPN,MF,Albirex Niigata,23-078,2002,10.5,2,22,7,31.8,2.09,0.67,0.05,0.14,,1,1,Matches
231,Yota Komi,jp JPN,MF,Kashiwa Reysol,23-078,2002,1.3,0,6,0,0.0,4.62,0.00,0.00,,,0,0,Matches
232,Tsuna Kominato,jp JPN,FW,FC Tokyo,20-344,2004,0.1,0,0,0,,0.00,0.00,,,,0,0,Matches
233,Hiiro komori,jp JPN,FW,Urawa Reds,25-083,2000,5.0,4,12,7,58.3,2.38,1.39,0.33,0.57,,0,0,Matches
234,Yudai Konishi,jp JPN,"FW,MF",Kashiwa Reysol,27-193,1998,0.6,1,3,1,33.3,5.19,1.73,0.33,1.00,,0,0,Matches
235,Kazuya Konno,jp JPN,MF,Avispa Fukuoka,28-109,1997,24.9,3,63,20,31.7,2.53,0.80,0.05,0.15,,0,0,Matches
236,Sota Koshimichi,jp JPN,MF,Sanfrecce,21-208,2004,2.2,0,6,2,33.3,2.67,0.89,0.00,0.00,,0,0,Matches
237,Sean Kotake,jp JPN,MF,S-Pulse,19-197,2006,0.2,0,0,0,,0.00,0.00,,,,0,0,Matches
238,Tomoya Koyamatsu,jp JPN,MF,Kashiwa Reysol,30-187,1995,27.5,3,33,8,24.2,1.20,0.29,0.09,0.38,,0,1,Matches
239,Kazuki Kozuka,jp JPN,MF,S-Pulse,31-087,1994,4.5,2,10,3,30.0,2.22,0.67,0.20,0.67,,0,0,Matches
240,Tojiro Kubo,jp JPN,MF,Kashiwa Reysol,26-206,1999,26.9,7,44,17,38.6,1.63,0.63,0.16,0.41,,0,0,Matches
241,Ryo Kubota,jp JPN,MF,Yokohama FC,24-296,2001,2.3,0,3,2,66.7,1.32,0.88,0.00,0.00,,0,0,Matches
242,Kota Kudo,jp JPN,DF,Fagi Okayama,22-076,2003,19.7,0,9,0,0.0,0.46,0.00,0.00,,,0,0,Matches
243,Koki Kumakura,jp JPN,MF,Yokohama FC,23-165,2002,0.7,0,1,1,100.0,1.43,1.43,0.00,0.00,,0,0,Matches
244,Koki Kumasaka,jp JPN,MF,Kashiwa Reysol,24-196,2001,17.5,0,15,3,20.0,0.86,0.17,0.00,0.00,,0,0,Matches
245,Issei Kumatoriya,jp JPN,MF,Tokyo Verdy,22-256,2003,2.0,1,4,1,25.0,1.98,0.49,0.25,1.00,,0,0,Matches
246,Shu Kurata,jp JPN,MF,Gamba Osaka,36-336,1988,11.5,4,26,9,34.6,2.26,0.78,0.15,0.44,,0,0,Matches
247,Keisuke Kurokawa,jp JPN,DF,Gamba Osaka,28-198,1997,29.7,2,13,3,23.1,0.44,0.10,0.15,0.67,,0,0,Matches
248,Shintaro Kurumaya,jp JPN,DF,Kawa Frontale,33-206,1992,1.6,0,0,0,,0.00,0.00,,,,0,0,Matches
249,Yuya Kuwasaki,jp JPN,"MF,DF",Vissel Kobe,27-166,1998,19.8,1,20,3,15.0,1.01,0.15,0.05,0.33,,0,0,Matches
250,Kanji Kuwayama,jp JPN,FW,Machida Zelvia,22-334,2002,3.1,1,5,2,40.0,1.60,0.64,0.20,0.50,,0,0,Matches
Rk,Player,Nation,Pos,Squad,Age,Born,90s,Gls,Sh,SoT,SoT%,Sh/90,SoT/90,G/Sh,G/SoT,Dist,PK,PKatt,Matches
251,Neta Lavi,il ISR,MF,Machida Zelvia,29-064,1996,1.5,0,0,0,,0.00,0.00,,,,0,0,Matches
252,Neta Lavi,il ISR,MF,Gamba Osaka,29-064,1996,14.6,1,10,2,20.0,0.69,0.14,0.10,0.50,,0,0,Matches
253,Leonardo,br BRA,FW,Kashima Antlers,30-267,1995,24.2,18,74,33,44.6,3.05,1.36,0.23,0.52,,1,1,Matches
254,Erik Lima,br BRA,FW,Vissel Kobe,31-102,1994,19.0,8,33,16,48.5,1.73,0.84,0.24,0.50,,0,1,Matches
255,Anderson Lopes,br BRA,FW,Marinos,32-043,1993,18.9,2,38,9,23.7,2.01,0.48,0.00,0.00,,2,2,Matches
256,Hiroyuki Mae,jp JPN,MF,Machida Zelvia,30-088,1995,29.1,0,14,2,14.3,0.48,0.07,0.00,0.00,,0,0,Matches
257,Ichika Maeda,jp JPN,MF,Avispa Fukuoka,19-134,2006,0.1,0,1,1,100.0,7.50,7.50,0.00,0.00,,0,0,Matches
258,Kantaro Maeda,jp JPN,FW,Yokohama FC,18-110,2007,0.3,0,0,0,,0.00,0.00,,,,0,0,Matches
259,Naoki Maeda,jp JPN,MF,Sanfrecce,30-345,1994,10.9,1,30,11,36.7,2.75,1.01,0.03,0.09,,0,0,Matches
260,Naoki Maeda,jp JPN,MF,Urawa Reds,30-345,1994,0.6,0,2,1,50.0,3.16,1.58,0.00,0.00,,0,0,Matches
261,Yota Maejima,jp JPN,"MF,DF",Avispa Fukuoka,28-077,1997,18.2,0,4,0,0.0,0.22,0.00,0.00,,,0,0,Matches
262,Daiya Maekawa,jp JPN,GK,Vissel Kobe,31-050,1994,35.0,0,0,0,,0.00,0.00,,,,0,0,Matches
263,Marcinho,br BRA,MF,Kawa Frontale,30-165,1995,25.0,6,50,16,32.0,2.00,0.64,0.12,0.38,,0,0,Matches
264,Lucas Marcos,br BRA,FW,Fagi Okayama,30-036,1995,21.0,4,49,19,38.8,2.34,0.91,0.08,0.21,,0,0,Matches
265,Yuichi Maruyama,jp JPN,DF,Kawa Frontale,36-134,1989,21.8,0,9,4,44.4,0.41,0.18,0.00,0.00,,0,0,Matches
266,Asahi Masuyama,jp JPN,MF,Machida Zelvia,28-272,1997,2.9,0,1,0,0.0,0.35,0.00,0.00,,,0,0,Matches
267,Mateus,br BRA,"MF,FW",Grampus,31-047,1994,18.3,5,59,21,35.6,3.22,1.15,0.08,0.24,,0,0,Matches
268,Yan Matheus,br BRA,MF,Marinos,27-054,1998,19.0,5,31,11,35.5,1.63,0.58,0.16,0.45,,0,0,Matches
269,Ken Matsubara,jp JPN,DF,Marinos,32-254,1993,18.0,0,16,3,18.8,0.89,0.17,0.00,0.00,,0,0,Matches
270,Riku Matsuda,jp JPN,DF,Vissel Kobe,34-096,1991,1.5,0,1,0,0.0,0.67,0.00,0.00,,,0,0,Matches
271,Temma Matsuda,jp JPN,"FW,MF",Kyoto Sanga,30-139,1995,12.0,3,16,6,37.5,1.33,0.50,0.19,0.50,,0,0,Matches
272,Yuan Matsuhashi,jp JPN,MF,Tokyo Verdy,24-001,2001,12.6,0,15,5,33.3,1.19,0.40,0.00,0.00,,0,0,Matches
273,Hiroya Matsumoto,jp JPN,DF,Shonan Bellmare,25-079,2000,10.8,0,8,2,25.0,0.74,0.19,0.00,0.00,,0,0,Matches
274,Hiroya Matsumoto,jp JPN,MF,Sanfrecce,25-079,2000,0.2,0,2,0,0.0,10.00,0.00,0.00,,,0,0,Matches
275,Masaya Matsumoto,jp JPN,MF,Fagi Okayama,30-276,1995,15.5,0,11,1,9.1,0.71,0.06,0.00,0.00,,0,0,Matches
Rk,Player,Nation,Pos,Squad,Age,Born,90s,Gls,Sh,SoT,SoT%,Sh/90,SoT/90,G/Sh,G/SoT,Dist,PK,PKatt,Matches
276,Taishi Matsumoto,jp JPN,MF,Urawa Reds,27-189,1998,14.2,3,11,4,36.4,0.77,0.28,0.27,0.75,,0,0,Matches
277,Kosuke Matsumura,jp JPN,DF,Marinos,21-179,2004,1.4,0,5,1,20.0,3.54,0.71,0.00,0.00,,0,0,Matches
278,Sere Matsumura,jp JPN,"MF,DF",Shonan Bellmare,21-329,2003,7.8,0,2,0,0.0,0.26,0.00,0.00,,,0,0,Matches
279,Yuta Matsumura,id IDN,MF,Kashima Antlers,24-198,2001,14.4,2,22,10,45.5,1.53,0.70,0.09,0.20,,0,0,Matches
280,Yusuke Matsuo,jp JPN,"FW,MF",Urawa Reds,28-097,1997,20.6,4,47,17,36.2,2.28,0.83,0.09,0.24,,0,0,Matches
281,Daiki Matsuoka,jp JPN,MF,Avispa Fukuoka,24-146,2001,31.8,0,31,9,29.0,0.97,0.28,0.00,0.00,,0,0,Matches
282,Kai Matsuzaki,jp JPN,MF,S-Pulse,27-340,1997,19.0,4,35,10,28.6,1.84,0.53,0.11,0.40,,0,0,Matches
283,Phelipe Megiolaro,br BRA,GK,Yokohama FC,26-262,1999,2.0,0,0,0,,0.00,0.00,,,,0,0,Matches
284,Ryotaro Meshino,jp JPN,MF,Gamba Osaka,27-132,1998,2.4,0,8,2,25.0,3.32,0.83,0.00,0.00,,0,0,Matches
285,Soma Meshino,jp JPN,MF,Tokyo Verdy,24-161,2001,3.6,0,3,1,33.3,0.83,0.28,0.00,0.00,,0,0,Matches
286,Michel,br BRA,MF,Yokohama FC,28-169,1997,0.1,0,0,0,,0.00,0.00,,,,0,0,Matches
287,Tomoya Miki,jp JPN,MF,Avispa Fukuoka,27-214,1998,24.0,6,53,24,45.3,2.21,1.00,0.06,0.13,,3,3,Matches
288,Kenedyegbus Mikuni,jp JPN,DF,Grampus,25-127,2000,22.5,0,7,1,14.3,0.31,0.04,0.00,0.00,,0,0,Matches
289,Kim Min-tae,kr KOR,DF,Shonan Bellmare,31-336,1993,14.4,0,9,3,33.3,0.62,0.21,0.00,0.00,,0,0,Matches
290,Kim Min-tae,kr KOR,DF,S-Pulse,31-336,1993,6.0,0,3,0,0.0,0.50,0.00,0.00,,,0,0,Matches
291,Harumi Minamino,jp JPN,FW,Gamba Osaka,21-168,2004,1.9,0,3,1,33.3,1.54,0.51,0.00,0.00,,0,0,Matches
292,Kento Misao,jp JPN,MF,Kashima Antlers,29-195,1996,17.0,0,14,4,28.6,0.82,0.23,0.00,0.00,,0,0,Matches
293,Rin Mito,jp JPN,MF,Gamba Osaka,23-258,2002,9.2,1,8,4,50.0,0.87,0.43,0.13,0.25,,0,0,Matches
294,Hiromu Mitsumaru,jp JPN,DF,Kashiwa Reysol,32-114,1993,12.0,1,10,3,30.0,0.83,0.25,0.10,0.33,,0,0,Matches
295,Makoto Mitsuta,jp JPN,MF,Gamba Osaka,26-100,1999,25.9,1,33,9,27.3,1.28,0.35,0.03,0.11,,0,0,Matches
296,Genta Miura,jp JPN,DF,Gamba Osaka,30-241,1995,4.8,0,1,1,100.0,0.21,0.21,0.00,0.00,,0,0,Matches
297,Sota Miura,jp JPN,DF,Kawa Frontale,25-051,2000,22.8,0,9,1,11.1,0.39,0.04,0.00,0.00,,0,0,Matches
298,Daiki Miya,jp JPN,DF,Grampus,29-210,1996,3.8,0,1,1,100.0,0.26,0.26,0.00,0.00,,0,0,Matches
299,Ten Miyagi,jp JPN,FW,Kawa Frontale,24-148,2001,4.1,4,13,7,53.8,3.16,1.70,0.23,0.43,,1,1,Matches
300,Kazuya Miyahara,jp JPN,"DF,MF",Tokyo Verdy,29-220,1996,27.0,0,3,0,0.0,0.11,0.00,0.00,,,0,0,Matches
Rk,Player,Nation,Pos,Squad,Age,Born,90s,Gls,Sh,SoT,SoT%,Sh/90,SoT/90,G/Sh,G/SoT,Dist,PK,PKatt,Matches
301,Ryo Miyaichi,jp JPN,"MF,DF",Marinos,32-318,1992,11.8,0,10,3,30.0,0.85,0.25,0.00,0.00,,0,0,Matches
302,Eiji Miyamoto,jp JPN,MF,Albirex Niigata,27-086,1998,6.7,0,4,1,25.0,0.60,0.15,0.00,0.00,,0,0,Matches
303,Eiji Miyamoto,jp JPN,MF,Fagi Okayama,27-086,1998,6.4,0,8,1,12.5,1.25,0.16,0.00,0.00,,0,0,Matches
304,Kota Miyamoto,jp JPN,MF,S-Pulse,29-131,1996,2.5,0,0,0,,0.00,0.00,,,,0,0,Matches
305,Yūta Miyamoto,jp JPN,DF,Kyoto Sanga,25-317,1999,27.0,0,7,1,14.3,0.26,0.04,0.00,0.00,,0,0,Matches
306,Taisei Miyashiro,jp JPN,"MF,FW",Vissel Kobe,25-155,2000,28.4,11,67,24,35.8,2.36,0.84,0.16,0.46,,0,1,Matches
307,Shūhei Mizoguchi,jp JPN,"DF,MF",Kashima Antlers,21-257,2004,3.2,0,3,1,33.3,0.94,0.31,0.00,0.00,,0,0,Matches
308,Kyosuke Mochiyama,jp JPN,,Kawa Frontale,22-071,2003,0.0,0,0,0,,0.00,0.00,,,,0,0,Matches
309,Henry Mochizuki,jp JPN,MF,Machida Zelvia,24-038,2001,24.2,1,27,8,29.6,1.12,0.33,0.04,0.13,,0,0,Matches
310,Matheus Moraes,br BRA,MF,Albirex Niigata,25-189,2000,5.2,1,14,3,21.4,2.72,0.58,0.07,0.33,,0,0,Matches
311,Kaito Mori,jp JPN,FW,Yokohama FC,25-143,2000,0.3,0,1,0,0.0,3.00,0.00,0.00,,,0,0,Matches
312,Kodai Mori,jp JPN,DF,Albirex Niigata,26-184,1999,0.6,0,0,0,,0.00,0.00,,,,0,0,Matches
313,Soichiro Mori,jp JPN,MF,Grampus,18-121,2007,5.7,1,6,2,33.3,1.06,0.35,0.17,0.50,,0,0,Matches
314,Masato Morishige,jp JPN,DF,FC Tokyo,38-160,1987,17.3,1,6,1,16.7,0.35,0.06,0.00,0.00,,1,1,Matches
315,Tsukasa Morishima,jp JPN,MF,Grampus,28-186,1997,21.2,1,14,3,21.4,0.66,0.14,0.07,0.33,,0,0,Matches
316,Koki Morita,jp JPN,MF,Tokyo Verdy,25-081,2000,26.5,0,9,3,33.3,0.34,0.11,0.00,0.00,,0,0,Matches
317,Tatsuya Morita,jp JPN,GK,Machida Zelvia,35-086,1990,1.0,0,0,0,,0.00,0.00,,,,0,0,Matches
318,Shu Morooka,jp JPN,"MF,FW",Kashima Antlers,24-323,2000,5.0,2,7,2,28.6,1.40,0.40,0.29,1.00,,0,0,Matches
319,Haruka Motoyama,jp JPN,MF,Fagi Okayama,26-145,1999,4.9,0,2,0,0.0,0.40,0.00,0.00,,,0,0,Matches
320,Masaaki Murakami,jp JPN,GK,Avispa Fukuoka,33-082,1992,14.0,0,0,0,,0.00,0.00,,,,0,0,Matches
321,Toma Murata,jp JPN,MF,Yokohama FC,25-098,2000,7.6,0,4,0,0.0,0.53,0.00,0.00,,,0,0,Matches
322,Keisuke Muroi,jp JPN,MF,Yokohama FC,25-194,2000,6.7,2,18,4,22.2,2.67,0.59,0.11,0.50,,0,0,Matches
323,Sei Muroya,jp JPN,DF,FC Tokyo,31-206,1994,12.3,0,10,3,30.0,0.81,0.24,0.00,0.00,,0,0,Matches
324,Yoshinori Mutō,jp JPN,"FW,MF",Vissel Kobe,33-105,1992,11.7,1,20,8,40.0,1.71,0.69,0.05,0.13,,0,0,Matches
325,Kato Mutsuki,jp JPN,MF,Sanfrecce,28-083,1997,21.4,2,40,13,32.5,1.87,0.61,0.05,0.15,,0,1,Matches
Rk,Player,Nation,Pos,Squad,Age,Born,90s,Gls,Sh,SoT,SoT%,Sh/90,SoT/90,G/Sh,G/SoT,Dist,PK,PKatt,Matches
326,Kensuke Nagai,jp JPN,"FW,MF",Grampus,36-237,1989,17.5,2,40,13,32.5,2.29,0.74,0.05,0.15,,0,0,Matches
327,Takumi Nagaishi,jp JPN,GK,Avispa Fukuoka,29-254,1996,4.0,0,0,0,,0.00,0.00,,,,0,0,Matches
328,Motoki Nagakura,jp JPN,"FW,MF",FC Tokyo,26-021,1999,8.5,4,32,15,46.9,3.78,1.77,0.13,0.27,,0,0,Matches
329,Motoki Nagakura,jp JPN,FW,Urawa Reds,26-021,1999,1.6,1,3,1,33.3,1.90,0.63,0.33,1.00,,0,0,Matches
330,Yoichi Naganuma,jp JPN,DF,Urawa Reds,28-197,1997,19.6,1,11,5,45.5,0.56,0.26,0.09,0.20,,0,0,Matches
331,Shun Nagasawa,jp JPN,FW,Kyoto Sanga,37-064,1988,9.1,3,17,9,52.9,1.87,0.99,0.18,0.33,,0,0,Matches
332,Kodai Nagata,jp JPN,DF,Kyoto Sanga,23-050,2002,0.1,0,0,0,,0.00,0.00,,,,0,0,Matches
333,Katsuya Nagato,jp JPN,DF,Marinos,30-286,1995,14.0,1,11,2,18.2,0.79,0.14,0.09,0.50,,0,0,Matches
334,Katsuya Nagato,jp JPN,DF,Vissel Kobe,30-286,1995,14.0,0,7,3,42.9,0.50,0.21,0.00,0.00,,0,0,Matches
335,Yuto Nagatomo,jp JPN,"DF,MF",FC Tokyo,39-046,1986,16.2,0,9,0,0.0,0.56,0.00,0.00,,,0,0,Matches
336,Shintaro Nago,jp JPN,MF,Avispa Fukuoka,29-194,1996,24.4,2,42,15,35.7,1.72,0.62,0.02,0.07,,1,1,Matches
337,Nobuteru Nakagawa,jp JPN,MF,Kashiwa Reysol,23-166,2002,15.8,3,23,8,34.8,1.45,0.51,0.13,0.38,,0,0,Matches
338,Teruhito Nakagawa,jp JPN,"FW,MF",FC Tokyo,33-093,1992,15.4,2,20,9,45.0,1.30,0.58,0.10,0.22,,0,0,Matches
339,Hikaru Nakahara,jp JPN,MF,S-Pulse,29-112,1996,10.9,2,14,5,35.7,1.29,0.46,0.14,0.40,,0,0,Matches
340,Motohiko Nakajima,jp JPN,"MF,FW",Cerezo Osaka,26-193,1999,22.7,5,69,25,36.2,3.04,1.10,0.07,0.20,,0,0,Matches
341,Shoya Nakajima,jp JPN,MF,Urawa Reds,31-066,1994,4.5,1,15,6,40.0,3.33,1.33,0.07,0.17,,0,0,Matches
342,Shun Nakajima,jp JPN,MF,Kashiwa Reysol,23-203,2002,1.2,0,1,0,0.0,0.83,0.00,0.00,,,0,0,Matches
343,Yotaro Nakajima,jp JPN,MF,Sanfrecce,19-189,2006,8.9,0,12,2,16.7,1.34,0.22,0.00,0.00,,0,0,Matches
344,Hayato Nakama,jp JPN,"MF,FW",Kashiwa Reysol,33-165,1992,10.1,2,26,10,38.5,2.58,0.99,0.08,0.20,,0,0,Matches
345,Hotaka Nakamura,jp JPN,MF,Machida Zelvia,28-077,1997,0.9,0,0,0,,0.00,0.00,,,,0,0,Matches
346,Sota Nakamura,jp JPN,MF,Sanfrecce,23-013,2002,20.9,5,29,10,34.5,1.39,0.48,0.17,0.50,,0,0,Matches
347,Takumi Nakamura,jp JPN,DF,Cerezo Osaka,24-226,2001,0.4,0,0,0,,0.00,0.00,,,,0,0,Matches
348,Ryuma Nakano,jp JPN,MF,Kyoto Sanga,23-022,2002,4.7,1,7,3,42.9,1.48,0.64,0.14,0.33,,0,0,Matches
349,Shinya Nakano,jp JPN,"MF,DF",Shonan Bellmare,22-072,2003,6.1,0,9,2,22.2,1.48,0.33,0.00,0.00,,0,0,Matches
350,Shinya Nakano,jp JPN,DF,Gamba Osaka,22-072,2003,0.3,0,0,0,,0.00,0.00,,,,0,0,Matches
Rk,Player,Nation,Pos,Squad,Age,Born,90s,Gls,Sh,SoT,SoT%,Sh/90,SoT/90,G/Sh,G/SoT,Dist,PK,PKatt,Matches
351,Shuto Nakano,jp JPN,"MF,DF",Sanfrecce,25-123,2000,28.4,1,29,7,24.1,1.02,0.25,0.03,0.14,,0,0,Matches
352,Yoshihiro Nakano,jp JPN,MF,Yokohama FC,32-246,1993,0.4,0,0,0,,0.00,0.00,,,,0,0,Matches
353,Shinnosuke Nakatani,jp JPN,DF,Gamba Osaka,29-218,1996,32.0,2,24,4,16.7,0.75,0.12,0.08,0.50,,0,0,Matches
354,Katsuhiro Nakayama,jp JPN,MF,Grampus,29-103,1996,18.9,0,15,3,20.0,0.79,0.16,0.00,0.00,,0,0,Matches
355,Yuta Nakayama,jp JPN,"MF,DF",Machida Zelvia,28-254,1997,25.1,1,20,8,40.0,0.80,0.32,0.05,0.13,,0,0,Matches
356,Tatsuki Nara,jp JPN,DF,Avispa Fukuoka,32-039,1993,12.2,0,3,1,33.3,0.25,0.08,0.00,0.00,,0,0,Matches
357,Shumpei Naruse,jp JPN,DF,Kashiwa Reysol,24-284,2001,1.0,0,0,0,,0.00,0.00,,,,0,0,Matches
358,Gakū Nawata,jp JPN,MF,Gamba Osaka,19-091,2006,0.9,0,4,1,25.0,4.29,1.07,0.00,0.00,,0,0,Matches
359,Boniface Nduka,jp JPN,DF,Yokohama FC,29-255,1996,33.5,1,10,2,20.0,0.30,0.06,0.10,0.50,,0,0,Matches
360,Kenta Nemoto,jp JPN,DF,Urawa Reds,22-319,2002,2.1,0,1,0,0.0,0.48,0.00,0.00,,,0,0,Matches
361,Ryo Nemoto,jp JPN,FW,Shonan Bellmare,25-267,2000,2.9,0,5,1,20.0,1.72,0.34,0.00,0.00,,0,0,Matches
362,Ayumi Niekawa,jp JPN,GK,Urawa Reds,31-169,1994,2.9,0,0,0,,0.00,0.00,,,,0,0,Matches
363,Motoki Nishihara,jp JPN,MF,S-Pulse,18-316,2006,3.0,0,2,1,50.0,0.67,0.34,0.00,0.00,,0,0,Matches
364,Shusaku Nishikawa,jp JPN,GK,Urawa Reds,39-132,1986,32.1,0,0,0,,0.00,0.00,,,,0,0,Matches
365,Takuma Nishimura,jp JPN,MF,Machida Zelvia,29-006,1996,23.5,7,46,19,41.3,1.95,0.81,0.13,0.32,,1,1,Matches
366,Ryūya Nishio,jp JPN,DF,Cerezo Osaka,24-165,2001,20.1,0,8,4,50.0,0.40,0.20,0.00,0.00,,0,0,Matches
367,Rio Nitta,jp JPN,FW,Shonan Bellmare,22-201,2003,4.0,1,8,4,50.0,2.02,1.01,0.13,0.25,,0,0,Matches
368,Rio Nitta,jp JPN,FW,Urawa Reds,22-201,2003,0.2,0,1,0,0.0,5.00,0.00,0.00,,,0,0,Matches
369,Kyohei Noborizato,jp JPN,DF,Cerezo Osaka,34-349,1990,9.1,0,5,0,0.0,0.55,0.00,0.00,,,0,0,Matches
370,Hiroto Noda,jp JPN,DF,Kawa Frontale,19-206,2006,0.0,0,0,0,,0.00,0.00,,,,0,0,Matches
371,Yuki Nogami,jp JPN,"DF,MF",Grampus,34-191,1991,17.2,1,13,2,15.4,0.76,0.12,0.08,0.50,,0,0,Matches
372,Kimito Nono,jp JPN,DF,Kashima Antlers,23-216,2002,19.3,1,16,4,25.0,0.83,0.21,0.06,0.25,,0,0,Matches
373,Reon Nozawa,jp JPN,MF,FC Tokyo,22-099,2003,6.7,1,10,3,30.0,1.49,0.45,0.10,0.33,,0,0,Matches
374,Taishi Nozawa,jp JPN,GK,FC Tokyo,22-307,2002,17.0,0,0,0,,0.00,0.00,,,,0,0,Matches
375,Takaya Numata,jp JPN,MF,Machida Zelvia,26-192,1999,1.8,1,3,2,66.7,1.69,1.13,0.33,0.50,,0,0,Matches
Rk,Player,Nation,Pos,Squad,Age,Born,90s,Gls,Sh,SoT,SoT%,Sh/90,SoT/90,G/Sh,G/SoT,Dist,PK,PKatt,Matches
376,Yuma Obata,jp JPN,GK,Avispa Fukuoka,23-355,2001,17.0,0,0,0,,0.00,0.00,,,,0,0,Matches
377,Riku Ochiai,jp JPN,MF,Albirex Niigata,26-158,1999,0.1,0,0,0,,0.00,0.00,,,,0,0,Matches
378,Itsuki Oda,jp JPN,MF,Avispa Fukuoka,27-104,1998,2.0,0,4,2,50.0,2.02,1.01,0.00,0.00,,0,0,Matches
379,Yutaro Oda,jp JPN,"FW,MF",Shonan Bellmare,24-077,2001,10.0,1,12,7,58.3,1.20,0.70,0.08,0.14,,0,0,Matches
380,Tsuyoshi Ogashiwa,jp JPN,"FW,MF",FC Tokyo,27-111,1998,0.7,0,3,0,0.0,4.09,0.00,0.00,,,0,0,Matches
381,Keijiro Ogawa,jp JPN,"FW,MF",Yokohama FC,33-106,1992,2.0,0,3,1,33.3,1.49,0.50,0.00,0.00,,0,0,Matches
382,Ryoya Ogawa,jp JPN,DF,Kashima Antlers,28-338,1996,8.4,0,4,2,50.0,0.47,0.24,0.00,0.00,,0,0,Matches
383,Takahiro Ogihara,jp JPN,MF,Vissel Kobe,34-023,1991,29.6,2,27,5,18.5,0.91,0.17,0.07,0.40,,0,0,Matches
384,Takuya Ogiwara,jp JPN,DF,Urawa Reds,25-339,1999,17.1,0,17,5,29.4,0.99,0.29,0.00,0.00,,0,0,Matches
385,Hinata Ogura,jp JPN,MF,Yokohama FC,24-178,2001,14.3,0,10,3,30.0,0.70,0.21,0.00,0.00,,0,0,Matches
386,Motoki Ohara,jp JPN,MF,Albirex Niigata,25-233,2000,3.6,0,8,1,12.5,2.24,0.28,0.00,0.00,,0,0,Matches
387,Motoki Ohara,jp JPN,MF,Sanfrecce,25-233,2000,0.3,0,1,0,0.0,3.60,0.00,0.00,,,0,0,Matches
388,Ayumu Ohata,jp JPN,DF,Cerezo Osaka,24-184,2001,7.9,0,2,1,50.0,0.25,0.13,0.00,0.00,,0,0,Matches
389,Rinsei Ohata,jp JPN,MF,S-Pulse,21-339,2003,0.1,0,0,0,,0.00,0.00,,,,0,0,Matches
390,Kazuki Oiwa,jp JPN,DF,Shonan Bellmare,36-072,1989,6.9,1,3,1,33.3,0.43,0.14,0.33,1.00,,0,0,Matches
391,Teppei Oka,jp JPN,DF,FC Tokyo,24-052,2001,14.5,0,8,1,12.5,0.55,0.07,0.00,0.00,,0,0,Matches
392,Daihachi Okamura,jp JPN,DF,Machida Zelvia,28-255,1997,28.8,4,26,10,38.5,0.90,0.35,0.15,0.40,,0,0,Matches
393,Yuya Oki,jp JPN,GK,S-Pulse,26-067,1999,23.0,0,0,0,,0.00,0.00,,,,0,0,Matches
394,Tomoaki Okubo,jp JPN,MF,Urawa Reds,27-097,1998,3.5,1,3,1,33.3,0.86,0.29,0.33,1.00,,0,0,Matches
395,Hayato Okuda,jp JPN,"DF,MF",Cerezo Osaka,24-190,2001,24.5,0,21,4,19.0,0.86,0.16,0.00,0.00,,0,0,Matches
396,Masaya Okugawa,jp JPN,"FW,MF",Kyoto Sanga,29-197,1996,13.3,7,29,13,44.8,2.17,0.97,0.24,0.54,,0,0,Matches
397,Jin Okumura,jp JPN,MF,Albirex Niigata,24-208,2001,21.1,3,36,8,22.2,1.71,0.38,0.08,0.38,,0,0,Matches
398,Hiroaki Okuno,jp JPN,MF,Shonan Bellmare,36-075,1989,12.9,0,11,0,0.0,0.85,0.00,0.00,,,0,0,Matches
399,Hiroaki Okuno,jp JPN,"FW,MF",Cerezo Osaka,36-075,1989,0.2,0,0,0,,0.00,0.00,,,,0,0,Matches
400,Kohei Okuno,jp JPN,MF,Shonan Bellmare,25-208,2000,21.4,1,14,3,21.4,0.65,0.14,0.07,0.33,,0,0,Matches
Rk,Player,Nation,Pos,Squad,Age,Born,90s,Gls,Sh,SoT,SoT%,Sh/90,SoT/90,G/Sh,G/SoT,Dist,PK,PKatt,Matches
401,Kanji Okunuki,jp JPN,MF,Gamba Osaka,26-078,1999,3.3,0,3,1,33.3,0.91,0.30,0.00,0.00,,0,0,Matches
402,Matheus Caldeira Vidotto de Oliveira,br BRA,GK,Tokyo Verdy,31-201,1994,35.0,0,0,0,,0.00,0.00,,,,0,0,Matches
403,Hijiri Onaga,jp JPN,MF,Tokyo Verdy,30-247,1995,19.4,0,12,3,25.0,0.62,0.15,0.00,0.00,,0,0,Matches
404,Joji Onaiu,jp JPN,MF,Marinos,24-351,2000,0.7,0,2,0,0.0,2.69,0.00,0.00,,,0,0,Matches
405,Kazunari Ono,jp JPN,DF,Shonan Bellmare,36-085,1989,15.8,0,1,1,100.0,0.06,0.06,0.00,0.00,,0,0,Matches
406,Masahito Ono,jp JPN,MF,Grampus,29-080,1996,1.4,0,2,0,0.0,1.40,0.00,0.00,,,0,0,Matches
407,Yuji Ono,jp JPN,FW,Albirex Niigata,32-310,1992,7.0,0,8,3,37.5,1.14,0.43,0.00,0.00,,0,0,Matches
408,Kosuke Onose,jp JPN,MF,Shonan Bellmare,32-189,1993,25.5,0,19,6,31.6,0.74,0.24,0.00,0.00,,0,0,Matches
409,Keisuke Ōsako,jp JPN,GK,Sanfrecce,26-092,1999,35.0,0,0,0,,0.00,0.00,,,,0,0,Matches
410,Yuya Osako,jp JPN,FW,Vissel Kobe,35-163,1990,20.6,8,60,25,41.7,2.91,1.21,0.12,0.28,,1,1,Matches
411,Ryota Oshima,jp JPN,MF,Kawa Frontale,32-278,1993,2.3,0,2,1,50.0,0.88,0.44,0.00,0.00,,0,0,Matches
412,Gakuji Ota,jp JPN,GK,Kyoto Sanga,34-306,1990,33.0,0,0,0,,0.00,0.00,,,,0,0,Matches
413,Ryunosuke Ota,jp JPN,FW,Fagi Okayama,23-210,2002,0.0,0,0,0,,0.00,0.00,,,,0,0,Matches
414,Shusuke Ota,jp JPN,MF,Shonan Bellmare,29-247,1996,5.0,1,8,4,50.0,1.61,0.81,0.13,0.25,,0,0,Matches
415,Shusuke Ota,jp JPN,MF,Albirex Niigata,29-247,1996,6.4,1,5,3,60.0,0.79,0.47,0.20,0.33,,0,0,Matches
416,Yuto Ozeki,jp JPN,MF,Kawa Frontale,20-264,2005,6.0,2,12,4,33.3,2.01,0.67,0.17,0.50,,0,0,Matches
417,Jean Patric,br BRA,"FW,MF",Vissel Kobe,28-167,1997,5.8,0,23,6,26.1,3.98,1.04,0.00,0.00,,0,0,Matches
418,Patrick,br BRA,DF,Kyoto Sanga,28-147,1997,7.1,0,6,0,0.0,0.85,0.00,0.00,,,0,0,Matches
419,João Paulo,br BRA,MF,Yokohama FC,28-334,1996,11.8,0,19,5,26.3,1.61,0.42,0.00,0.00,,0,0,Matches
420,João Pedro Mendes,br BRA,MF,Kyoto Sanga,26-055,1999,10.6,1,17,4,23.5,1.61,0.38,0.06,0.25,,0,0,Matches
421,Luiz Phellype,br BRA,FW,Shonan Bellmare,32-031,1993,5.8,4,16,7,43.8,2.74,1.20,0.19,0.43,,1,1,Matches
422,Alexandre Pisano,jp JPN,GK,Grampus,19-291,2006,15.0,0,0,0,,0.00,0.00,,,,0,0,Matches
423,Werik Popó,br BRA,FW,Fagi Okayama,24-011,2001,2.2,0,5,0,0.0,2.24,0.00,0.00,,,0,0,Matches
424,William Popp,jp JPN,GK,Shonan Bellmare,31-007,1994,7.0,0,0,0,,0.00,0.00,,,,0,0,Matches
425,Jeisson Quiñones,co COL,DF,Marinos,28-072,1997,18.7,2,6,3,50.0,0.32,0.16,0.33,0.67,,0,0,Matches
Rk,Player,Nation,Pos,Squad,Age,Born,90s,Gls,Sh,SoT,SoT%,Sh/90,SoT/90,G/Sh,G/SoT,Dist,PK,PKatt,Matches
426,Rafael Ratão,br BRA,FW,Cerezo Osaka,29-332,1995,25.8,15,73,36,49.3,2.83,1.40,0.21,0.42,,0,1,Matches
427,Zé Ricardo,br BRA,MF,Shonan Bellmare,26-267,1999,4.6,0,3,1,33.3,0.65,0.22,0.00,0.00,,0,0,Matches
428,Lazar Romanić,rs SRB,FW,Kawa Frontale,27-217,1998,2.1,2,7,3,42.9,3.35,1.44,0.14,0.33,,1,1,Matches
429,Marcelo Ryan,br BRA,FW,FC Tokyo,23-142,2002,17.8,8,71,25,35.2,3.98,1.40,0.08,0.24,,2,3,Matches
430,Riku Saga,jp JPN,DF,Fagi Okayama,27-154,1998,0.3,0,0,0,,0.00,0.00,,,,0,0,Matches
431,Abdelrahman Saidi,se SWE,FW,Albirex Niigata,26-076,1999,8.4,0,30,8,26.7,3.58,0.95,0.00,0.00,,0,0,Matches
432,Keita Saito,jp JPN,FW,Fagi Okayama,32-211,1993,0.0,0,0,0,,0.00,0.00,,,,0,0,Matches
433,Kosuke Saito,jp JPN,MF,Tokyo Verdy,28-134,1997,28.4,1,30,7,23.3,1.06,0.25,0.03,0.14,,0,0,Matches
434,Mitsuki Saito,jp JPN,MF,Vissel Kobe,26-291,1999,1.2,0,2,0,0.0,1.73,0.00,0.00,,,0,0,Matches
435,Mitsuki Saito,jp JPN,MF,Kyoto Sanga,26-291,1999,0.7,0,0,0,,0.00,0.00,,,,0,0,Matches
436,Gōtoku Sakai,jp JPN,DF,Vissel Kobe,34-228,1991,24.9,1,20,5,25.0,0.80,0.20,0.05,0.20,,0,0,Matches
437,Reiya Sakata,jp JPN,MF,Cerezo Osaka,21-170,2004,7.8,0,13,5,38.5,1.67,0.64,0.00,0.00,,0,0,Matches
438,Soromon Sakuragawa,jp JPN,FW,Yokohama FC,24-085,2001,17.7,4,50,18,36.0,2.82,1.01,0.08,0.22,,0,0,Matches
439,Kota Sanada,jp JPN,GK,Shonan Bellmare,26-190,1999,6.0,0,0,0,,0.00,0.00,,,,0,0,Matches
440,Na Sang-ho,kr KOR,MF,Machida Zelvia,29-077,1996,13.8,6,38,11,28.9,2.75,0.80,0.13,0.45,,1,1,Matches
441,Hanan Sani Brown,jp JPN,FW,Avispa Fukuoka,19-117,2006,0.0,1,1,1,100.0,22.50,22.50,1.00,1.00,,0,0,Matches
442,Thiago Santana,br BRA,FW,Urawa Reds,32-266,1993,10.8,4,31,16,51.6,2.87,1.48,0.13,0.25,,0,0,Matches
443,Asahi Sasaki,jp JPN,DF,Kawa Frontale,25-275,2000,30.5,3,20,7,35.0,0.66,0.23,0.15,0.43,,0,0,Matches
444,Daiju Sasaki,jp JPN,FW,Vissel Kobe,35-041,1990,22.4,4,54,19,35.2,2.41,0.85,0.07,0.21,,0,0,Matches
445,Sho Sasaki,jp JPN,DF,Sanfrecce,36-026,1989,32.9,1,24,6,25.0,0.73,0.18,0.04,0.17,,0,0,Matches
446,Shogo Sasaki,jp JPN,DF,Gamba Osaka,25-095,2000,3.6,0,2,0,0.0,0.56,0.00,0.00,,,0,0,Matches
447,Kein Sato,jp JPN,"MF,FW",FC Tokyo,24-109,2001,21.8,7,48,17,35.4,2.20,0.78,0.13,0.35,,1,1,Matches
448,Kyō Satō,jp JPN,DF,Kyoto Sanga,25-221,2000,22.4,0,10,2,20.0,0.45,0.09,0.00,0.00,,0,0,Matches
449,Mihiro Satō,jp JPN,DF,Kashima Antlers,18-244,2007,0.2,0,0,0,,0.00,0.00,,,,0,0,Matches
450,Ryūnosuke Satō,jp JPN,MF,Fagi Okayama,19-012,2006,19.7,6,25,11,44.0,1.27,0.56,0.24,0.55,,0,0,Matches
Rk,Player,Nation,Pos,Squad,Age,Born,90s,Gls,Sh,SoT,SoT%,Sh/90,SoT/90,G/Sh,G/SoT,Dist,PK,PKatt,Matches
451,Sonosuke Sato,jp JPN,MF,Avispa Fukuoka,22-114,2003,3.1,0,5,2,40.0,1.60,0.64,0.00,0.00,,0,0,Matches
452,Yota Sato,jp JPN,DF,Grampus,27-048,1998,23.5,5,13,7,53.8,0.55,0.30,0.38,0.71,,0,0,Matches
453,Matheus Sávio,br BRA,MF,Urawa Reds,28-196,1997,27.4,4,60,14,23.3,2.19,0.51,0.07,0.29,,0,0,Matches
454,Daniel Schmidt,jp JPN,GK,Grampus,33-267,1992,7.0,0,0,0,,0.00,0.00,,,,0,0,Matches
455,Alexander Scholz,dk DEN,DF,FC Tokyo,33-004,1992,13.0,2,7,3,42.9,0.54,0.23,0.00,0.00,,2,3,Matches
456,Yusuke Segawa,jp JPN,MF,Kawa Frontale,31-263,1994,2.3,1,8,3,37.5,3.53,1.32,0.13,0.33,,0,0,Matches
457,Yusuke Segawa,jp JPN,MF,Kashiwa Reysol,31-263,1994,3.7,3,17,8,47.1,4.57,2.15,0.12,0.25,,1,1,Matches
458,Oh Sehun,kr KOR,FW,Machida Zelvia,26-286,1999,14.5,2,32,12,37.5,2.20,0.83,0.06,0.17,,0,0,Matches
459,Ikuma Sekigawa,jp JPN,DF,Kashima Antlers,25-045,2000,13.2,0,5,1,20.0,0.38,0.08,0.00,0.00,,0,0,Matches
460,Takahiro Sekine,jp JPN,"DF,MF",Urawa Reds,30-192,1995,15.2,1,21,5,23.8,1.38,0.33,0.05,0.20,,0,0,Matches
461,Kanta Sekitomi,jp JPN,DF,Marinos,20-005,2005,1.9,0,1,0,0.0,0.52,0.00,0.00,,,0,0,Matches
462,Keiya Sento,jp JPN,MF,Machida Zelvia,30-303,1994,9.3,1,14,4,28.6,1.51,0.43,0.07,0.25,,0,0,Matches
463,Kim Seung-gyu,kr KOR,GK,FC Tokyo,35-028,1990,13.0,0,0,0,,0.00,0.00,,,,0,0,Matches
464,Gaku Shibasaki,jp JPN,MF,Kashima Antlers,33-153,1992,10.7,0,12,1,8.3,1.12,0.09,0.00,0.00,,0,0,Matches
465,Kai Shibato,jp JPN,MF,Urawa Reds,29-338,1995,2.3,0,1,0,0.0,0.44,0.00,0.00,,,0,0,Matches
466,Masaya Shibayama,jp JPN,MF,Cerezo Osaka,23-118,2002,11.7,4,27,9,33.3,2.32,0.77,0.15,0.44,,0,0,Matches
467,Takaaki Shichi,jp JPN,"DF,MF",Avispa Fukuoka,31-305,1993,18.1,0,13,2,15.4,0.72,0.11,0.00,0.00,,0,0,Matches
468,Masato Shigemi,jp JPN,MF,Avispa Fukuoka,24-038,2001,9.7,1,11,2,18.2,1.14,0.21,0.09,0.50,,0,0,Matches
469,Keiya Shiihashi,jp JPN,MF,Grampus,28-130,1997,23.3,2,14,5,35.7,0.60,0.21,0.14,0.40,,0,0,Matches
470,Yudai Shimamoto,jp JPN,MF,S-Pulse,19-002,2006,3.9,0,4,0,0.0,1.03,0.00,0.00,,,0,0,Matches
471,Takuya Shimamura,jp JPN,MF,Albirex Niigata,26-236,1999,6.2,1,5,1,20.0,0.81,0.16,0.20,1.00,,0,0,Matches
472,Takuya Shimamura,jp JPN,"FW,MF",Kashiwa Reysol,26-236,1999,0.2,0,0,0,,0.00,0.00,,,,0,0,Matches
473,Kaili Shimbo,jp JPN,MF,Yokohama FC,23-073,2002,26.2,0,12,2,16.7,0.46,0.08,0.00,0.00,,0,0,Matches
474,Hokuto Shimoda,jp JPN,MF,Machida Zelvia,33-355,1991,21.5,1,30,5,16.7,1.39,0.23,0.03,0.20,,0,0,Matches
475,Ryosuke Shindo,jp JPN,DF,Cerezo Osaka,29-143,1996,17.1,2,11,4,36.4,0.64,0.23,0.18,0.50,,0,0,Matches
Rk,Player,Nation,Pos,Squad,Age,Born,90s,Gls,Sh,SoT,SoT%,Sh/90,SoT/90,G/Sh,G/SoT,Dist,PK,PKatt,Matches
476,Tsukasa Shiotani,jp JPN,"DF,MF",Sanfrecce,36-327,1988,28.2,2,24,5,20.8,0.85,0.18,0.08,0.40,,0,0,Matches
477,Eiji Shirai,jp JPN,MF,Albirex Niigata,30-032,1995,11.9,2,16,3,18.8,1.34,0.25,0.13,0.67,,0,0,Matches
478,Eiji Shirai,jp JPN,MF,Kashiwa Reysol,30-032,1995,1.4,0,0,0,,0.00,0.00,,,,0,0,Matches
479,Kosuke Shirai,jp JPN,"MF,DF",FC Tokyo,31-180,1994,14.0,1,7,3,42.9,0.50,0.21,0.14,0.33,,0,0,Matches
480,Ryosuke Shirai,jp JPN,MF,Tokyo Verdy,20-164,2005,1.8,0,8,1,12.5,4.47,0.56,0.00,0.00,,0,0,Matches
481,Ryōhei Shirasaki,jp JPN,MF,Machida Zelvia,32-163,1993,6.7,0,4,0,0.0,0.60,0.00,0.00,,,0,0,Matches
482,Gen Shoji,jp JPN,DF,Machida Zelvia,32-321,1992,35.0,2,12,4,33.3,0.34,0.11,0.17,0.50,,0,0,Matches
483,Miguel Silveira,br BRA,FW,Albirex Niigata,22-216,2003,0.9,1,3,1,33.3,3.38,1.13,0.33,1.00,,0,0,Matches
484,Yuki Soma,jp JPN,MF,Machida Zelvia,28-245,1997,26.9,9,71,27,38.0,2.64,1.00,0.11,0.30,,1,1,Matches
485,Itsuki Someno,jp JPN,"FW,MF",Tokyo Verdy,24-046,2001,20.4,4,59,17,28.8,2.89,0.83,0.07,0.24,,0,0,Matches
486,Alfredo Stephens,pa PAN,"FW,MF",S-Pulse,30-307,1994,0.4,0,2,1,50.0,4.86,2.43,0.00,0.00,,0,0,Matches
487,Rui Sueyoshi,jp JPN,MF,Fagi Okayama,29-094,1996,2.0,0,1,0,0.0,0.51,0.00,0.00,,,0,0,Matches
488,Daiki Suga,jp JPN,MF,Sanfrecce,27-048,1998,8.9,1,14,3,21.4,1.57,0.34,0.07,0.33,,0,0,Matches
489,Hidehiro Sugai,jp JPN,DF,Kyoto Sanga,27-001,1998,26.5,2,21,8,38.1,0.79,0.30,0.10,0.25,,0,0,Matches
490,Daiki Sugioka,jp JPN,DF,Kashiwa Reysol,27-050,1998,9.2,0,6,2,33.3,0.65,0.22,0.00,0.00,,0,0,Matches
491,Shungo Sugiura,jp JPN,MF,Grampus,19-167,2006,0.2,0,0,0,,0.00,0.00,,,,0,0,Matches
492,Jelani Sumiyoshi,jp JPN,DF,S-Pulse,28-023,1997,27.6,1,14,3,21.4,0.51,0.11,0.07,0.33,,0,0,Matches
493,Jung Sung-ryong,kr KOR,GK,Kawa Frontale,40-297,1985,3.0,0,0,0,,0.00,0.00,,,,0,0,Matches
494,Gu Sung-yun,kr KOR,GK,Kyoto Sanga,31-123,1994,2.0,0,0,0,,0.00,0.00,,,,0,0,Matches
495,Kosei Suwama,jp JPN,DF,Marinos,22-144,2003,8.8,0,7,1,14.3,0.80,0.11,0.00,0.00,,0,0,Matches
496,Akito Suzuki,jp JPN,FW,Shonan Bellmare,22-090,2003,29.2,7,67,24,35.8,2.29,0.82,0.10,0.29,,0,0,Matches
497,Junnosuke Suzuki,jp JPN,DF,Shonan Bellmare,22-108,2003,20.6,0,17,4,23.5,0.82,0.19,0.00,0.00,,0,0,Matches
498,Junya Suzuki,jp JPN,MF,Yokohama FC,29-294,1996,7.7,0,6,0,0.0,0.78,0.00,0.00,,,0,0,Matches
499,Kaito Suzuki,jp JPN,DF,Tokyo Verdy,23-064,2002,0.6,0,0,0,,0.00,0.00,,,,0,0,Matches
500,Musashi Suzuki,jp JPN,MF,Yokohama FC,31-259,1994,13.1,2,23,4,17.4,1.75,0.30,0.09,0.50,,0,0,Matches
Rk,Player,Nation,Pos,Squad,Age,Born,90s,Gls,Sh,SoT,SoT%,Sh/90,SoT/90,G/Sh,G/SoT,Dist,PK,PKatt,Matches
501,Toichi Suzuki,jp JPN,DF,Marinos,25-151,2000,13.9,0,6,1,16.7,0.43,0.07,0.00,0.00,,0,0,Matches
502,Tokuma Suzuki,jp JPN,MF,Gamba Osaka,28-230,1997,20.9,0,14,3,21.4,0.67,0.14,0.00,0.00,,0,0,Matches
503,Yoshinori Suzuki,jp JPN,DF,Kyoto Sanga,33-047,1992,32.6,1,8,2,25.0,0.25,0.06,0.13,0.50,,0,0,Matches
504,Yoshitake Suzuki,jp JPN,DF,Fagi Okayama,27-114,1998,15.2,0,3,1,33.3,0.20,0.07,0.00,0.00,,0,0,Matches
505,Yuma Suzuki,jp JPN,"FW,MF",Kashima Antlers,29-185,1996,33.1,10,65,25,38.5,1.96,0.75,0.11,0.28,,3,4,Matches
506,Yuto Suzuki,jp JPN,"DF,MF",Shonan Bellmare,31-325,1993,30.5,2,18,5,27.8,0.59,0.16,0.11,0.40,,0,0,Matches
507,Jakub Słowik,pl POL,GK,Yokohama FC,34-058,1991,10.0,0,0,0,,0.00,0.00,,,,0,0,Matches
508,Ryo Tabei,jp JPN,MF,Fagi Okayama,26-125,1999,15.9,1,18,4,22.2,1.13,0.25,0.06,0.25,,0,0,Matches
509,Koki Tachi,jp JPN,DF,Shonan Bellmare,27-318,1997,12.3,1,3,1,33.3,0.24,0.08,0.33,1.00,,0,0,Matches
510,Kento Tachibanada,jp JPN,MF,Kawa Frontale,27-152,1998,13.5,1,16,3,18.8,1.18,0.22,0.06,0.33,,0,0,Matches
511,Kim Taehyeon,kr KOR,DF,Kashima Antlers,25-041,2000,21.0,0,10,1,10.0,0.48,0.05,0.00,0.00,,0,0,Matches
512,Daichi Tagami,jp JPN,DF,Fagi Okayama,32-134,1993,27.7,1,19,6,31.6,0.69,0.22,0.05,0.17,,0,0,Matches
513,Kyosuke Tagawa,jp JPN,FW,Kashima Antlers,26-259,1999,7.0,3,17,6,35.3,2.43,0.86,0.18,0.50,,0,0,Matches
514,Sen Takagi,jp JPN,DF,S-Pulse,23-228,2002,19.2,2,20,7,35.0,1.04,0.37,0.10,0.29,,0,0,Matches
515,Yoshiaki Takagi,jp JPN,"MF,FW",Albirex Niigata,32-323,1992,3.8,0,1,0,0.0,0.26,0.00,0.00,,,0,0,Matches
516,Daigo Takahashi,jp JPN,MF,Machida Zelvia,26-194,1999,0.0,0,0,0,,0.00,0.00,,,,0,0,Matches
517,Naoya Takahashi,jp JPN,MF,Shonan Bellmare,24-153,2001,1.7,0,0,0,,0.00,0.00,,,,0,0,Matches
518,Niko Takahashi,jp JPN,"DF,MF",Cerezo Osaka,20-072,2005,11.6,1,4,1,25.0,0.35,0.09,0.25,1.00,,0,0,Matches
519,Toshiki Takahashi,jp JPN,FW,S-Pulse,27-281,1998,9.4,4,23,6,26.1,2.44,0.64,0.17,0.67,,0,1,Matches
520,Toshiki Takahashi,jp JPN,FW,Urawa Reds,27-281,1998,1.0,0,1,1,100.0,0.98,0.98,0.00,0.00,,0,0,Matches
521,Yuji Takahashi,jp JPN,DF,S-Pulse,32-200,1993,13.5,0,8,0,0.0,0.59,0.00,0.00,,,0,0,Matches
522,Kōta Takai,jp JPN,DF,Kawa Frontale,21-054,2004,21.2,2,9,4,44.4,0.42,0.19,0.22,0.50,,0,0,Matches
523,Shohei Takeda,jp JPN,MF,Kyoto Sanga,31-207,1994,9.1,1,6,1,16.7,0.66,0.11,0.17,1.00,,0,0,Matches
524,Yohei Takeda,jp JPN,GK,Grampus,38-120,1987,13.0,0,0,0,,0.00,0.00,,,,0,0,Matches
525,Ryo Takeuchi,jp JPN,MF,Fagi Okayama,34-234,1991,1.8,0,2,0,0.0,1.11,0.00,0.00,,,0,0,Matches
Rk,Player,Nation,Pos,Squad,Age,Born,90s,Gls,Sh,SoT,SoT%,Sh/90,SoT/90,G/Sh,G/SoT,Dist,PK,PKatt,Matches
526,Talles,br BRA,"MF,FW",Kashima Antlers,27-169,1998,3.7,1,13,4,30.8,3.56,1.09,0.08,0.25,,0,0,Matches
527,Sōki Tamura,jp JPN,MF,Shonan Bellmare,23-191,2002,0.3,0,1,0,0.0,3.60,0.00,0.00,,,0,0,Matches
528,Shūto Tanabe,jp JPN,DF,Kawa Frontale,23-176,2002,3.8,0,2,0,0.0,0.53,0.00,0.00,,,0,0,Matches
529,Hayato Tanaka,jp JPN,DF,Kashiwa Reysol,21-361,2003,12.9,0,1,0,0.0,0.08,0.00,0.00,,,0,0,Matches
530,Satoshi Tanaka,jp JPN,MF,Sanfrecce,23-076,2002,22.3,1,25,4,16.0,1.12,0.18,0.04,0.25,,0,0,Matches
531,Shunta Tanaka,jp JPN,MF,Cerezo Osaka,28-155,1997,23.0,3,19,8,42.1,0.83,0.35,0.16,0.38,,0,0,Matches
532,Kosei Tani,jp JPN,GK,Machida Zelvia,24-340,2000,34.0,0,0,0,,0.00,0.00,,,,0,0,Matches
533,Hiroto Taniguchi,jp JPN,DF,Tokyo Verdy,26-028,1999,32.2,3,23,7,30.4,0.71,0.22,0.13,0.43,,0,0,Matches
534,Kaito Taniguchi,jp JPN,"MF,FW",Albirex Niigata,30-051,1995,16.5,2,39,11,28.2,2.37,0.67,0.05,0.18,,0,0,Matches
535,Kaina Tanimura,jp JPN,FW,Marinos,27-237,1998,8.1,5,14,8,57.1,1.72,0.98,0.36,0.63,,0,0,Matches
536,Douglas Tanque,br BRA,FW,S-Pulse,32-001,1993,1.6,1,5,1,20.0,3.15,0.63,0.20,1.00,,0,0,Matches
537,Masaya Tashiro,jp JPN,DF,Avispa Fukuoka,32-180,1993,21.2,1,9,3,33.3,0.42,0.14,0.11,0.33,,0,0,Matches
538,Ryuga Tashiro,jp JPN,GK,Albirex Niigata,27-062,1998,13.0,0,0,0,,0.00,0.00,,,,0,0,Matches
539,Yugo Tatsuta,jp JPN,DF,Fagi Okayama,27-129,1998,25.0,0,12,0,0.0,0.48,0.00,0.00,,,0,0,Matches
540,Kota Tawaratsumida,jp JPN,MF,FC Tokyo,21-167,2004,22.0,2,28,11,39.3,1.27,0.50,0.07,0.18,,0,0,Matches
541,Hisashi Tawiah,jp JPN,DF,Kyoto Sanga,27-010,1998,4.8,0,2,0,0.0,0.42,0.00,0.00,,,0,0,Matches
542,Shimon Teranuma,jp JPN,FW,Tokyo Verdy,24-234,2001,1.6,0,1,0,0.0,0.62,0.00,0.00,,,0,0,Matches
543,Kohei Tezuka,jp JPN,MF,Kashiwa Reysol,29-205,1996,0.5,0,0,0,,0.00,0.00,,,,0,0,Matches
544,Thiago,br BRA,"MF,FW",Cerezo Osaka,24-362,2000,17.7,4,33,17,51.5,1.87,0.96,0.12,0.24,,0,0,Matches
545,Matheus Thuler,br BRA,DF,Vissel Kobe,26-232,1999,27.1,3,24,7,29.2,0.89,0.26,0.13,0.43,,0,0,Matches
546,Kyota Tokiwa,jp JPN,MF,FC Tokyo,23-202,2002,1.5,0,1,1,100.0,0.67,0.67,0.00,0.00,,0,0,Matches
547,Homare Tokuda,jp JPN,FW,Kashima Antlers,18-252,2007,1.3,2,6,4,66.7,4.78,3.19,0.33,0.50,,0,1,Matches
548,Shuhei Tokumoto,jp JPN,MF,Grampus,30-046,1995,16.8,2,9,3,33.3,0.54,0.18,0.22,0.67,,0,0,Matches
549,Niina Tominaga,jp JPN,FW,Vissel Kobe,21-102,2004,0.0,0,1,1,100.0,90.00,90.00,0.00,0.00,,0,0,Matches
550,Daiya Tono,jp JPN,MF,Marinos,26-228,1999,15.4,5,30,12,40.0,1.95,0.78,0.17,0.42,,0,0,Matches
Rk,Player,Nation,Pos,Squad,Age,Born,90s,Gls,Sh,SoT,SoT%,Sh/90,SoT/90,G/Sh,G/SoT,Dist,PK,PKatt,Matches
551,Sachiro Toshima,jp JPN,MF,Kashiwa Reysol,30-032,1995,3.7,1,5,1,20.0,1.36,0.27,0.20,1.00,,0,0,Matches
552,Shoji Toyama,jp JPN,MF,Tokyo Verdy,23-037,2002,3.1,0,6,2,33.3,1.96,0.65,0.00,0.00,,0,0,Matches
553,Shoji Toyama,jp JPN,FW,Gamba Osaka,23-037,2002,0.9,0,1,0,0.0,1.07,0.00,0.00,,,0,0,Matches
554,Henrique Trevisan,br BRA,DF,FC Tokyo,28-281,1997,7.7,1,5,1,20.0,0.65,0.13,0.20,1.00,,0,0,Matches
555,Kaito Tsuchiya,jp JPN,DF,Kawa Frontale,19-169,2006,0.0,0,0,0,,0.00,0.00,,,,0,0,Matches
556,Koki Tsukagawa,jp JPN,MF,FC Tokyo,31-104,1994,0.2,0,0,0,,0.00,0.00,,,,0,0,Matches
557,Keisuke Tsukui,jp JPN,DF,Kashima Antlers,21-160,2004,8.3,0,5,0,0.0,0.60,0.00,0.00,,,0,0,Matches
558,Yuto Tsunashima,jp JPN,DF,Tokyo Verdy,25-074,2000,22.2,3,18,6,33.3,0.81,0.27,0.17,0.50,,0,0,Matches
559,Ryotaro Tsunoda,jp JPN,DF,Marinos,26-123,1999,6.4,2,7,3,42.9,1.09,0.47,0.29,0.67,,0,0,Matches
560,Marco Túlio,br BRA,FW,Kyoto Sanga,27-229,1998,10.1,6,25,13,52.0,2.48,1.29,0.24,0.46,,0,0,Matches
561,Takuya Uchida,jp JPN,"MF,DF",Grampus,27-148,1998,11.4,0,1,0,0.0,0.09,0.00,0.00,,,0,0,Matches
562,Yosuke Uchida,jp JPN,MF,Tokyo Verdy,23-069,2002,5.1,0,1,0,0.0,0.20,0.00,0.00,,,0,0,Matches
563,Naomichi Ueda,jp JPN,DF,Kashima Antlers,31-004,1994,35.0,2,23,6,26.1,0.66,0.17,0.09,0.33,,0,0,Matches
564,Satoki Uejo,jp JPN,MF,Cerezo Osaka,28-184,1997,3.4,1,10,4,40.0,2.93,1.17,0.10,0.25,,0,0,Matches
565,Hiroto Uemura,jp JPN,"MF,DF",Albirex Niigata,24-063,2001,5.1,0,5,0,0.0,0.98,0.00,0.00,,,0,0,Matches
566,Asahi Uenaka,jp JPN,"MF,FW",Marinos,23-361,2001,23.9,6,40,14,35.0,1.67,0.59,0.15,0.43,,0,0,Matches
567,Togo Umeda,jp JPN,GK,S-Pulse,25-097,2000,12.0,0,0,0,,0.00,0.00,,,,0,0,Matches
568,Zento Uno,jp JPN,MF,S-Pulse,21-342,2003,22.2,0,31,5,16.1,1.40,0.23,0.00,0.00,,0,0,Matches
569,Filip Uremović,hr CRO,DF,Kawa Frontale,28-259,1997,6.5,0,2,0,0.0,0.31,0.00,0.00,,,0,0,Matches
570,Takashi Usami,jp JPN,"MF,FW",Gamba Osaka,33-175,1992,21.4,8,56,21,37.5,2.61,0.98,0.11,0.29,,2,2,Matches
571,Shosei Usui,jp JPN,FW,Avispa Fukuoka,24-100,2001,5.5,3,12,4,33.3,2.19,0.73,0.25,0.75,,0,0,Matches
572,Patrick Verhon,br BRA,MF,Kawa Frontale,21-050,2004,1.5,0,2,0,0.0,1.36,0.00,0.00,,,0,0,Matches
573,Yuji Wakasa,jp JPN,MF,Fagi Okayama,29-261,1996,0.1,0,0,0,,0.00,0.00,,,,0,0,Matches
574,Yamato Wakatsuki,jp JPN,FW,Albirex Niigata,23-283,2002,1.1,1,4,3,75.0,3.56,2.67,0.25,0.33,,0,0,Matches
575,Yasuto Wakizaka,jp JPN,MF,Kawa Frontale,30-139,1995,30.0,7,41,17,41.5,1.36,0.57,0.17,0.41,,0,0,Matches
Rk,Player,Nation,Pos,Squad,Age,Born,90s,Gls,Sh,SoT,SoT%,Sh/90,SoT/90,G/Sh,G/SoT,Dist,PK,PKatt,Matches
576,Sandy Walsh,id IDN,DF,Marinos,30-228,1995,5.7,0,4,0,0.0,0.71,0.00,0.00,,,0,0,Matches
577,Masaki Watai,jp JPN,MF,Kashiwa Reysol,26-102,1999,17.0,1,15,6,40.0,0.88,0.35,0.07,0.17,,0,0,Matches
578,Keigo Watanabe,jp JPN,FW,Shonan Bellmare,23-064,2002,1.2,0,4,1,25.0,3.40,0.85,0.00,0.00,,0,0,Matches
579,Kota Watanabe,jp JPN,MF,Marinos,27-010,1998,19.2,0,5,0,0.0,0.26,0.00,0.00,,,0,0,Matches
580,Ryoma Watanabe,jp JPN,MF,Urawa Reds,29-026,1996,19.0,7,36,15,41.7,1.89,0.79,0.19,0.47,,0,0,Matches
581,Taiki Watanabe,jp JPN,DF,Marinos,26-189,1999,6.2,0,1,0,0.0,0.16,0.00,0.00,,,0,0,Matches
582,Wellington,br BRA,FW,Avispa Fukuoka,37-259,1988,11.4,2,37,7,18.9,3.26,0.62,0.05,0.29,,0,0,Matches
583,Sai van Wermeskerken,jp JPN,DF,Kawa Frontale,31-122,1994,20.9,0,15,1,6.7,0.72,0.05,0.00,0.00,,0,0,Matches
584,Shinya Yajima,jp JPN,MF,S-Pulse,31-283,1994,9.6,1,13,2,15.4,1.36,0.21,0.08,0.50,,0,0,Matches
585,Fūki Yamada,jp JPN,FW,Kyoto Sanga,24-110,2001,4.0,0,9,3,33.3,2.26,0.75,0.00,0.00,,0,0,Matches
586,Goki Yamada,jp JPN,FW,Tokyo Verdy,25-039,2000,1.9,0,1,1,100.0,0.52,0.52,0.00,0.00,,0,0,Matches
587,Kota Yamada,jp JPN,MF,Yokohama FC,26-110,1999,26.4,2,26,4,15.4,0.98,0.15,0.08,0.50,,0,0,Matches
588,Shin Yamada,jp JPN,FW,Kawa Frontale,25-151,2000,12.7,2,35,13,37.1,2.76,1.02,0.06,0.15,,0,0,Matches
589,Yuto Yamada,jp JPN,MF,Kashiwa Reysol,25-164,2000,20.4,2,23,4,17.4,1.13,0.20,0.09,0.50,,0,0,Matches
590,Yuya Yamagishi,jp JPN,"FW,MF",Grampus,32-060,1993,16.0,3,33,11,33.3,2.06,0.69,0.09,0.27,,0,0,Matches
591,Louis Yamaguchi,jp JPN,GK,Kawa Frontale,27-153,1998,32.0,0,0,0,,0.00,0.00,,,,0,0,Matches
592,Taiyo Yamaguchi,jp JPN,FW,FC Tokyo,19-071,2006,0.1,0,0,0,,0.00,0.00,,,,0,0,Matches
593,Reon Yamahara,jp JPN,"MF,DF",S-Pulse,26-142,1999,22.0,1,18,7,38.9,0.82,0.32,0.06,0.14,,0,0,Matches
594,Tetsushi Yamakawa,jp JPN,DF,Vissel Kobe,28-027,1997,34.5,0,19,4,21.1,0.55,0.12,0.00,0.00,,0,0,Matches
595,Hiroto Yamami,jp JPN,MF,Tokyo Verdy,26-073,1999,10.3,1,23,11,47.8,2.24,1.07,0.04,0.09,,0,0,Matches
596,Yuki Yamamoto,jp JPN,MF,Kawa Frontale,27-356,1997,28.5,3,18,5,27.8,0.63,0.18,0.17,0.60,,0,0,Matches
597,Kazuya Yamamura,jp JPN,"DF,MF",Marinos,35-330,1989,0.4,0,0,0,,0.00,0.00,,,,0,0,Matches
598,Ryosuke Yamanaka,jp JPN,"DF,MF",Grampus,32-191,1993,0.5,0,0,0,,0.00,0.00,,,,0,0,Matches
599,Riku Yamane,jp JPN,MF,Marinos,22-072,2003,20.0,1,17,5,29.4,0.85,0.25,0.06,0.20,,0,0,Matches
600,Towa Yamane,jp JPN,MF,Yokohama FC,26-265,1999,19.8,1,14,6,42.9,0.71,0.30,0.07,0.17,,0,0,Matches
Rk,Player,Nation,Pos,Squad,Age,Born,90s,Gls,Sh,SoT,SoT%,Sh/90,SoT/90,G/Sh,G/SoT,Dist,PK,PKatt,Matches
601,Yusei Yamanouchi,jp JPN,MF,Kashiwa Reysol,22-057,2003,2.1,0,6,3,50.0,2.92,1.46,0.00,0.00,,0,0,Matches
602,Taichi Yamasaki,jp JPN,DF,Sanfrecce,24-293,2001,3.0,0,4,2,50.0,1.31,0.66,0.00,0.00,,0,0,Matches
603,Keita Yamashita,jp JPN,FW,FC Tokyo,29-229,1996,4.5,1,9,4,44.4,2.02,0.90,0.11,0.25,,0,0,Matches
604,Ryoya Yamashita,jp JPN,MF,Gamba Osaka,28-009,1997,21.9,7,37,19,51.4,1.69,0.87,0.19,0.37,,0,0,Matches
605,Hinata Yamauchi,jp JPN,MF,Kawa Frontale,24-151,2001,1.1,1,6,3,50.0,5.24,2.62,0.17,0.33,,0,0,Matches
606,Kakeru Yamauchi,jp JPN,MF,Vissel Kobe,23-295,2002,2.0,0,0,0,,0.00,0.00,,,,0,0,Matches
607,Kosuke Yamazaki,jp JPN,DF,Yokohama FC,29-302,1995,20.8,0,2,0,0.0,0.10,0.00,0.00,,,0,0,Matches
608,Ken Yamura,jp JPN,FW,Albirex Niigata,28-141,1997,6.1,4,28,13,46.4,4.59,2.13,0.11,0.23,,1,1,Matches
609,Takahiro Yanagi,jp JPN,MF,Fagi Okayama,28-084,1997,10.5,1,7,1,14.3,0.67,0.10,0.14,1.00,,0,0,Matches
610,Yasutaka Yanagi,jp JPN,DF,Fagi Okayama,31-128,1994,1.6,0,1,1,100.0,0.63,0.63,0.00,0.00,,0,0,Matches
611,Kaito Yasui,jp JPN,MF,Urawa Reds,25-261,2000,32.3,1,28,6,21.4,0.87,0.19,0.04,0.17,,0,0,Matches
612,Takuji Yonemoto,jp JPN,MF,Kyoto Sanga,34-329,1990,5.7,2,6,3,50.0,1.04,0.52,0.33,0.67,,0,0,Matches
613,Minato Yoshida,jp JPN,FW,Kashima Antlers,17-105,2008,0.0,0,0,0,,0.00,0.00,,,,0,0,Matches
614,Shun Yoshida,jp JPN,GK,Shonan Bellmare,28-334,1996,2.0,0,1,0,0.0,0.50,0.00,0.00,,,0,0,Matches
615,Taiju Yoshida,jp JPN,DF,Tokyo Verdy,25-187,2000,0.1,0,1,1,100.0,7.50,7.50,0.00,0.00,,0,0,Matches
616,Yutaka Yoshida,jp JPN,"MF,DF",S-Pulse,35-253,1990,12.9,0,5,0,0.0,0.39,0.00,0.00,,,0,0,Matches
617,Daisuke Yoshimitsu,jp JPN,GK,Albirex Niigata,32-249,1993,7.0,0,0,0,,0.00,0.00,,,,0,0,Matches
618,Kyohei Yoshino,jp JPN,MF,Cerezo Osaka,30-354,1994,4.3,0,9,1,11.1,2.10,0.23,0.00,0.00,,0,0,Matches
619,Masaki Yumiba,jp JPN,MF,S-Pulse,23-229,2002,5.5,0,5,1,20.0,0.90,0.18,0.00,0.00,,0,0,Matches
620,Yuri,br BRA,MF,Yokohama FC,31-191,1994,23.5,1,28,4,14.3,1.19,0.17,0.04,0.25,,0,0,Matches
621,Koya Yuruki,jp JPN,FW,Vissel Kobe,30-117,1995,10.1,2,14,7,50.0,1.38,0.69,0.14,0.29,,0,0,Matches
622,Masato Yuzawa,jp JPN,"MF,DF",Avispa Fukuoka,32-018,1993,9.6,1,3,1,33.3,0.31,0.10,0.33,1.00,,0,0,Matches
623,Shahab Zahedi,ir IRN,FW,Avispa Fukuoka,30-071,1995,10.7,0,34,6,17.6,3.19,0.56,0.00,0.00,,0,0,Matches
