rk,player,nation,pos,squad,age,born,90s,crdy,crdr,2crdy,fls,fld,off,crs,int,tklw,pkwon,pkcon,og,matches
1,Rayane Aabid,fr FRA,MF,Yeni Mal'spor,29,1992,20.6,3,0,0,12,21,0,42,11,18,,,0,Matches
2,Rayane Aabid,fr FRA,MF,Kasımpaşa,29,1992,4.7,1,0,0,4,3,0,5,2,4,,,0,Matches
3,Patrick van Aanholt,nl NED,DF,Galatasaray,30,1990,30.9,3,0,0,25,13,8,150,43,36,,,0,Matches
4,Sam Adekugbe,ca CAN,DF,Hatayspor,26,1995,32.5,9,1,1,23,23,6,95,41,24,,,0,Matches
5,Luiz Adriano,br BRA,"MF,FW",Antalyaspor,34,1987,13.4,3,0,0,18,29,5,4,3,8,,,0,Matches
6,Serhat Ahmetoğlu,,DF,Fatih Karagümrük,19,2002,1.6,0,0,0,3,1,0,5,2,2,,,0,Matches
7,Serge Aka,ci CIV,MF,Altay,26,1994,3.4,0,0,0,6,1,0,1,7,12,,,0,Matches
8,Eray Akar,,FW,Hatayspor,18,2003,0.3,0,0,0,2,1,0,1,0,0,,,0,Matches
9,Harun Akaydin,,DF,Kasımpaşa,15,2005,0.5,0,0,0,1,0,0,0,1,2,,,0,Matches
10,Samet Akaydın,tr TUR,DF,Adana Demirspor,27,1994,32.8,6,0,0,42,24,0,1,58,41,,,0,Matches
11,Emre Akbaba,tr TUR,MF,Alanyaspor,28,1992,25.0,4,0,0,29,28,6,110,10,36,,,0,Matches
12,Emre Akbaba,tr TUR,"FW,MF",Galatasaray,28,1992,0.3,0,0,0,1,0,0,4,1,1,,,0,Matches
13,Arda Akbulut,tr TUR,GK,Trabzonspor,20,2001,1.0,0,0,0,0,0,0,0,0,0,,,0,Matches
14,Halil Akbunar,tr TUR,"MF,FW",Göztepe,27,1993,27.7,5,1,0,38,31,21,126,10,23,,,0,Matches
15,Murat Akça,tr TUR,DF,Altay,31,1990,25.1,6,0,0,35,30,1,5,50,25,,,0,Matches
16,İbrahim Akdağ,tr TUR,MF,Kayserispor,30,1991,25.0,11,0,0,59,39,0,11,29,38,,,0,Matches
17,Yunus Akgün,tr TUR,MF,Adana Demirspor,21,2000,28.8,5,0,0,15,50,6,98,8,11,,,0,Matches
18,Babajide Akintola,ng NGA,MF,Adana Demirspor,25,1996,13.3,1,1,0,16,15,4,40,7,9,,,0,Matches
19,Gökhan Akkan,tr TUR,GK,Rizespor,26,1995,26.5,0,0,0,0,4,0,0,0,1,,,0,Matches
20,Murat Akşit,tr TUR,GK,Yeni Mal'spor,19,2002,0.2,0,0,0,0,1,0,0,0,0,,,0,Matches
21,Engin Aksoy,tr TUR,MF,Hatayspor,17,2003,0.1,0,0,0,0,0,0,0,1,0,,,0,Matches
22,Fatih Aksoy,tr TUR,"DF,MF",Alanyaspor,23,1997,29.1,6,0,0,33,29,0,2,24,36,,,0,Matches
23,Kerem Aktürkoğlu,tr TUR,"MF,FW",Galatasaray,22,1998,31.8,5,0,0,22,59,4,51,21,15,,,0,Matches
24,Ufuk Akyol,de GER,MF,Antalyaspor,23,1997,2.5,0,0,0,1,1,0,4,2,4,,,0,Matches
25,Eren Albayrak,tr TUR,"DF,MF",Antalyaspor,30,1991,0.9,1,0,0,1,1,0,8,0,5,,,0,Matches
Rk,Player,Nation,Pos,Squad,Age,Born,90s,CrdY,CrdR,2CrdY,Fls,Fld,Off,Crs,Int,TklW,PKwon,PKcon,OG,Matches
26,Eren Albayrak,tr TUR,DF,Rizespor,30,1991,8.6,2,0,0,8,7,0,39,14,13,,,0,Matches
27,Mehmet Albayrak,tr TUR,DF,Sivasspor,17,2004,0.7,0,0,0,1,1,0,1,0,2,,,0,Matches
28,Danijel Aleksić,rs SRB,MF,Başakşehir,30,1991,18.2,2,0,0,20,9,4,37,8,12,,,0,Matches
29,Doğan Alemdar,tr TUR,GK,Kayserispor,18,2002,1.0,0,0,0,0,0,0,0,0,0,,,0,Matches
30,Hasan Ali Kaldırım,tr TUR,DF,Başakşehir,31,1989,16.4,3,0,0,12,13,5,42,21,9,,,0,Matches
31,Ömer Ali Şahiner,tr TUR,"DF,MF",Başakşehir,29,1992,12.4,7,1,1,26,4,2,18,10,11,,,0,Matches
32,Kerim Alıcı,tr TUR,"DF,MF",Göztepe,24,1997,19.9,2,0,0,31,13,5,49,25,21,,,0,Matches
33,Barış Alper Yılmaz,tr TUR,"MF,FW",Galatasaray,21,2000,3.5,0,0,0,11,10,2,11,2,6,,,0,Matches
34,Koray Altınay,,"DF,MF",Sivasspor,29,1991,3.5,1,0,0,3,5,0,3,3,4,,,0,Matches
35,Kerem Altunisik,tr TUR,MF,Yeni Mal'spor,17,2004,0.6,0,0,0,1,0,0,0,0,1,,,0,Matches
36,Amilton,br BRA,MF,Konyaspor,31,1989,7.2,2,1,1,14,8,4,29,7,8,,,0,Matches
37,Amilton,br BRA,"MF,FW",Antalyaspor,31,1989,9.2,5,0,0,10,18,4,16,5,8,,,0,Matches
38,Wilker Ángel,ve VEN,DF,Göztepe,28,1993,13.5,3,0,0,19,8,0,1,28,16,,,0,Matches
39,Marin Aničić,ba BIH,DF,Konyaspor,31,1989,1.0,1,0,0,3,0,0,0,1,1,,,0,Matches
40,Taylan Antalyalı,tr TUR,MF,Galatasaray,26,1995,22.7,6,1,0,39,35,0,7,42,16,,,0,Matches
41,Aaron Appindangoyé,ga GAB,DF,Sivasspor,29,1992,2.8,1,0,0,4,0,1,0,3,2,,,0,Matches
42,Efe Arda Koyuncu,tr TUR,DF,Başakşehir,16,2005,1.0,0,0,0,1,0,0,0,2,1,,,0,Matches
43,Firat Arslan,,DF,Göztepe,18,2003,0.1,0,0,0,0,0,0,0,0,0,,,0,Matches
44,Hakan Arslan,tr TUR,MF,Sivasspor,33,1988,24.0,2,0,0,33,27,3,1,30,29,,,0,Matches
45,Işık Arslan,tr TUR,DF,Galatasaray,20,2001,0.2,0,0,0,0,0,0,0,0,0,,,0,Matches
46,Dino Arslanagic,be BEL,DF,Göztepe,28,1993,29.0,11,1,1,47,16,2,10,54,20,,,0,Matches
47,Vato Arveladze,ge GEO,FW,Fatih Karagümrük,23,1998,1.7,1,0,0,3,2,1,0,0,2,,,0,Matches
48,Serkan Asan,tr TUR,DF,Trabzonspor,22,1999,3.1,0,0,0,1,5,1,5,6,3,,,0,Matches
49,Britt Assombalonga,cd COD,FW,Adana Demirspor,28,1992,19.3,4,0,0,45,23,17,5,4,3,,,0,Matches
50,Gustavo Assuncao,pt POR,MF,Galatasaray,21,2000,1.5,1,0,0,3,1,0,1,2,2,,,0,Matches
Rk,Player,Nation,Pos,Squad,Age,Born,90s,CrdY,CrdR,2CrdY,Fls,Fld,Off,Crs,Int,TklW,PKwon,PKcon,OG,Matches
51,Kerem Atakan Kesgin,tr TUR,MF,Sivasspor,20,2000,13.4,5,0,0,28,28,1,22,15,12,,,0,Matches
52,Daniel Avramovski,mk MKD,MF,Kayserispor,26,1995,0.5,0,0,0,0,0,0,0,3,0,,,0,Matches
53,Chidozie Awaziem,ng NGA,DF,Alanyaspor,24,1997,16.9,9,0,0,22,6,1,0,28,22,,,1,Matches
54,Philip Awuku,tg TOG,DF,Yeni Mal'spor,21,2000,11.1,3,0,0,15,14,0,0,14,9,,,0,Matches
55,Selim Ay,tr TUR,DF,Rizespor,30,1991,21.9,6,0,0,24,20,1,4,21,14,,,1,Matches
56,Oğuz Aydın,tr TUR,"MF,FW",Alanyaspor,20,2000,6.7,2,0,0,12,5,1,27,1,8,,,0,Matches
57,Emirhan Aydoğan,tr TUR,MF,Alanyaspor,24,1997,0.6,0,0,0,1,4,0,2,0,0,,,0,Matches
58,Soner Aydoğdu,tr TUR,MF,Göztepe,30,1991,26.3,5,0,0,26,29,4,67,22,24,,,0,Matches
59,Sakıb Aytaç,tr TUR,DF,Kasımpaşa,29,1991,3.2,1,0,0,5,5,1,7,6,6,,,0,Matches
60,Serdar Aziz,tr TUR,DF,Fenerbahçe,30,1990,19.9,9,0,0,12,10,1,5,26,24,,,0,Matches
61,Mame Baba Thiam,sn SEN,MF,Kayserispor,28,1992,22.7,1,0,0,35,28,14,22,26,16,,,0,Matches
62,Atalay Babacan,tr TUR,MF,Galatasaray,21,2000,0.2,0,0,0,0,0,0,0,0,0,,,0,Matches
63,Volkan Babacan,tr TUR,GK,Başakşehir,32,1988,31.0,1,0,0,1,7,0,0,1,0,,,0,Matches
64,Khouma Babacar,sn SEN,"FW,MF",Alanyaspor,28,1993,5.9,1,0,0,15,12,2,0,5,1,,,0,Matches
65,Ryan Babel,nl NED,"MF,FW",Galatasaray,34,1986,17.5,3,0,0,18,19,4,51,7,9,,,0,Matches
66,Fabrício Baiano,br BRA,"MF,DF",Rizespor,29,1992,23.9,10,4,2,56,33,1,27,24,33,,,0,Matches
67,Anastasios Bakasetas,gr GRE,MF,Trabzonspor,28,1993,25.2,5,0,0,39,47,2,123,14,15,,,0,Matches
68,Makana Baku,de GER,"MF,FW",Göztepe,23,1998,8.9,0,0,0,8,7,1,19,4,4,,,0,Matches
69,Bünyamin Balcı,tr TUR,"DF,MF",Antalyaspor,21,2000,30.4,2,0,0,30,48,5,44,36,36,,,0,Matches
70,Ethem Balcı,,MF,Kayserispor,18,2003,0.2,0,0,0,0,0,0,2,0,0,,,0,Matches
71,Ibrahima Baldé,sn SEN,FW,Giresunspor,32,1989,13.8,1,0,0,28,21,8,3,5,3,,,0,Matches
72,Jure Balkovec,si SVN,DF,Fatih Karagümrük,26,1994,20.5,4,0,0,14,11,0,51,15,12,,,0,Matches
73,Mario Balotelli,it ITA,FW,Adana Demirspor,30,1990,23.2,10,1,0,44,65,19,20,3,9,,,0,Matches
74,Daouda Bamba,ci CIV,"FW,MF",Altay,26,1995,22.1,2,0,0,29,11,10,8,1,11,,,0,Matches
75,Rayyan Baniya,,DF,Fatih Karagümrük,22,1999,0.1,0,0,0,0,0,0,0,1,0,,,0,Matches
Rk,Player,Nation,Pos,Squad,Age,Born,90s,CrdY,CrdR,2CrdY,Fls,Fld,Off,Crs,Int,TklW,PKwon,PKcon,OG,Matches
76,Abdülkerim Bardakcı,tr TUR,DF,Konyaspor,26,1994,33.0,10,0,0,42,24,5,6,55,35,,,0,Matches
77,Sadık Baş,,"DF,MF",Hatayspor,27,1994,10.4,1,0,0,9,13,1,47,16,13,,,0,Matches
78,Barış Başdaş,tr TUR,DF,Yeni Mal'spor,31,1990,5.7,1,1,0,7,2,1,2,9,8,,,0,Matches
79,Emrah Başsan,tr TUR,MF,Kayserispor,29,1992,21.6,1,0,0,17,51,16,149,27,24,,,0,Matches
80,Michy Batshuayi,be BEL,FW,Beşiktaş,27,1993,26.8,6,0,0,39,39,39,3,4,2,,,0,Matches
81,Bilal Bayazit,nl NED,GK,Kayserispor,22,1999,5.0,1,0,0,0,0,0,0,0,0,,,0,Matches
82,Altay Bayındır,tr TUR,GK,Fenerbahçe,23,1998,23.8,2,0,0,1,3,0,0,1,0,,,0,Matches
83,Furkan Bayır,tr TUR,DF,Alanyaspor,21,2000,12.4,2,0,0,18,6,0,0,18,8,,,0,Matches
84,Emircan Bayrakdar,,DF,Yeni Mal'spor,18,2003,0.1,0,0,0,0,0,0,0,0,0,,,0,Matches
85,Gökdeniz Bayrakdar,tr TUR,"MF,FW",Antalyaspor,19,2001,10.6,2,0,0,17,9,12,6,4,7,,,0,Matches
86,Ömer Bayram,tr TUR,DF,Galatasaray,30,1991,10.5,4,0,0,11,15,0,100,14,8,,,0,Matches
87,Aziz Behich,au AUS,DF,Giresunspor,30,1990,30.9,4,0,0,10,28,3,89,14,18,,,0,Matches
88,Burak Bekaroğlu,,DF,Fatih Karagümrük,24,1997,24.4,6,1,0,20,9,1,0,36,19,,,0,Matches
89,Efkan Bekiroğlu,,MF,Alanyaspor,25,1995,16.7,4,0,0,16,13,4,6,6,10,,,0,Matches
90,Younès Belhanda,ma MAR,MF,Adana Demirspor,31,1990,13.4,2,0,0,13,9,1,32,9,4,,,0,Matches
91,Mortadha Ben Ouanes,tn TUN,"MF,DF",Kasımpaşa,27,1994,16.6,4,0,0,26,24,2,50,26,25,,,0,Matches
92,Medhi Benatia,ma MAR,DF,Fatih Karagümrük,34,1987,3.6,0,0,0,7,2,0,0,7,1,,,0,Matches
93,Yassine Benzia,dz ALG,MF,Hatayspor,26,1994,8.4,1,0,0,16,22,1,59,6,7,,,0,Matches
94,Mergim Berisha,de GER,"FW,MF",Fenerbahçe,23,1998,11.1,2,0,0,32,14,10,17,2,3,,,0,Matches
95,Andrea Bertolacci,it ITA,"MF,FW",Kayserispor,30,1991,6.9,3,0,0,14,19,3,19,1,9,,,0,Matches
96,Andrea Bertolacci,it ITA,MF,Fatih Karagümrük,30,1991,11.2,2,0,0,17,23,0,6,8,18,,,0,Matches
97,Lucas Biglia,ar ARG,MF,Fatih Karagümrük,35,1986,31.1,9,1,1,47,47,0,45,44,56,,,0,Matches
98,Hayrullah Bilazer,,DF,Giresunspor,26,1995,15.4,2,0,0,20,24,0,36,27,27,,,0,Matches
99,Emre Bilgin,tr TUR,GK,Beşiktaş,17,2004,3.0,1,0,0,1,1,0,0,0,0,,,0,Matches
100,Tayfur Bingöl,tr TUR,"DF,MF",Alanyaspor,28,1993,17.6,7,1,1,17,25,5,18,21,23,,,0,Matches
Rk,Player,Nation,Pos,Squad,Age,Born,90s,CrdY,CrdR,2CrdY,Fls,Fld,Off,Crs,Int,TklW,PKwon,PKcon,OG,Matches
101,Mame Biram Diouf,sn SEN,FW,Hatayspor,33,1987,33.4,8,0,0,54,33,34,19,4,11,,,0,Matches
102,Davide Biraschi,it ITA,DF,Fatih Karagümrük,27,1994,13.0,1,0,0,13,13,0,14,16,10,,,0,Matches
103,Kristijan Bistrović,hr CRO,MF,Fatih Karagümrük,23,1998,12.4,3,0,0,9,15,1,8,15,12,,,0,Matches
104,André Biyogo Poko,ga GAB,MF,Altay,28,1993,26.4,5,0,0,41,41,0,29,33,42,,,0,Matches
105,Birkir Bjarnason,is ISL,"MF,FW",Adana Demirspor,33,1988,20.5,2,0,0,31,29,10,15,8,9,,,0,Matches
106,Eric Björkander,se SWE,DF,Altay,25,1996,21.3,3,0,0,14,8,0,8,33,11,,,0,Matches
107,Sacha Boey,fr FRA,DF,Galatasaray,20,2000,11.9,3,0,0,19,12,1,28,19,20,,,0,Matches
108,Ruud Boffin,be BEL,GK,Antalyaspor,33,1987,37.0,4,0,0,2,1,0,0,1,0,,,0,Matches
109,Yannick Bolasie,cd COD,MF,Rizespor,32,1989,15.0,6,0,0,24,25,4,69,1,13,,,0,Matches
110,Fernando Boldrin,br BRA,MF,Rizespor,32,1989,21.5,4,0,0,19,45,2,128,7,7,,,0,Matches
111,Fabio Borini,it ITA,"MF,FW",Fatih Karagümrük,30,1991,16.3,4,0,0,33,40,2,17,13,14,,,0,Matches
112,Cristian Borja,co COL,"DF,MF",Alanyaspor,28,1993,24.0,1,0,0,21,22,4,51,22,22,,,0,Matches
113,Mehdi Boudjemaa,dz ALG,MF,Hatayspor,23,1998,19.6,9,1,1,36,19,0,11,27,34,,,0,Matches
114,Hijran Boyaci,,MF,Adana Demirspor,16,2005,0.2,0,0,0,1,0,0,0,0,1,,,0,Matches
115,Tyler Boyd,us USA,MF,Rizespor,26,1994,19.7,2,1,0,42,23,3,81,13,17,,,0,Matches
116,Can Bozdogan,de GER,MF,Beşiktaş,20,2001,12.5,3,0,0,22,26,0,22,8,16,,,0,Matches
117,Umut Bozok,tr TUR,"FW,MF",Kasımpaşa,24,1996,28.2,3,0,0,26,75,16,4,10,13,,,0,Matches
118,Tomáš Břečka,cz CZE,DF,Kasımpaşa,27,1994,11.9,1,0,0,12,13,0,0,22,10,,,1,Matches
119,Jeffrey Bruma,nl NED,DF,Kasımpaşa,29,1991,14.7,2,0,0,17,8,0,1,22,13,,,0,Matches
120,Buluthan Bulut,,MF,Alanyaspor,19,2002,0.3,0,0,0,0,0,0,1,0,3,,,0,Matches
121,Onur Bulut,tr TUR,DF,Kayserispor,27,1994,30.4,6,1,1,29,24,1,113,49,43,,,0,Matches
122,Mustafa Burak Bozan,,GK,Gaziantep FK,20,2000,3.1,0,0,0,0,1,0,0,0,2,,,0,Matches
123,Dženan Bureković,ba BIH,MF,Göztepe,26,1995,2.7,1,0,0,3,2,0,24,7,2,,,0,Matches
124,Adem Büyük,tr TUR,"FW,MF",Yeni Mal'spor,33,1987,18.3,6,0,0,26,68,8,12,7,24,,,0,Matches
125,Walter Bwalya,cd COD,FW,Yeni Mal'spor,26,1995,1.4,0,0,0,2,3,1,0,0,0,,,0,Matches
Rk,Player,Nation,Pos,Squad,Age,Born,90s,CrdY,CrdR,2CrdY,Fls,Fld,Off,Crs,Int,TklW,PKwon,PKcon,OG,Matches
126,Zymer Bytyqi,no NOR,"MF,FW",Konyaspor,24,1996,32.3,3,0,0,19,17,10,208,15,9,,,0,Matches
127,Torgeir Børven,no NOR,FW,Gaziantep FK,29,1991,2.0,1,0,0,2,2,3,1,1,2,,,0,Matches
128,Musa Çağıran,tr TUR,DF,Konyaspor,28,1992,5.5,2,0,0,4,2,1,4,6,3,,,1,Matches
129,Rahman Çağıran,tr TUR,MF,Yeni Mal'spor,26,1995,8.4,2,0,0,17,7,0,14,15,10,,,0,Matches
130,Oğulcan Çağlayan,tr TUR,"DF,MF",Galatasaray,25,1996,3.7,2,0,0,11,5,0,17,3,4,,,0,Matches
131,Júnior Caiçara,br BRA,DF,Başakşehir,32,1989,23.9,6,0,0,40,24,3,40,41,41,,,0,Matches
132,Uğurcan Çakır,tr TUR,GK,Trabzonspor,25,1996,35.9,6,1,1,1,3,0,0,1,0,,,0,Matches
133,Samba Camara,ml MLI,DF,Sivasspor,28,1992,13.7,1,0,0,9,6,0,2,28,12,,,1,Matches
134,Tarık Çamdal,tr TUR,DF,Adana Demirspor,30,1991,2.5,0,0,0,4,8,0,5,6,5,,,0,Matches
135,Burak Çamoğlu,tr TUR,DF,Hatayspor,24,1996,0.5,0,0,0,0,2,0,3,0,1,,,0,Matches
136,Gustavo Campanharo,br BRA,MF,Kayserispor,29,1992,14.6,7,0,0,27,24,0,23,28,40,,,0,Matches
137,Gastón Campi,ar ARG,DF,Yeni Mal'spor,30,1991,12.8,1,1,0,15,3,0,1,32,12,,,0,Matches
138,Erol Can Akdağ,,MF,Giresunspor,24,1996,0.5,1,0,0,2,1,0,0,3,0,,,0,Matches
139,İrfan Can Eğribayat,tr TUR,GK,Göztepe,23,1998,30.0,3,0,0,2,4,0,0,0,0,,,0,Matches
140,Efe Can Saçıkara,,MF,Göztepe,17,2004,1.4,0,0,0,1,1,0,6,1,1,,,0,Matches
141,Daniel Candeias,pt POR,"MF,FW",Alanyaspor,33,1988,17.1,1,0,0,21,10,5,118,11,26,,,0,Matches
142,Metin Caner Akbayrak,,MF,Giresunspor,17,2004,0.6,0,0,0,0,0,0,0,1,0,,,0,Matches
143,Atakan Çankaya,tr TUR,"DF,MF",Göztepe,23,1998,17.5,6,0,0,26,26,1,5,49,21,,,1,Matches
144,Erdem Canpolat,de GER,GK,Kasımpaşa,20,2001,3.0,0,0,0,0,0,0,0,0,0,,,0,Matches
145,Mahsun Çapkan,tr TUR,MF,Rizespor,21,1999,0.1,0,0,0,1,0,0,0,0,2,,,0,Matches
146,Miguel Filipe Nunes Cardoso,pt POR,"MF,DF",Kayserispor,27,1994,14.1,1,0,0,22,14,4,78,6,9,,,0,Matches
147,José Carlos Marafona,pt POR,GK,Alanyaspor,34,1987,16.0,0,0,0,0,5,0,0,0,0,,,0,Matches
148,Lionel Carole,fr FRA,DF,Kayserispor,30,1991,28.4,5,0,0,19,24,6,58,48,25,,,0,Matches
149,Lucas Castro,ar ARG,MF,Adana Demirspor,32,1989,4.4,1,0,0,12,6,1,10,5,5,,,0,Matches
150,Steven Caulker,sl SLE,DF,Gaziantep FK,29,1991,24.0,3,0,0,11,1,0,2,28,11,,,2,Matches
Rk,Player,Nation,Pos,Squad,Age,Born,90s,CrdY,CrdR,2CrdY,Fls,Fld,Off,Crs,Int,TklW,PKwon,PKcon,OG,Matches
151,Atalay Çayırlı,de GER,DF,Göztepe,15,2005,0.0,0,0,0,0,0,0,0,0,0,,,0,Matches
152,Endri Çekiçi,al ALB,"MF,FW",Konyaspor,24,1996,21.0,3,0,0,23,37,4,12,17,45,,,0,Matches
153,Erhan Çelenk,tr TUR,MF,Altay,32,1989,4.0,0,0,0,4,1,2,27,2,5,,,0,Matches
154,İzzet Çelik,tr TUR,MF,Adana Demirspor,17,2004,0.0,0,0,0,0,1,0,0,0,0,,,0,Matches
155,Murat Cem Akpınar,tr TUR,MF,Trabzonspor,22,1999,0.5,0,0,0,0,2,0,0,0,0,,,0,Matches
156,Tarık Çetin,tr TUR,GK,Rizespor,24,1997,9.5,1,0,0,2,2,0,0,0,0,,,0,Matches
157,Bülent Cevahir,tr TUR,DF,Hatayspor,29,1992,1.3,0,0,0,0,2,0,4,1,0,,,0,Matches
158,Oğuz Ceylan,tr TUR,"DF,MF",Gaziantep FK,30,1990,10.4,1,0,0,8,12,0,51,19,18,,,0,Matches
159,Nacer Chadli,be BEL,"MF,FW",Başakşehir,31,1989,14.5,2,0,0,13,6,6,17,5,10,,,0,Matches
160,Joe Champness,nz NZL,"FW,MF",Giresunspor,24,1997,1.5,0,0,0,3,0,1,1,1,1,,,0,Matches
161,Chiquinho,pt POR,MF,Giresunspor,26,1995,12.7,3,0,0,13,12,2,39,7,2,,,0,Matches
162,Mounir Chouiar,fr FRA,MF,Yeni Mal'spor,22,1999,22.7,2,0,0,39,22,2,50,16,24,,,0,Matches
163,Alexandru Cicâldău,ro ROU,MF,Galatasaray,24,1997,24.4,7,0,0,29,25,3,98,15,23,,,0,Matches
164,Atabey Çiçek,tr TUR,FW,Başakşehir,26,1995,1.1,0,0,0,4,0,0,1,1,1,,,0,Matches
165,Uğur Çiftçi,tr TUR,DF,Sivasspor,29,1992,29.4,6,2,1,44,13,6,100,41,47,,,0,Matches
166,Sadık Çiftpınar,tr TUR,DF,Yeni Mal'spor,28,1993,21.4,8,0,0,16,25,0,1,40,15,,,0,Matches
167,Tolga Ciğerci,tr TUR,MF,Başakşehir,29,1992,27.3,7,0,0,48,30,0,12,49,30,,,0,Matches
168,Mirza Cihan,,"FW,MF",Gaziantep FK,20,2000,2.9,0,0,0,7,3,2,1,3,3,,,0,Matches
169,Sokol Cikalleshi,al ALB,FW,Konyaspor,31,1990,24.1,4,0,0,46,20,20,14,4,19,,,0,Matches
170,Anıl Çınar,,DF,Giresunspor,18,2003,1.0,0,0,0,1,0,0,0,1,1,,,0,Matches
171,İsmail Çipe,tr TUR,GK,Galatasaray,26,1995,6.1,0,0,0,0,2,0,0,0,0,,,0,Matches
172,Papiss Cissé,sn SEN,FW,Rizespor,36,1985,7.2,1,0,0,7,2,6,6,0,1,,,0,Matches
173,Ramazan Civelek,tr TUR,"DF,MF",Kayserispor,25,1996,11.5,2,0,0,14,14,2,27,15,18,,,0,Matches
174,Isaac Cofie,gh GHA,MF,Sivasspor,29,1991,20.6,5,0,0,23,24,0,0,32,23,,,0,Matches
175,İsmail Çokçalış,tr TUR,DF,Adana Demirspor,21,2000,2.2,1,0,0,2,4,0,4,6,1,,,0,Matches
Rk,Player,Nation,Pos,Squad,Age,Born,90s,CrdY,CrdR,2CrdY,Fls,Fld,Off,Crs,Int,TklW,PKwon,PKcon,OG,Matches
176,Halit Çokyaşar,,FW,Sivasspor,19,2002,0.0,0,0,0,0,0,0,0,0,0,,,0,Matches
177,Emre Çolak,tr TUR,MF,Hatayspor,30,1991,2.7,0,0,0,3,5,0,20,3,4,,,0,Matches
178,Emre Çolak,tr TUR,MF,Başakşehir,30,1991,1.2,0,0,0,2,4,0,4,2,2,,,0,Matches
179,Kamil Çörekçi,tr TUR,DF,Hatayspor,29,1992,28.0,4,0,0,26,19,0,85,41,47,,,0,Matches
180,Andreas Cornelius,dk DEN,FW,Trabzonspor,28,1993,26.9,1,0,0,49,45,16,4,4,4,,,0,Matches
181,Göktan Cörüt,,GK,Giresunspor,21,2000,0.4,0,0,0,0,1,0,0,0,0,,,0,Matches
182,Crespo,pt POR,MF,Fenerbahçe,24,1996,18.6,5,0,0,46,48,1,18,37,44,,,0,Matches
183,Enzo Crivelli,fr FRA,FW,Antalyaspor,26,1995,5.0,3,0,0,14,8,4,0,2,5,,,0,Matches
184,Bryan Dabo,bf BFA,"MF,FW",Rizespor,29,1992,9.6,3,0,0,22,27,0,6,10,7,,,0,Matches
185,Erdon Daci,mk MKD,FW,Konyaspor,23,1998,0.1,0,0,0,3,0,0,0,0,0,,,0,Matches
186,Abdulsamed Damlu,tr TUR,GK,Yeni Mal'spor,22,1999,7.9,0,0,0,0,2,0,0,1,1,,,0,Matches
187,Sergio Antonio De Luiz Junior,br BRA,MF,Giresunspor,26,1995,30.4,5,0,0,44,62,19,75,28,36,,,0,Matches
188,Simon Deli,ci CIV,DF,Adana Demirspor,29,1991,15.5,2,0,0,15,1,0,2,33,13,,,1,Matches
189,Emre Demir,tr TUR,MF,Kayserispor,17,2004,0.3,1,0,0,1,0,0,1,0,0,,,0,Matches
190,Muhammet Demir,tr TUR,FW,Gaziantep FK,29,1992,27.2,2,0,0,27,28,10,3,11,12,,,0,Matches
191,Muhammet Demir,tr TUR,FW,Başakşehir,29,1992,0.9,0,0,0,1,1,2,0,0,0,,,0,Matches
192,Adil Demirbağ,tr TUR,DF,Konyaspor,23,1997,18.0,5,0,0,26,17,1,1,18,20,,,0,Matches
193,Bahattin Demircan,,MF,Fatih Karagümrük,18,2002,0.1,0,0,0,0,0,0,0,0,0,,,0,Matches
194,Uğur Demirok,tr TUR,DF,Kayserispor,33,1988,16.1,4,0,0,9,8,1,0,16,11,,,0,Matches
195,Kahraman Demirtapa,tr TUR,DF,Göztepe,27,1994,17.9,3,0,0,21,10,0,10,30,18,,,1,Matches
196,Stefano Denswil,sr SUR,DF,Trabzonspor,28,1993,21.6,3,0,0,27,8,0,7,24,15,,,0,Matches
197,Halil Dervişoğlu,tr TUR,"FW,MF",Galatasaray,21,1999,15.7,2,0,0,18,24,2,11,5,15,,,0,Matches
198,Ersin Destanoğlu,tr TUR,GK,Beşiktaş,20,2001,31.0,6,0,0,0,3,0,0,0,0,,,0,Matches
199,Franco Di Santo,ar ARG,FW,Göztepe,32,1989,11.0,3,0,0,24,11,6,14,2,2,,,0,Matches
200,Fousseni Diabaté,ml MLI,MF,Giresunspor,25,1995,28.6,2,0,0,16,36,7,41,7,9,,,0,Matches
Rk,Player,Nation,Pos,Squad,Age,Born,90s,CrdY,CrdR,2CrdY,Fls,Fld,Off,Crs,Int,TklW,PKwon,PKcon,OG,Matches
201,Mbaye Diagne,sn SEN,FW,Galatasaray,29,1991,7.4,1,0,0,10,10,6,1,0,1,,,0,Matches
202,Mamadou Diarra,sn SEN,DF,Giresunspor,23,1997,27.7,4,0,0,24,27,1,2,36,20,,,0,Matches
203,Pa Dibba,gm GAM,FW,Adana Demirspor,33,1987,0.2,0,0,0,0,0,0,2,0,0,,,0,Matches
204,Nouha Dicko,ml MLI,"FW,MF",Yeni Mal'spor,29,1992,14.6,1,0,0,22,23,12,15,8,8,,,0,Matches
205,Nouha Dicko,ml MLI,"FW,MF",Gaziantep FK,29,1992,8.7,2,0,0,17,13,9,16,3,8,,,0,Matches
206,Famara Diedhiou,sn SEN,FW,Alanyaspor,28,1992,17.7,7,1,1,18,32,9,3,0,5,,,1,Matches
207,Sahin Dik,tr TUR,DF,Giresunspor,17,2004,0.4,0,0,0,0,0,0,1,1,1,,,0,Matches
208,Soner Dikmen,tr TUR,MF,Konyaspor,27,1993,28.0,5,0,0,32,32,4,22,39,22,,,0,Matches
209,Emir Dilaver,at AUT,"DF,MF",Rizespor,30,1991,0.3,0,0,0,0,0,0,0,1,0,,,0,Matches
210,Nabil Dirar,ma MAR,"MF,DF",Kasımpaşa,35,1986,2.8,0,0,0,3,9,0,6,4,4,,,0,Matches
211,Djaniny,cv CPV,"FW,MF",Trabzonspor,30,1991,21.0,4,0,0,31,28,9,30,8,10,,,0,Matches
212,Papy Djilobodji,sn SEN,DF,Gaziantep FK,32,1988,29.1,7,1,0,28,16,3,11,66,27,,,1,Matches
213,Ryan Donk,sr SUR,DF,Kasımpaşa,35,1986,23.7,7,0,0,28,23,1,1,36,21,,,0,Matches
214,Godfred Donsah,gh GHA,MF,Yeni Mal'spor,25,1996,8.3,2,0,0,5,2,1,3,7,8,,,0,Matches
215,Douglas,br BRA,DF,Giresunspor,31,1990,5.3,1,0,0,5,2,0,1,11,5,,,0,Matches
216,Souleymane Doukara,mr MTN,FW,Giresunspor,29,1991,7.8,1,0,0,9,6,6,5,4,3,,,0,Matches
217,Léo Duarte,br BRA,DF,Başakşehir,25,1996,31.9,7,1,1,14,26,0,1,21,27,,,0,Matches
218,Jimmy Durmaz,se SWE,"MF,FW",Fatih Karagümrük,32,1989,20.2,8,1,0,14,31,0,20,10,15,,,0,Matches
219,Salih Dursun,tr TUR,DF,Fatih Karagümrük,30,1991,11.5,3,0,0,15,7,2,17,13,16,,,0,Matches
220,Serdar Dursun,tr TUR,FW,Fenerbahçe,29,1991,20.8,2,0,0,41,33,6,4,4,12,,,0,Matches
221,Houssam Eddine Ghacha,dz ALG,"MF,FW",Antalyaspor,25,1995,12.7,2,0,0,20,21,2,29,17,15,,,0,Matches
222,Wilson Eduardo,ao ANG,"FW,MF",Alanyaspor,31,1990,10.6,0,0,0,14,6,0,11,4,0,,,0,Matches
223,Onur Efe,tr TUR,MF,Altay,19,2002,0.1,0,0,0,0,1,0,0,1,0,,,0,Matches
224,Burak Efe Yaz,,MF,Yeni Mal'spor,17,2003,0.7,0,0,0,3,1,0,0,0,1,,,0,Matches
225,Muhammed Egemen Pehlivan,,FW,Fatih Karagümrük,21,2000,0.0,0,0,0,0,0,0,0,0,0,,,0,Matches
Rk,Player,Nation,Pos,Squad,Age,Born,90s,CrdY,CrdR,2CrdY,Fls,Fld,Off,Crs,Int,TklW,PKwon,PKcon,OG,Matches
226,Vegar Eggen Hedenstad,no NOR,DF,Fatih Karagümrük,30,1991,12.1,2,2,1,11,11,0,11,10,9,,,0,Matches
227,Omar Elabdellaoui,no NOR,DF,Galatasaray,29,1991,6.1,2,0,0,5,6,0,13,9,10,,,0,Matches
228,Eren Elmalı,tr TUR,DF,Kasımpaşa,21,2000,27.2,4,0,0,23,32,3,68,39,16,,,0,Matches
229,Muhammed Emin Sarıkaya,tr TUR,DF,Yeni Mal'spor,19,2002,1.1,0,0,0,1,0,0,3,3,0,,,0,Matches
230,Berkan Emir,tr TUR,"DF,MF",Göztepe,33,1988,26.1,9,0,0,18,23,3,267,25,24,,,0,Matches
231,Metin Emre Karaal,tr TUR,MF,Başakşehir,18,2003,0.0,0,0,0,0,0,0,0,0,0,,,0,Matches
232,Ahmet Engin,de GER,MF,Kasımpaşa,24,1996,8.9,1,0,0,16,6,3,24,7,5,,,0,Matches
233,Alexandru Epureanu,md MDA,DF,Başakşehir,34,1986,16.3,3,0,0,19,8,0,2,28,9,,,0,Matches
234,Mehmet Eray Özbek,,MF,Kayserispor,18,2003,0.0,0,0,0,0,0,0,0,0,0,,,0,Matches
235,Çagan Erciyas,tr TUR,DF,Alanyaspor,18,2003,0.6,0,0,0,1,0,0,0,1,0,,,0,Matches
236,Ziya Erdal,tr TUR,DF,Sivasspor,33,1988,9.1,2,0,0,8,7,1,21,13,15,,,0,Matches
237,Alparslan Erdem,tr TUR,DF,Fatih Karagümrük,32,1988,0.4,0,0,0,0,0,0,1,1,0,,,0,Matches
238,Mustafa Erdilman,,MF,Antalyaspor,17,2004,0.1,0,0,0,0,0,0,0,0,1,,,0,Matches
239,Doğan Erdoğan,tr TUR,MF,Gaziantep FK,24,1996,22.8,3,1,0,39,28,0,16,29,36,,,1,Matches
240,Eren Erdoğan,,MF,Altay,20,2001,4.5,0,0,0,10,1,2,12,4,8,,,0,Matches
241,Yusuf Erdoğan,tr TUR,MF,Kasımpaşa,28,1992,15.1,3,0,0,16,17,11,72,9,16,,,0,Matches
242,Yusuf Erdoğan,tr TUR,MF,Trabzonspor,28,1992,4.5,2,0,0,8,7,2,14,9,9,,,0,Matches
243,Muhammet Ergin,,FW,Sivasspor,20,2001,0.0,0,0,0,0,0,0,0,0,0,,,0,Matches
244,Onur Ergün,tr TUR,MF,Hatayspor,28,1992,20.8,8,0,0,30,8,0,11,46,38,,,0,Matches
245,Caner Erkin,tr TUR,DF,Fatih Karagümrük,32,1988,25.9,4,1,0,18,14,2,214,48,22,,,0,Matches
246,Hayrullah Erkip,,FW,Kayserispor,18,2003,1.2,0,0,0,2,3,0,2,2,1,,,0,Matches
247,Ertuğrul Ersoy,tr TUR,DF,Gaziantep FK,24,1997,19.9,4,0,0,22,7,2,3,38,24,,,0,Matches
248,Erten Ersu,tr TUR,GK,Konyaspor,27,1994,1.0,0,0,0,0,0,0,0,0,0,,,0,Matches
249,Osman Ertuğrul Çetin,tr TUR,GK,Fenerbahçe,18,2003,1.1,0,0,0,0,0,0,0,0,0,,,0,Matches
250,Mustafa Eskihellaç,tr TUR,MF,Yeni Mal'spor,24,1997,29.2,4,0,0,15,48,1,83,28,25,,,0,Matches
Rk,Player,Nation,Pos,Squad,Age,Born,90s,CrdY,CrdR,2CrdY,Fls,Fld,Off,Crs,Int,TklW,PKwon,PKcon,OG,Matches
251,Jean Evrard Kouassi,ci CIV,MF,Trabzonspor,26,1994,2.1,0,0,0,2,5,0,3,0,1,,,0,Matches
252,Erkan Eyibil,tr TUR,MF,Antalyaspor,20,2001,0.0,0,0,0,0,0,0,0,0,0,,,0,Matches
253,Valentin Eysseric,fr FRA,MF,Kasımpaşa,29,1992,23.4,9,2,1,36,47,5,124,23,21,,,0,Matches
254,Ahmet Eyüp Türkaslan,,GK,Yeni Mal'spor,26,1994,1.5,0,0,0,0,0,0,0,0,0,,,0,Matches
255,Francis Ezeh,ng NGA,MF,Adana Demirspor,23,1997,2.4,1,0,0,3,5,0,3,0,0,,,0,Matches
256,Fayçal Fajr,ma MAR,MF,Sivasspor,32,1988,25.8,4,0,0,23,31,1,139,17,17,,,0,Matches
257,Radamel Falcao,co COL,FW,Galatasaray,35,1986,0.1,0,0,0,1,0,0,0,0,0,,,0,Matches
258,Simon Falette,gn GUI,DF,Hatayspor,29,1992,8.0,3,0,0,5,8,0,1,10,6,,,0,Matches
259,Mamadou Fall,sn SEN,MF,Kasımpaşa,29,1991,11.6,3,0,0,12,14,9,23,10,7,,,0,Matches
260,Eren Fansa,,DF,Hatayspor,18,2003,0.0,0,0,0,0,0,0,0,0,0,,,0,Matches
261,Sofiane Feghouli,dz ALG,"MF,FW",Galatasaray,31,1989,11.0,1,0,0,12,5,4,40,7,3,,,0,Matches
262,Jorge Félix,es ESP,"MF,FW",Sivasspor,29,1991,7.0,1,0,0,11,8,2,2,4,11,,,0,Matches
263,Leroy Fer,nl NED,MF,Alanyaspor,31,1990,7.0,1,0,0,14,10,0,0,4,6,,,0,Matches
264,Gedson Fernandes,pt POR,MF,Rizespor,22,1999,9.9,4,0,0,18,51,0,31,22,19,,,0,Matches
265,Manuel Fernandes,pt POR,MF,Kayserispor,35,1986,1.5,0,0,0,1,6,0,10,0,1,,,0,Matches
266,Fernando,br BRA,MF,Antalyaspor,29,1992,16.1,4,0,0,15,16,0,76,21,14,,,0,Matches
267,Diogo Fesnard Sousa,pt POR,GK,Antalyaspor,22,1998,1.0,0,0,0,0,0,0,0,0,0,,,0,Matches
268,Mehmet Feyzi Yıldırım,tr TUR,DF,Kasımpaşa,25,1996,6.0,2,0,0,8,0,0,23,7,4,,,0,Matches
269,João Figueiredo,my MAS,"FW,MF",Gaziantep FK,25,1996,26.1,7,0,0,47,44,11,21,5,11,,,0,Matches
270,Flávio,br BRA,MF,Giresunspor,25,1996,33.7,4,0,0,43,40,3,24,49,58,,,0,Matches
271,Sherel Floranus,cw CUW,"DF,MF",Antalyaspor,22,1998,10.3,2,0,0,10,4,0,11,11,13,,,0,Matches
272,Fredy,ao ANG,MF,Antalyaspor,31,1990,26.5,7,0,0,49,47,2,91,32,48,,,0,Matches
273,Kerim Frei,tr TUR,"MF,FW",Fatih Karagümrük,27,1993,5.9,0,0,0,7,12,5,3,2,3,,,0,Matches
274,Mario Gavranović,ch SUI,FW,Kayserispor,31,1989,19.0,2,1,1,35,16,26,2,7,9,,,0,Matches
275,Gervinho,ci CIV,"MF,FW",Trabzonspor,34,1987,4.2,0,0,0,3,4,4,4,3,2,,,0,Matches
Rk,Player,Nation,Pos,Squad,Age,Born,90s,CrdY,CrdR,2CrdY,Fls,Fld,Off,Crs,Int,TklW,PKwon,PKcon,OG,Matches
276,Rachid Ghezzal,dz ALG,"MF,FW",Beşiktaş,29,1992,31.0,8,0,0,41,55,2,227,25,42,,,0,Matches
277,Okechukwu Godson Azubuike,ng NGA,MF,Yeni Mal'spor,24,1997,13.8,1,0,0,19,17,0,1,25,15,,,0,Matches
278,Okechukwu Godson Azubuike,ng NGA,MF,Sivasspor,24,1997,4.3,1,0,0,9,3,0,1,9,5,,,0,Matches
279,Bafétimbi Gomis,fr FRA,FW,Galatasaray,35,1985,8.9,2,0,0,6,14,12,1,2,2,,,0,Matches
280,Cenk Gönen,tr TUR,GK,Kayserispor,33,1988,2.0,0,0,0,0,1,0,0,0,0,,,0,Matches
281,Gökhan Gönül,tr TUR,DF,Rizespor,36,1985,21.2,5,1,1,21,19,1,63,39,23,,,0,Matches
282,Zafer Görgen,,GK,Rizespor,21,2000,2.0,0,0,0,0,0,0,0,0,0,,,0,Matches
283,Dimitris Goutas,gr GRE,DF,Sivasspor,27,1994,31.2,3,0,0,15,11,1,0,45,24,,,1,Matches
284,Max Gradel,ci CIV,"FW,MF",Sivasspor,33,1987,28.5,5,0,0,30,60,9,200,15,30,,,0,Matches
285,Ahmet Gülay,tr TUR,DF,Alanyaspor,18,2003,1.8,0,0,0,0,0,0,4,1,2,,,0,Matches
286,Fredrik Gulbrandsen,no NOR,"FW,MF",Başakşehir,28,1992,12.8,3,0,0,19,10,6,16,10,4,,,0,Matches
287,Arda Güler,tr TUR,MF,Fenerbahçe,16,2005,3.2,0,0,0,4,11,2,14,4,6,,,0,Matches
288,Semih Güler,,DF,Adana Demirspor,26,1994,5.3,3,0,0,2,1,0,2,7,6,,,0,Matches
289,Ceyhun Gülselam,tr TUR,MF,Altay,33,1987,13.9,6,0,0,32,12,1,4,16,18,,,0,Matches
290,Sinan Gümüş,de GER,MF,Antalyaspor,27,1994,1.2,1,0,0,1,4,0,2,0,2,,,0,Matches
291,Muhammed Gümüskaya,tr TUR,MF,Giresunspor,20,2001,7.5,0,0,0,21,16,0,33,8,11,,,0,Matches
292,Muhammed Gümüskaya,tr TUR,"MF,FW",Fenerbahçe,20,2001,5.7,0,0,0,9,11,0,27,9,9,,,0,Matches
293,Baris Gün,,DF,Giresunspor,17,2004,0.6,0,0,0,2,0,0,0,0,2,,,0,Matches
294,Tugay Gündem,,DF,Altay,18,2003,0.1,0,0,0,0,0,0,0,0,0,,,0,Matches
295,Umut Güneş,tr TUR,MF,Alanyaspor,21,2000,25.4,2,1,0,55,25,0,12,42,23,,,0,Matches
296,Mert Günok,tr TUR,GK,Beşiktaş,32,1989,4.0,0,0,0,0,0,0,0,0,1,,,0,Matches
297,Berke Gürbüz,,MF,Gaziantep FK,18,2003,0.0,0,0,0,0,0,0,0,0,0,,,0,Matches
298,Serdar Gürler,tr TUR,"MF,FW",Konyaspor,29,1991,14.3,4,0,0,12,10,13,79,3,3,,,0,Matches
299,Serdar Gürler,tr TUR,MF,Başakşehir,29,1991,7.4,2,0,0,8,9,4,29,6,10,,,0,Matches
300,Luiz Gustavo,br BRA,MF,Fenerbahçe,34,1987,16.9,3,0,0,35,20,1,16,24,26,,,0,Matches
Rk,Player,Nation,Pos,Squad,Age,Born,90s,CrdY,CrdR,2CrdY,Fls,Fld,Off,Crs,Int,TklW,PKwon,PKcon,OG,Matches
301,Günay Güvenç,tr TUR,GK,Gaziantep FK,30,1991,34.4,3,0,0,1,6,0,1,0,0,,,0,Matches
302,Oussama Haddadi,tn TUN,"DF,MF",Yeni Mal'spor,29,1992,25.5,2,1,1,15,13,0,50,36,14,,,0,Matches
303,Florent Hadergjonaj,xk KVX,DF,Kasımpaşa,27,1994,32.8,8,0,0,16,21,5,128,44,26,,,1,Matches
304,Amir Hadžiahmetović,ba BIH,MF,Konyaspor,24,1997,36.0,5,0,0,34,39,0,44,71,45,,,1,Matches
305,Karim Hafez,eg EGY,"DF,MF",Yeni Mal'spor,25,1996,25.6,10,0,0,29,23,1,143,33,17,,,0,Matches
306,Haris Hajradinović,ba BIH,MF,Kasımpaşa,27,1994,30.8,6,1,1,52,46,4,107,17,40,,,0,Matches
307,Marek Hamšík,sk SVK,MF,Trabzonspor,34,1987,23.3,4,0,0,19,9,0,84,22,17,,,0,Matches
308,Dogucan Haspolat,tr TUR,MF,Kasımpaşa,21,2000,22.7,5,0,0,52,43,0,20,67,33,,,0,Matches
309,Pedro Henrique,br BRA,"MF,FW",Sivasspor,31,1990,21.0,7,1,1,61,26,28,58,21,21,,,0,Matches
310,Sebastian Holmén,se SWE,DF,Rizespor,29,1992,32.2,8,0,0,28,17,0,6,62,26,,,0,Matches
311,Majid Hosseini,ir IRN,DF,Kayserispor,25,1996,27.1,3,0,0,19,6,0,3,37,32,,,1,Matches
312,Vitor Hugo,br BRA,DF,Trabzonspor,30,1991,27.4,2,1,0,22,10,3,0,44,19,,,0,Matches
313,Deniz Hummet,tr TUR,"MF,FW",Rizespor,24,1996,10.1,0,0,0,23,5,3,4,7,4,,,0,Matches
314,Atiba Hutchinson,ca CAN,MF,Beşiktaş,38,1983,14.1,3,0,0,11,21,0,5,19,11,,,0,Matches
315,Didier Ibrahim Ndong,ga GAB,MF,Yeni Mal'spor,27,1994,16.1,5,0,0,23,6,0,3,23,14,,,0,Matches
316,Brown Ideye,ng NGA,FW,Göztepe,32,1988,0.5,1,0,0,4,1,0,0,0,0,,,0,Matches
317,Edgar Ié,gw GNB,DF,Trabzonspor,27,1994,16.9,6,0,0,11,7,0,0,23,10,,,0,Matches
318,Ahmed Ildiz,tr TUR,MF,Alanyaspor,24,1996,2.4,0,0,0,5,3,0,3,0,0,,,0,Matches
319,Emirhan İlkhan,tr TUR,MF,Beşiktaş,17,2004,7.1,0,0,0,10,16,1,16,5,5,,,0,Matches
320,Gökhan Inler,ch SUI,MF,Adana Demirspor,37,1984,19.4,2,0,0,35,28,0,6,15,20,,,0,Matches
321,Adis Jahović,mk MKD,"FW,MF",Göztepe,34,1987,16.0,4,1,0,30,15,16,17,5,5,,,0,Matches
322,Leke James,ng NGA,FW,Sivasspor,28,1992,4.8,0,0,0,8,5,3,4,1,2,,,0,Matches
323,Jocelyn Janneh,gn GUI,MF,Kayserispor,18,2002,0.2,0,0,0,0,0,0,0,1,0,,,0,Matches
324,Jefferson,br BRA,MF,Gaziantep FK,27,1994,4.6,0,0,0,6,3,0,4,9,7,,,0,Matches
325,Juanfran,es ESP,DF,Alanyaspor,32,1988,33.8,1,1,0,9,20,0,166,39,25,,,0,Matches
Rk,Player,Nation,Pos,Squad,Age,Born,90s,CrdY,CrdR,2CrdY,Fls,Fld,Off,Crs,Int,TklW,PKwon,PKcon,OG,Matches
326,Nicolai Jørgensen,dk DEN,FW,Kasımpaşa,30,1991,9.3,2,0,0,20,9,7,4,4,1,,,0,Matches
327,Ayoub El Kaabi,ma MAR,"MF,FW",Hatayspor,28,1993,27.1,2,0,0,17,15,17,10,17,9,,,0,Matches
328,Deniz Kadah,de GER,FW,Altay,35,1986,5.2,0,0,0,7,11,3,0,2,1,,,0,Matches
329,Ferdi Kadioglu,tr TUR,"MF,DF",Fenerbahçe,21,1999,25.0,5,0,0,23,29,0,79,43,44,,,0,Matches
330,Kahraba,eg EGY,MF,Hatayspor,27,1994,3.4,0,0,0,2,0,0,12,1,2,,,0,Matches
331,İrfan Kahveci,tr TUR,"MF,FW",Fenerbahçe,26,1995,18.1,7,1,0,40,31,8,101,13,14,,,0,Matches
332,Kerem Kalafat,tr TUR,DF,Beşiktaş,20,2001,1.7,0,0,0,3,3,0,8,2,1,,,0,Matches
333,Berat Kalkan,mk MKD,FW,Kasımpaşa,18,2003,0.0,0,0,0,0,0,0,0,0,0,,,0,Matches
334,Kesselly Kamara,lr LBR,"MF,FW",Hatayspor,23,1997,8.8,5,0,0,17,15,5,9,3,6,,,0,Matches
335,Kaan Kanak,tr TUR,DF,Adana Demirspor,30,1990,14.1,0,0,0,6,10,0,42,17,10,,,0,Matches
336,Kubilay Kanatsızkuş,tr TUR,FW,Yeni Mal'spor,24,1997,3.8,1,0,0,7,4,2,0,4,2,,,0,Matches
337,Kubilay Kanatsızkuş,tr TUR,"FW,MF",Rizespor,24,1997,1.0,0,0,0,1,1,0,1,1,4,,,0,Matches
338,Burak Kapacak,tr TUR,DF,Fenerbahçe,21,1999,0.3,0,0,0,2,0,0,3,0,0,,,0,Matches
339,Mustafa Kapı,tr TUR,MF,Adana Demirspor,18,2002,1.1,0,0,0,7,2,0,0,3,3,,,0,Matches
340,Ahmetcan Kaplan,tr TUR,DF,Trabzonspor,18,2003,9.8,0,0,0,8,12,0,0,13,8,,,0,Matches
341,Emre Kaplan,tr TUR,DF,Hatayspor,20,2001,2.9,1,0,0,5,1,0,6,7,6,,,0,Matches
342,Emre Kaplan,tr TUR,DF,Başakşehir,20,2001,0.0,0,0,0,1,0,0,0,0,0,,,0,Matches
343,Ferhat Kaplan,tr TUR,GK,Adana Demirspor,32,1989,6.1,1,0,0,0,3,0,0,0,0,,,0,Matches
344,Leandro Kappel,sr SUR,"MF,FW",Altay,31,1989,32.1,3,0,0,63,36,5,95,16,24,,,0,Matches
345,Aytaç Kara,tr TUR,MF,Göztepe,28,1993,4.0,2,0,0,4,7,0,6,1,4,,,0,Matches
346,Aytaç Kara,tr TUR,MF,Galatasaray,28,1993,2.6,2,0,0,3,4,0,11,2,5,,,0,Matches
347,Efecan Karaca,tr TUR,"MF,FW",Alanyaspor,31,1989,30.9,4,1,0,27,66,14,56,11,21,,,0,Matches
348,Eren Karadağ,,MF,Rizespor,21,2000,0.3,0,0,0,0,2,0,2,0,1,,,0,Matches
349,Ahmet Karademir,,FW,Konyaspor,17,2004,0.0,0,0,0,0,0,0,0,0,0,,,0,Matches
350,Yusuf Karagöz,,GK,Alanyaspor,21,1999,3.0,0,0,0,0,0,0,0,0,0,,,0,Matches
Rk,Player,Nation,Pos,Squad,Age,Born,90s,CrdY,CrdR,2CrdY,Fls,Fld,Off,Crs,Int,TklW,PKwon,PKcon,OG,Matches
351,Vedat Karakuş,tr TUR,GK,Adana Demirspor,23,1998,1.0,0,0,0,0,0,0,0,0,0,,,0,Matches
352,Kenan Karaman,tr TUR,"MF,FW",Beşiktaş,27,1994,13.6,1,0,0,36,24,7,12,4,11,,,0,Matches
353,Yann Karamoh,fr FRA,"MF,FW",Fatih Karagümrük,23,1998,17.8,2,1,0,15,29,17,18,7,8,,,0,Matches
354,Kazımcan Karataş,tr TUR,"DF,MF",Altay,18,2003,16.0,1,0,0,18,6,2,51,22,18,,,0,Matches
355,Talha Karataş,nl NED,DF,Kayserispor,18,2003,0.5,0,0,0,0,0,0,2,0,0,,,0,Matches
356,Cebrail Karayel,tr TUR,"DF,MF",Altay,26,1994,27.3,7,1,1,49,38,6,78,31,35,,,0,Matches
357,Erce Kardeşler,tr TUR,GK,Trabzonspor,27,1994,1.1,2,0,0,1,1,0,0,0,0,,,0,Matches
358,Semih Kaya,tr TUR,DF,Yeni Mal'spor,30,1991,19.1,1,0,0,10,8,0,9,15,2,,,0,Matches
359,Semih Kaya,tr TUR,DF,Galatasaray,30,1991,2.0,0,0,0,2,2,0,4,3,1,,,0,Matches
360,Yalçın Kayan,tr TUR,"MF,FW",Göztepe,22,1999,16.4,2,1,0,20,22,0,32,25,24,,,0,Matches
361,Olarenwaju Kayode,ng NGA,"FW,MF",Sivasspor,28,1993,18.3,1,1,0,28,37,12,40,8,7,,,0,Matches
362,Olivier Kemen,cm CMR,MF,Kayserispor,25,1996,14.1,4,0,0,39,31,2,14,16,20,,,0,Matches
363,Ekrem Kılıçarslan,,GK,Gaziantep FK,23,1997,0.5,0,0,0,0,0,0,0,0,0,,,0,Matches
364,Emre Kılınç,tr TUR,MF,Galatasaray,26,1994,13.5,4,0,0,18,18,2,13,7,19,,,0,Matches
365,Serkan Kırıntılı,tr TUR,GK,Alanyaspor,36,1985,19.0,2,0,0,0,1,0,0,0,0,,,0,Matches
366,Stelios Kitsiou,gr GRE,"MF,DF",Gaziantep FK,27,1993,27.6,9,0,0,34,51,4,69,20,47,,,0,Matches
367,Alberk Koç,,DF,Konyaspor,24,1997,0.1,0,0,0,0,0,0,0,0,0,,,0,Matches
368,Alberk Koç,,DF,Rizespor,24,1997,3.3,0,0,0,1,6,0,29,7,2,,,0,Matches
369,Arif Kocaman,,DF,Kayserispor,17,2003,0.3,0,0,0,1,0,0,0,0,1,,,0,Matches
370,Okan Kocuk,tr TUR,GK,Giresunspor,26,1995,32.0,0,0,0,0,3,0,0,0,0,,,0,Matches
371,Bengali-Fodé Koita,gn GUI,"FW,MF",Trabzonspor,30,1990,2.1,1,0,0,5,5,2,0,0,4,,,0,Matches
372,Koka,eg EGY,FW,Konyaspor,28,1993,15.2,2,0,0,20,10,6,0,2,6,,,0,Matches
373,Dimitrios Kolovetsios,gr GRE,DF,Kayserispor,29,1991,19.9,4,1,1,11,3,0,0,19,12,,,0,Matches
374,Moussa Konaté,sn SEN,FW,Sivasspor,28,1993,2.6,1,0,0,5,1,5,0,2,0,,,0,Matches
375,Kasım Köşker,,MF,Giresunspor,18,2003,0.4,0,0,0,0,0,0,0,0,0,,,0,Matches
Rk,Player,Nation,Pos,Squad,Age,Born,90s,CrdY,CrdR,2CrdY,Fls,Fld,Off,Crs,Int,TklW,PKwon,PKcon,OG,Matches
376,İsmail Köybaşı,tr TUR,DF,Trabzonspor,32,1989,10.7,1,0,0,13,5,2,21,21,8,,,0,Matches
377,Nurettin Kücükdeniz,,FW,Altay,17,2004,0.5,0,0,0,2,1,0,0,0,0,,,0,Matches
378,Fyodor Kudryashov,ru RUS,DF,Antalyaspor,34,1987,25.1,2,0,0,23,8,0,2,31,9,,,0,Matches
379,Sinan Kurt,,MF,Adana Demirspor,25,1996,18.0,1,0,0,10,17,0,17,16,18,,,0,Matches
380,Arda Kurtulan,al ALB,DF,Fenerbahçe,18,2002,0.1,0,0,0,0,1,0,0,1,1,,,0,Matches
381,Fatih Kuruçuk,tr TUR,DF,Hatayspor,23,1998,26.2,7,0,0,28,20,1,2,42,29,,,0,Matches
382,Çağtay Kurukalıp,tr TUR,DF,Fenerbahçe,19,2002,1.0,0,0,0,2,2,0,3,0,2,,,0,Matches
383,Berkan Kutlu,tr TUR,MF,Galatasaray,23,1998,31.7,5,1,0,59,32,1,20,24,33,,,0,Matches
384,Ahmed Kutucu,tr TUR,"FW,MF",Başakşehir,21,2000,0.4,0,0,0,2,0,0,0,1,0,,,0,Matches
385,Furkan Kütük,,MF,Giresunspor,18,2002,1.0,1,0,0,1,1,0,0,1,0,,,0,Matches
386,Zoran Kvržić,ba BIH,MF,Kayserispor,32,1988,1.0,0,0,0,1,1,0,1,2,1,,,0,Matches
387,Cyle Larin,ca CAN,"MF,FW",Beşiktaş,26,1995,19.5,3,1,0,37,45,20,15,4,13,,,0,Matches
388,Joseph Larweh Attamah,gh GHA,"MF,DF",Kayserispor,27,1994,22.6,2,0,0,17,15,1,2,26,24,,,0,Matches
389,Lucas Lima,br BRA,DF,Başakşehir,29,1991,20.4,2,0,0,26,10,0,78,24,19,,,0,Matches
390,Mateusz Lis,pl POL,GK,Altay,24,1997,35.0,3,0,0,0,7,0,0,1,0,,,0,Matches
391,Saba Lobzhanidze,ge GEO,MF,Hatayspor,26,1994,27.0,2,0,0,13,7,3,96,15,10,,,0,Matches
392,Lourency,br BRA,"MF,FW",Göztepe,25,1996,14.3,7,0,0,27,31,6,35,6,14,,,0,Matches
393,Derrick Luckassen,nl NED,DF,Fatih Karagümrük,26,1995,17.9,3,2,0,15,10,1,0,8,10,,,0,Matches
394,Silviu Lung Jr.,ro ROU,GK,Kayserispor,32,1989,30.0,3,0,0,0,8,0,0,0,1,,,0,Matches
395,Christian Luyindama,cd COD,DF,Galatasaray,27,1994,7.3,3,0,0,10,4,1,0,15,6,,,0,Matches
396,Davidson da Luz Pereira,br BRA,MF,Alanyaspor,30,1991,19.0,4,0,0,30,59,2,27,5,15,,,0,Matches
397,Paul-Jose M'Poku,cd COD,MF,Konyaspor,29,1992,9.9,2,0,0,21,24,1,6,6,8,,,0,Matches
398,Awer Mabil,au AUS,MF,Kasımpaşa,25,1995,4.3,2,1,1,3,7,0,30,1,2,,,0,Matches
399,Izzet Malak,,MF,Göztepe,16,2005,0.2,0,0,0,0,0,0,0,0,1,,,0,Matches
400,Stevie Mallan,sct SCO,"MF,DF",Yeni Mal'spor,25,1996,9.3,1,0,0,14,3,1,31,11,5,,,0,Matches
Rk,Player,Nation,Pos,Squad,Age,Born,90s,CrdY,CrdR,2CrdY,Fls,Fld,Off,Crs,Int,TklW,PKwon,PKcon,OG,Matches
401,Yunus Mallı,tr TUR,"FW,MF",Trabzonspor,29,1992,0.6,1,0,0,2,3,0,0,0,0,,,0,Matches
402,El Mamy Tetah,mr MTN,FW,Alanyaspor,19,2001,0.1,0,0,0,0,1,0,0,0,0,,,0,Matches
403,Carlos Mané,gw GNB,MF,Kayserispor,27,1994,11.4,2,0,0,11,13,2,47,13,10,,,0,Matches
404,Marcão,br BRA,DF,Galatasaray,25,1996,25.3,9,1,0,30,47,0,1,49,29,,,0,Matches
405,Alexandru Maxim,ro ROU,"MF,FW",Gaziantep FK,31,1990,27.6,7,0,0,27,31,5,217,9,20,,,0,Matches
406,Admir Mehmedi,ch SUI,MF,Antalyaspor,30,1991,3.3,1,0,0,5,5,1,4,3,5,,,0,Matches
407,Ronaldo Mendes,br BRA,MF,Rizespor,28,1992,5.5,0,0,0,11,17,0,41,3,12,,,0,Matches
408,Hamza Mendyl,ma MAR,"MF,DF",Gaziantep FK,23,1997,11.5,7,1,1,16,6,0,39,14,9,,,0,Matches
409,Bernard Mensah,gh GHA,"MF,FW",Kayserispor,26,1994,5.3,1,0,0,13,17,0,12,3,3,,,0,Matches
410,Umut Meraş,tr TUR,"DF,MF",Beşiktaş,25,1995,14.9,2,0,0,17,17,1,49,25,19,,,0,Matches
411,Levent Mercan,de GER,MF,Fatih Karagümrük,20,2000,5.6,1,0,0,5,7,0,8,6,4,,,0,Matches
412,Alexander Merkel,kz KAZ,MF,Gaziantep FK,29,1992,11.2,2,0,0,17,10,0,10,17,23,,,0,Matches
413,Berat Mert,,DF,Yeni Mal'spor,16,2004,0.4,0,0,0,0,2,0,0,1,0,,,0,Matches
414,Yıldırım Mert Çetin,tr TUR,DF,Kayserispor,24,1997,9.1,2,0,0,13,5,0,0,19,6,,,0,Matches
415,Muhammed Mert,be BEL,MF,Hatayspor,26,1995,4.3,0,0,0,8,3,0,15,5,8,,,0,Matches
416,Ahmed El Messaoudi,ma MAR,MF,Gaziantep FK,25,1995,4.8,2,0,0,5,3,1,3,5,9,,,0,Matches
417,Miha Mevlja,si SVN,DF,Alanyaspor,31,1990,11.5,0,0,0,5,5,0,0,8,5,,,0,Matches
418,Max Meyer,de GER,MF,Fenerbahçe,25,1995,2.4,0,0,0,4,3,0,2,3,1,,,0,Matches
419,Konrad Michalak,pl POL,MF,Konyaspor,23,1997,16.5,0,0,0,14,34,8,56,10,11,,,0,Matches
420,Marko Mihojević,ba BIH,DF,Göztepe,25,1996,3.2,0,0,0,2,1,0,0,1,1,,,0,Matches
421,Deni Milošević,ba BIH,MF,Antalyaspor,26,1995,5.5,1,0,0,7,5,1,3,8,4,,,0,Matches
422,Nemanja Milunović,rs SRB,DF,Alanyaspor,32,1989,23.3,6,0,0,27,6,0,2,40,21,,,0,Matches
423,Metehan Mimaroğlu,,MF,Adana Demirspor,27,1994,2.3,1,0,0,4,3,0,5,5,0,,,0,Matches
424,Kim Min-jae,kr KOR,DF,Fenerbahçe,24,1996,29.6,6,1,1,24,6,0,2,61,31,,,0,Matches
425,Mert Miraç Altıntaş,,"FW,MF",Yeni Mal'spor,19,2001,3.4,0,0,0,2,6,1,3,3,3,,,0,Matches
Rk,Player,Nation,Pos,Squad,Age,Born,90s,CrdY,CrdR,2CrdY,Fls,Fld,Off,Crs,Int,TklW,PKwon,PKcon,OG,Matches
426,Mostafa Mohamed,eg EGY,FW,Galatasaray,23,1997,12.3,4,0,0,13,11,6,6,5,5,,,0,Matches
427,Javi Montero,es ESP,DF,Beşiktaş,22,1999,15.0,8,2,2,24,18,1,10,31,14,,,0,Matches
428,Emre Mor,tr TUR,MF,Fatih Karagümrük,24,1997,19.2,4,0,0,20,41,7,22,22,16,,,0,Matches
429,Olimpiu Moruțan,ro ROU,MF,Galatasaray,22,1999,11.7,1,0,0,15,13,0,29,8,11,,,0,Matches
430,François Moubandje,ch SUI,"MF,DF",Göztepe,31,1990,5.8,3,1,0,14,4,0,19,8,5,,,0,Matches
431,Atakan Müjde,,MF,Yeni Mal'spor,18,2003,3.2,3,0,0,4,8,0,1,3,4,,,0,Matches
432,Paul Mukairu,ng NGA,"FW,MF",Antalyaspor,21,2000,11.9,1,0,0,23,12,8,0,6,12,,,0,Matches
433,Jackson Muleka,cd COD,"FW,MF",Kasımpaşa,21,1999,11.8,2,0,0,19,21,10,12,5,12,,,0,Matches
434,Munir,ma MAR,GK,Hatayspor,32,1989,34.0,3,0,0,1,10,0,0,1,0,,,0,Matches
435,Arijanet Muric,xk KVX,GK,Adana Demirspor,22,1998,30.9,3,0,0,0,5,0,0,1,1,,,0,Matches
436,Ahmed Musa,ng NGA,"MF,FW",Fatih Karagümrük,28,1992,19.3,1,0,0,12,12,4,33,7,12,,,0,Matches
437,Fernando Muslera,uy URU,GK,Galatasaray,35,1986,24.9,3,0,0,0,0,0,0,3,0,,,0,Matches
438,Georges-Kévin N'Koudou,cm CMR,"MF,FW",Beşiktaş,26,1995,6.2,1,0,0,10,12,6,19,4,9,,,0,Matches
439,Fabrice N'Sakala,cd COD,DF,Beşiktaş,31,1990,3.8,1,0,0,6,5,0,10,5,3,,,0,Matches
440,Mohammad Naderi,ir IRN,DF,Altay,24,1996,18.1,5,1,1,28,36,5,35,21,33,,,0,Matches
441,Naldo,br BRA,DF,Antalyaspor,32,1988,30.1,7,0,0,31,6,2,1,43,22,,,0,Matches
442,Umut Nayir,tr TUR,FW,Giresunspor,28,1993,18.8,1,0,0,15,35,12,6,6,11,,,0,Matches
443,Alassane Ndao,sn SEN,MF,Antalyaspor,24,1996,10.3,2,0,0,3,9,5,22,8,10,,,0,Matches
444,Youssouf Ndayishimiye,bi BDI,"DF,MF",Başakşehir,22,1998,25.4,4,0,0,15,18,0,5,14,14,,,0,Matches
445,Cherif Ndiaye,sn SEN,"FW,MF",Göztepe,25,1996,23.6,3,1,0,40,48,8,17,10,17,,,0,Matches
446,Victor Nelsson,dk DEN,DF,Galatasaray,22,1998,36.0,7,0,0,28,40,1,2,27,19,,,0,Matches
447,Recep Niyaz,tr TUR,MF,Gaziantep FK,25,1995,21.0,4,0,0,17,27,0,21,28,12,,,0,Matches
448,Emre Nizam,,FW,Giresunspor,19,2002,0.0,0,0,0,0,0,0,0,0,0,,,0,Matches
449,João Novais,pt POR,MF,Alanyaspor,28,1993,20.4,6,0,0,17,36,1,85,37,12,,,0,Matches
450,Filip Novák,cz CZE,DF,Fenerbahçe,31,1990,15.8,5,1,1,20,7,1,17,15,10,,,0,Matches
Rk,Player,Nation,Pos,Squad,Age,Born,90s,CrdY,CrdR,2CrdY,Fls,Fld,Off,Crs,Int,TklW,PKwon,PKcon,OG,Matches
451,Jospin Nshimirimana,bi BDI,MF,Yeni Mal'spor,19,2001,14.2,10,1,1,20,17,0,4,13,14,,,0,Matches
452,Atınç Nukan,tr TUR,DF,Göztepe,28,1993,19.8,4,0,0,16,15,1,0,48,10,,,0,Matches
453,Anthony Nwakaeme,ng NGA,MF,Trabzonspor,32,1989,25.0,3,0,0,16,16,6,52,13,20,,,0,Matches
454,Obinna Nwobodo,ng NGA,MF,Göztepe,24,1996,27.8,12,1,1,54,25,0,10,55,62,,,0,Matches
455,Ahmet Oğuz,tr TUR,DF,Sivasspor,28,1993,21.1,7,0,0,42,36,0,54,44,38,,,0,Matches
456,Stefano Okaka,it ITA,FW,Başakşehir,31,1989,29.5,6,0,0,74,43,18,0,6,6,,,0,Matches
457,Burak Öksüz,,DF,Hatayspor,25,1996,30.5,2,0,0,32,16,0,2,47,9,,,0,Matches
458,Paweł Olkowski,pl POL,DF,Gaziantep FK,31,1990,1.3,0,0,0,0,1,0,5,3,2,,,0,Matches
459,Abdülkadir Ömür,tr TUR,MF,Trabzonspor,22,1999,24.2,1,0,0,16,25,2,33,15,30,,,0,Matches
460,Kaan Onaran,,MF,Sivasspor,17,2004,0.0,0,0,0,0,0,0,0,0,0,,,0,Matches
461,Samed Onur,tr TUR,FW,Fatih Karagümrük,19,2002,0.9,0,0,0,0,3,0,0,0,2,,,0,Matches
462,Cekdar Orhan,,MF,Giresunspor,23,1998,0.1,0,0,0,0,0,0,0,0,0,,,0,Matches
463,Bright Osayi-Samuel,ng NGA,"MF,DF",Fenerbahçe,23,1997,26.3,4,0,0,38,47,0,23,24,23,,,0,Matches
464,Haqi Osman,gh GHA,FW,Yeni Mal'spor,19,2002,3.9,0,0,0,3,4,3,1,2,4,,,0,Matches
465,Caner Osmanpaşa,tr TUR,DF,Sivasspor,33,1988,30.9,2,0,0,18,11,0,11,49,26,,,0,Matches
466,Şener Özbayraklı,tr TUR,DF,Başakşehir,31,1990,2.7,0,0,0,1,3,0,1,2,5,,,0,Matches
467,Ertaç Özbir,tr TUR,GK,Yeni Mal'spor,31,1989,28.5,0,0,0,0,7,0,0,0,2,,,0,Matches
468,Berkay Özcan,tr TUR,MF,Başakşehir,23,1998,27.6,1,0,0,16,25,6,22,10,22,,,0,Matches
469,Erdem Özcan,,FW,Altay,18,2002,0.9,0,0,0,0,0,0,5,1,2,,,0,Matches
470,Arda Özçimen,tr TUR,GK,Göztepe,19,2002,4.0,0,0,0,1,0,0,0,0,0,,,0,Matches
471,Berat Özdemir,tr TUR,MF,Trabzonspor,23,1998,19.1,2,0,0,15,13,0,2,34,24,,,0,Matches
472,Soner Özdemir,tr TUR,MF,Rizespor,18,2003,0.0,0,0,0,0,1,0,0,0,0,,,0,Matches
473,Berke Özer,tr TUR,GK,Fenerbahçe,21,2000,13.1,2,0,0,0,0,0,0,0,1,,,0,Matches
474,Kenan Özer,tr TUR,"DF,MF",Yeni Mal'spor,33,1987,7.7,1,1,0,12,22,5,20,11,7,,,0,Matches
475,Kenan Özer,tr TUR,MF,Gaziantep FK,33,1987,3.0,2,0,0,11,8,2,7,1,5,,,0,Matches
Rk,Player,Nation,Pos,Squad,Age,Born,90s,CrdY,CrdR,2CrdY,Fls,Fld,Off,Crs,Int,TklW,PKwon,PKcon,OG,Matches
476,Mesut Özil,de GER,MF,Fenerbahçe,32,1988,13.8,0,0,0,6,13,8,70,8,9,,,0,Matches
477,Özgür Özkaya,tr TUR,DF,Altay,33,1988,4.2,2,0,0,7,4,0,15,8,5,,,0,Matches
478,Ege Özkayimoglu,tr TUR,MF,Göztepe,20,2001,2.5,1,0,0,3,1,3,6,1,0,,,0,Matches
479,Hakan Özmert,tr TUR,MF,Antalyaspor,36,1985,10.9,3,0,0,18,13,0,40,19,14,,,0,Matches
480,Erhun Oztumer,,MF,Fatih Karagümrük,30,1991,8.9,3,0,0,8,17,0,0,5,9,,,0,Matches
481,Erhun Oztumer,,MF,Adana Demirspor,30,1991,1.8,0,0,0,2,2,0,0,1,0,,,0,Matches
482,Alpaslan Öztürk,tr TUR,"DF,MF",Galatasaray,28,1993,6.9,2,0,0,7,8,0,0,10,12,,,0,Matches
483,Bahadır Öztürk,tr TUR,DF,Antalyaspor,25,1995,2.5,0,0,0,1,1,0,0,3,2,,,0,Matches
484,Fatih Öztürk,tr TUR,GK,Galatasaray,34,1986,1.0,1,0,0,0,0,0,0,0,0,,,0,Matches
485,İbrahim Öztürk,tr TUR,DF,Altay,40,1981,19.1,2,0,0,7,14,0,3,33,13,,,1,Matches
486,Oğuzhan Özyakup,tr TUR,MF,Beşiktaş,28,1992,6.7,3,0,0,9,9,2,15,2,7,,,0,Matches
487,Marco Paixão,pt POR,FW,Altay,36,1984,7.4,3,0,0,20,19,8,8,1,8,,,0,Matches
488,Murat Paluli,tr TUR,"MF,DF",Göztepe,26,1994,19.3,5,0,0,19,21,1,51,24,13,,,0,Matches
489,İlhan Parlak,tr TUR,"FW,MF",Kayserispor,34,1987,8.8,1,0,0,7,9,5,2,4,7,,,0,Matches
490,Abdülkadir Parmak,tr TUR,MF,Kayserispor,26,1994,10.5,1,0,0,8,21,0,7,8,16,,,0,Matches
491,Abdülkadir Parmak,tr TUR,MF,Trabzonspor,26,1994,0.2,0,0,0,0,0,0,0,0,0,,,0,Matches
492,Halil Pehlivan,tr TUR,"DF,MF",Gaziantep FK,27,1993,14.3,1,0,0,8,5,2,45,5,12,,,0,Matches
493,Yasin Pehlivan,at AUT,MF,Rizespor,32,1989,4.5,1,0,0,10,3,0,0,4,5,,,0,Matches
494,Mustafa Pektemek,tr TUR,FW,Kayserispor,32,1988,12.2,1,0,0,20,23,3,7,8,16,,,0,Matches
495,Dimitris Pelkas,gr GRE,MF,Fenerbahçe,27,1993,8.6,2,0,0,21,9,2,18,4,8,,,0,Matches
496,Joey Pelupessy,id IDN,MF,Giresunspor,28,1993,9.1,1,1,0,6,5,0,0,4,8,,,0,Matches
497,Iñaki Peña,es ESP,GK,Galatasaray,22,1999,6.0,1,0,0,0,1,0,0,0,0,,,0,Matches
498,Bruno Peres,br BRA,DF,Trabzonspor,31,1990,23.9,7,1,1,16,23,0,76,43,34,,,0,Matches
499,Alexis Pérez,co COL,DF,Giresunspor,27,1994,33.9,8,1,0,40,28,1,5,73,41,,,1,Matches
500,Aleksandar Pešić,rs SRB,FW,Fatih Karagümrük,29,1992,27.5,3,0,0,26,44,15,8,3,2,,,0,Matches
Rk,Player,Nation,Pos,Squad,Age,Born,90s,CrdY,CrdR,2CrdY,Fls,Fld,Off,Crs,Int,TklW,PKwon,PKcon,OG,Matches
501,Lebogang Phiri,za RSA,MF,Rizespor,26,1994,11.1,4,0,0,12,9,0,7,17,10,,,0,Matches
502,Sergen Piçinciol,tr TUR,DF,Giresunspor,25,1995,8.4,4,0,0,15,2,1,1,17,15,,,0,Matches
503,César Pinares,cl CHI,MF,Altay,30,1991,21.7,10,1,1,31,28,2,80,12,8,,,0,Matches
504,Onurcan Piri,tr TUR,GK,Giresunspor,26,1994,5.6,2,0,0,0,0,0,0,0,0,,,0,Matches
505,Kenan Pirić,ba BIH,GK,Göztepe,27,1994,4.0,0,0,0,0,1,0,0,0,0,,,0,Matches
506,Pizzi,pt POR,MF,Başakşehir,31,1989,2.9,0,0,0,4,2,1,8,2,2,,,0,Matches
507,Miralem Pjanić,ba BIH,MF,Beşiktaş,31,1990,15.5,5,1,1,14,19,0,81,30,7,,,0,Matches
508,Joel Pohjanpalo,fi FIN,FW,Rizespor,26,1994,23.4,0,0,0,19,18,5,9,1,2,,,0,Matches
509,Andrea Poli,it ITA,MF,Antalyaspor,31,1989,19.3,5,0,0,25,26,0,3,44,15,,,0,Matches
510,Carlos Ponck,cv CPV,DF,Başakşehir,26,1995,2.5,2,0,0,7,1,0,1,2,3,,,0,Matches
511,Carlos Ponck,cv CPV,DF,Rizespor,26,1995,13.0,5,0,0,11,8,0,0,13,14,,,0,Matches
512,Strahil Popov,bg BUL,DF,Hatayspor,30,1990,2.5,0,0,0,1,0,1,19,5,2,,,0,Matches
513,Alper Potuk,tr TUR,MF,Rizespor,30,1991,13.7,3,1,1,16,46,4,29,4,10,,,0,Matches
514,Tymoteusz Puchacz,pl POL,DF,Trabzonspor,22,1999,8.2,0,0,0,12,9,0,14,6,13,,,0,Matches
515,Erick Pulgar,cl CHI,MF,Galatasaray,27,1994,6.7,2,0,0,7,6,0,10,16,11,,,0,Matches
516,Amar Rahmanović,ba BIH,MF,Konyaspor,27,1994,15.3,4,1,0,24,34,2,16,16,17,,,0,Matches
517,Joher Rassoul,sn SEN,DF,Adana Demirspor,25,1995,19.3,2,0,0,11,10,0,51,20,22,,,1,Matches
518,Loïc Rémy,fr FRA,FW,Adana Demirspor,34,1987,0.3,0,0,0,0,0,0,0,0,0,,,0,Matches
519,Loïc Rémy,fr FRA,FW,Rizespor,34,1987,3.0,0,0,0,0,3,2,0,0,0,,,0,Matches
520,Rúben Tiago Rodrigues Ribeiro,pt POR,MF,Hatayspor,33,1987,26.2,9,2,0,46,65,0,63,36,35,,,0,Matches
521,Martín Rodríguez,cl CHI,"MF,FW",Altay,26,1994,23.5,4,0,0,29,24,8,127,15,12,,,0,Matches
522,Valentin Rosier,fr FRA,"DF,MF",Beşiktaş,24,1996,30.1,10,3,3,31,14,3,92,57,44,,,0,Matches
523,Diego Rossi,uy URU,"MF,FW",Fenerbahçe,23,1998,21.8,2,0,0,16,21,7,37,7,9,,,0,Matches
524,Serdar Saatçı,tr TUR,DF,Beşiktaş,18,2003,9.5,3,0,0,17,6,0,5,13,9,,,0,Matches
525,Erik Sabo,sk SVK,MF,Rizespor,29,1991,23.2,6,0,0,31,36,7,16,18,22,,,0,Matches
Rk,Player,Nation,Pos,Squad,Age,Born,90s,CrdY,CrdR,2CrdY,Fls,Fld,Off,Crs,Int,TklW,PKwon,PKcon,OG,Matches
526,Isaac Sackey,gh GHA,"DF,MF",Hatayspor,27,1994,18.5,6,0,0,19,6,0,4,19,16,,,0,Matches
527,Loret Sadiku,al ALB,MF,Kasımpaşa,30,1991,9.9,4,0,0,15,0,0,2,15,14,,,0,Matches
528,Ángelo Sagal,cl CHI,"MF,FW",Gaziantep FK,28,1993,21.1,7,1,1,23,30,8,111,23,22,,,0,Matches
529,Cenk Şahin,tr TUR,"FW,MF",Gaziantep FK,26,1994,0.5,0,0,0,1,0,0,2,1,1,,,0,Matches
530,Nuri Şahin,tr TUR,MF,Antalyaspor,32,1988,6.7,0,0,0,12,6,0,19,9,8,,,0,Matches
531,Sedat Şahintürk,tr TUR,FW,Adana Demirspor,25,1996,0.5,0,0,0,0,0,0,1,0,1,,,0,Matches
532,Dylan Saint-Louis,cg CGO,"MF,FW",Hatayspor,26,1995,17.0,2,0,0,21,22,8,73,3,16,,,0,Matches
533,Yannis Salibur,fr FRA,"FW,MF",Fatih Karagümrük,30,1991,3.8,2,0,0,7,8,4,8,2,2,,,0,Matches
534,Mbwana Samatta,tz TAN,FW,Fenerbahçe,28,1992,1.8,0,0,0,1,1,0,1,0,1,,,0,Matches
535,Nazim Sangaré,tr TUR,"DF,MF",Fenerbahçe,27,1994,12.4,3,0,0,14,13,0,36,28,21,,,0,Matches
536,Younousse Sankharé,sn SEN,MF,Giresunspor,31,1989,3.7,3,0,0,6,5,0,3,1,5,,,0,Matches
537,Veysel Sarı,tr TUR,DF,Antalyaspor,33,1988,32.8,6,0,0,29,45,2,5,39,36,,,0,Matches
538,Yusuf Sari,tr TUR,MF,Rizespor,22,1998,8.0,1,0,0,6,11,0,38,4,6,,,0,Matches
539,Yusuf Sari,tr TUR,MF,Trabzonspor,22,1998,4.3,0,0,0,8,6,3,10,0,7,,,0,Matches
540,Efe Sarikaya,tr TUR,DF,Altay,15,2005,1.0,0,0,0,0,0,0,0,5,0,,,0,Matches
541,Ali Şaşal Vural,tr TUR,GK,Sivasspor,31,1990,25.0,2,0,0,0,6,0,0,1,0,,,0,Matches
542,Emre Satılmış,,GK,Sivasspor,24,1996,1.0,0,0,0,0,0,0,0,0,0,,,0,Matches
543,Enes Savucu,,FW,Yeni Mal'spor,17,2004,0.1,0,0,0,0,0,0,0,0,0,,,0,Matches
544,Gökhan Sazdağı,tr TUR,"MF,FW",Kayserispor,26,1994,10.7,2,0,0,18,10,3,13,2,11,,,0,Matches
545,Ibrahim Šehić,ba BIH,GK,Konyaspor,32,1988,37.0,7,0,0,1,5,0,0,0,0,,,0,Matches
546,Cengizhan Şen,,DF,Göztepe,16,2005,0.1,0,0,0,0,0,0,0,0,0,,,0,Matches
547,Muhammed Şengezer,tr TUR,GK,Başakşehir,24,1997,7.0,1,0,0,0,0,0,0,0,0,,,0,Matches
548,Tarkan Serbest,tr TUR,"DF,MF",Kasımpaşa,27,1994,25.0,10,0,0,28,16,1,5,33,16,,,0,Matches
549,Cemalil Sertel,tr TUR,DF,Rizespor,21,2000,24.8,2,0,0,18,15,2,62,49,50,,,0,Matches
550,Beykan Şimşek,tr TUR,MF,Göztepe,26,1995,1.7,0,1,0,5,4,1,6,2,0,,,0,Matches
Rk,Player,Nation,Pos,Squad,Age,Born,90s,CrdY,CrdR,2CrdY,Fls,Fld,Off,Crs,Int,TklW,PKwon,PKcon,OG,Matches
551,Doğukan Sınık,tr TUR,"MF,FW",Antalyaspor,22,1999,25.4,4,0,0,34,46,4,45,27,19,,,0,Matches
552,Emmanouil Siopis,gr GRE,MF,Alanyaspor,27,1994,1.0,1,0,0,1,3,0,0,0,1,,,0,Matches
553,Emmanouil Siopis,gr GRE,MF,Trabzonspor,27,1994,18.9,3,0,0,22,52,0,2,42,33,,,0,Matches
554,Guilherme Sityá,pt POR,DF,Konyaspor,31,1990,38.0,2,0,0,33,21,2,232,52,41,,,0,Matches
555,Nejc Skubic,si SVN,DF,Konyaspor,32,1989,34.4,7,0,0,27,31,14,69,46,28,,,0,Matches
556,José Sosa,ar ARG,MF,Fenerbahçe,36,1985,10.5,1,0,0,17,14,0,47,9,22,,,0,Matches
557,Josef de Souza,br BRA,MF,Beşiktaş,32,1989,29.0,9,1,0,47,33,0,7,50,35,,,0,Matches
558,Furkan Soyalp,tr TUR,MF,Gaziantep FK,26,1995,16.7,3,0,0,32,12,3,34,22,27,,,0,Matches
559,Uroš Spajić,rs SRB,DF,Kasımpaşa,28,1993,6.6,3,0,0,14,4,0,0,11,8,,,0,Matches
560,Benjamin Stambouli,fr FRA,MF,Adana Demirspor,30,1990,27.1,4,0,0,39,21,0,15,33,34,,,0,Matches
561,Luka Stankovski,mk MKD,MF,Gaziantep FK,18,2002,1.0,0,0,0,3,1,0,1,2,1,,,0,Matches
562,Magomed-Shapi Suleymanov,ru RUS,MF,Giresunspor,21,1999,22.3,4,0,0,17,55,3,54,10,18,,,0,Matches
563,Jonas Svensson,no NOR,DF,Adana Demirspor,28,1993,32.2,4,0,0,32,32,2,37,53,40,,,0,Matches
564,Attila Szalai,hu HUN,DF,Fenerbahçe,23,1998,24.8,6,0,0,25,6,0,21,38,25,,,0,Matches
565,Ravil Tagir,tr TUR,DF,Başakşehir,18,2003,6.2,0,0,0,2,1,0,1,9,6,,,0,Matches
566,Emirhan Tak,,FW,Sivasspor,18,2003,0.3,0,0,0,0,0,0,0,1,0,,,0,Matches
567,Tayyib Talha Sanuç,tr TUR,DF,Adana Demirspor,21,1999,22.9,3,0,0,17,9,4,1,23,9,,,1,Matches
568,Yusuf Talum,,MF,Göztepe,19,2001,0.0,0,0,0,0,0,0,0,0,0,,,0,Matches
569,Umut Tanis,,MF,Yeni Mal'spor,17,2004,2.2,0,0,0,1,1,0,0,3,4,,,0,Matches
570,Oussama Tannane,ma MAR,"FW,MF",Göztepe,27,1994,2.6,0,0,0,6,9,1,6,3,4,,,0,Matches
571,Emre Taşdemir,tr TUR,"DF,MF",Giresunspor,25,1995,5.1,1,0,0,5,6,2,38,5,5,,,0,Matches
572,Ertuğrul Taşkıran,tr TUR,GK,Kasımpaşa,31,1989,26.2,3,0,0,2,4,0,0,0,1,,,0,Matches
573,Efe Tatlı,,MF,Fatih Karagümrük,19,2002,3.3,1,0,0,6,5,0,0,3,2,,,0,Matches
574,Efe Tecimer,,FW,Rizespor,18,2003,0.4,0,0,0,0,0,0,0,0,2,,,0,Matches
575,Alex Teixeira,br BRA,"MF,FW",Beşiktaş,31,1990,13.8,3,0,0,21,13,8,8,6,13,,,0,Matches
Rk,Player,Nation,Pos,Squad,Age,Born,90s,CrdY,CrdR,2CrdY,Fls,Fld,Off,Crs,Int,TklW,PKwon,PKcon,OG,Matches
576,Mahmut Tekdemir,tr TUR,MF,Başakşehir,33,1988,22.4,4,0,0,29,45,3,12,13,22,,,0,Matches
577,Harun Tekin,tr TUR,GK,Kasımpaşa,32,1989,8.8,0,0,0,0,3,0,0,0,0,,,0,Matches
578,Selimcan Temel,,DF,Hatayspor,21,2000,1.4,1,0,0,7,3,0,7,2,4,,,0,Matches
579,Benjamin Tetteh,gh GHA,FW,Yeni Mal'spor,24,1997,22.2,4,0,0,39,46,35,22,2,6,,,0,Matches
580,Thaciano,br BRA,"MF,DF",Altay,26,1995,19.0,4,0,0,30,21,0,6,28,25,,,0,Matches
581,Khaly Thiam,sn SEN,"DF,MF",Altay,27,1994,26.0,7,1,1,34,22,1,8,54,28,,,0,Matches
582,David Tijanić,si SVN,"MF,FW",Göztepe,24,1997,18.0,0,0,0,10,26,4,30,10,8,,,0,Matches
583,Mickaël Tirpan,be BEL,"DF,MF",Kasımpaşa,27,1993,0.1,0,0,0,1,0,0,0,0,0,,,0,Matches
584,Marcel Tisserand,cd COD,DF,Fenerbahçe,28,1993,15.3,5,1,1,21,3,0,20,19,10,,,0,Matches
585,Dorukhan Toköz,tr TUR,"DF,MF",Trabzonspor,25,1996,23.4,2,0,0,35,35,3,11,45,63,,,1,Matches
586,Mehmet Topal,tr TUR,DF,Beşiktaş,35,1986,1.4,1,0,0,3,1,0,0,4,1,,,0,Matches
587,Cihan Topaloğlu,tr TUR,GK,Altay,29,1992,3.0,0,0,0,0,0,0,0,0,0,,,0,Matches
588,Emir Topçu,tr TUR,DF,Rizespor,20,2000,9.4,2,0,0,6,8,0,9,17,15,,,0,Matches
589,Yunus Toplu,,DF,Göztepe,16,2005,0.0,0,0,0,0,0,0,0,0,0,,,0,Matches
590,Gökhan Töre,tr TUR,MF,Beşiktaş,29,1992,2.9,0,0,0,4,3,3,16,0,3,,,0,Matches
591,Tunay Torun,tr TUR,FW,Fatih Karagümrük,31,1990,3.6,4,0,0,7,5,9,8,3,1,,,0,Matches
592,Tunay Torun,tr TUR,MF,Kasımpaşa,31,1990,1.3,1,0,0,4,2,0,5,1,2,,,0,Matches
593,Alin Toșca,ro ROU,DF,Gaziantep FK,29,1992,29.3,4,0,0,12,16,1,10,37,20,,,0,Matches
594,Abdoulaye Touré,gn GUI,MF,Fatih Karagümrük,27,1994,4.8,0,0,0,2,8,0,1,10,1,,,0,Matches
595,Adama Traoré,ml MLI,MF,Hatayspor,26,1995,14.4,4,0,0,10,42,0,33,12,8,,,0,Matches
596,Hamidou Traoré,ml MLI,MF,Giresunspor,24,1996,27.1,5,1,1,38,5,1,6,39,56,,,0,Matches
597,Michal Trávník,cz CZE,MF,Kasımpaşa,27,1994,19.2,9,0,0,37,30,3,58,9,20,,,0,Matches
598,Trézéguet,eg EGY,MF,Başakşehir,26,1994,11.5,1,0,0,17,12,2,18,21,7,,,0,Matches
599,Anders Trondsen,no NOR,DF,Trabzonspor,26,1995,6.9,1,0,0,6,7,0,9,9,9,,,0,Matches
600,Ozan Tufan,tr TUR,DF,Fenerbahçe,26,1995,1.9,0,0,0,1,2,0,2,0,2,,,0,Matches
Rk,Player,Nation,Pos,Squad,Age,Born,90s,CrdY,CrdR,2CrdY,Fls,Fld,Off,Crs,Int,TklW,PKwon,PKcon,OG,Matches
601,Arda Turan,tr TUR,"FW,MF",Galatasaray,34,1987,0.8,0,0,0,3,1,1,3,1,1,,,0,Matches
602,Yusuf Türk,,MF,Gaziantep FK,23,1998,0.5,1,0,0,1,0,0,1,1,0,,,0,Matches
603,Hüseyin Türkmen,tr TUR,DF,Trabzonspor,23,1998,7.8,6,1,1,6,6,0,2,15,3,,,0,Matches
604,Deniz Turuc,tr TUR,MF,Başakşehir,28,1993,21.2,6,0,0,28,29,4,130,9,15,,,0,Matches
605,Hüsamettin Tut,tr TUR,DF,Giresunspor,30,1991,0.5,0,1,0,2,0,0,0,0,0,,,0,Matches
606,Salih Uçan,tr TUR,MF,Beşiktaş,27,1994,4.9,3,1,1,7,4,1,9,4,3,,,0,Matches
607,Salih Uçan,tr TUR,MF,Başakşehir,27,1994,3.2,2,0,0,9,1,0,9,7,7,,,0,Matches
608,Adnan Ugur,be BEL,MF,Fatih Karagümrük,20,2001,13.0,5,0,0,28,19,1,2,9,17,,,0,Matches
609,Yigit Ulas,,MF,Yeni Mal'spor,17,2004,1.5,0,0,0,2,0,0,0,1,0,,,0,Matches
610,Oğulcan Ülgün,tr TUR,MF,Konyaspor,23,1998,7.4,3,0,0,20,19,3,3,14,9,,,0,Matches
611,Alper Uludağ,tr TUR,"DF,FW",Konyaspor,30,1990,0.1,0,0,0,1,0,0,0,0,0,,,0,Matches
612,Alper Uludağ,tr TUR,DF,Adana Demirspor,30,1990,5.7,3,0,0,5,4,0,22,6,8,,,0,Matches
613,Fredrik Ulvestad,no NOR,MF,Sivasspor,29,1992,10.7,2,0,0,11,9,0,3,8,10,,,0,Matches
614,Aminu Umar,ng NGA,MF,Rizespor,26,1995,15.1,3,0,0,20,32,8,28,22,29,,,0,Matches
615,Metehan Ünal,,MF,Yeni Mal'spor,17,2003,0.2,0,0,0,0,0,0,0,0,0,,,0,Matches
616,Tolga Ünlü,,DF,Altay,31,1989,8.4,1,0,0,12,5,0,29,10,9,,,0,Matches
617,Güvenc Usta,,FW,Rizespor,17,2004,0.3,0,0,0,0,1,0,0,0,0,,,0,Matches
618,Necip Uysal,tr TUR,"DF,MF",Beşiktaş,30,1991,17.3,2,1,0,30,13,0,9,34,28,,,0,Matches
619,Anthony Uzodimma,ng NGA,MF,Kayserispor,22,1999,1.6,0,0,0,1,5,0,1,1,4,,,0,Matches
620,Enner Valencia,ec ECU,"FW,MF",Fenerbahçe,31,1989,12.1,1,0,0,17,23,11,16,1,7,,,0,Matches
621,Kevin Varga,hu HUN,MF,Kasımpaşa,25,1996,6.5,1,0,0,0,2,0,10,4,2,,,0,Matches
622,Matías Vargas,ar ARG,MF,Adana Demirspor,24,1997,27.8,1,0,0,40,45,8,190,17,16,,,0,Matches
623,Amedej Vetrih,si SVN,"MF,DF",Gaziantep FK,30,1990,8.7,2,0,0,9,5,0,1,11,9,,,0,Matches
624,Domagoj Vida,hr CRO,DF,Beşiktaş,32,1989,26.6,6,0,0,22,27,2,2,54,13,,,0,Matches
625,Edin Višća,ba BIH,MF,Başakşehir,31,1990,16.0,1,0,0,10,6,1,91,7,10,,,0,Matches
Rk,Player,Nation,Pos,Squad,Age,Born,90s,CrdY,CrdR,2CrdY,Fls,Fld,Off,Crs,Int,TklW,PKwon,PKcon,OG,Matches
626,Edin Višća,ba BIH,MF,Trabzonspor,31,1990,16.9,2,0,0,13,15,3,93,14,11,,,0,Matches
627,Emiliano Viviano,it ITA,GK,Fatih Karagümrük,35,1985,38.0,2,0,0,0,7,0,0,0,0,,,0,Matches
628,Güray Vural,tr TUR,"DF,MF",Antalyaspor,33,1988,35.9,8,1,1,24,13,12,176,43,34,,,0,Matches
629,Wallace,br BRA,DF,Yeni Mal'spor,26,1994,17.6,3,0,0,6,13,1,1,19,11,,,0,Matches
630,Welinton,br BRA,DF,Beşiktaş,32,1989,19.8,10,0,0,32,22,2,6,51,48,,,0,Matches
631,Haji Wright,us USA,FW,Antalyaspor,23,1998,21.1,2,0,0,44,26,12,8,3,8,,,0,Matches
632,Güven Yalçın,tr TUR,"MF,FW",Beşiktaş,22,1999,10.8,3,0,0,23,6,1,13,6,7,,,0,Matches
633,Berat Yaman,,DF,Yeni Mal'spor,18,2002,1.3,0,0,0,1,0,0,0,0,1,,,0,Matches
634,Mert Yandaş,tr TUR,MF,Fenerbahçe,26,1994,15.9,9,0,0,24,29,3,87,15,18,,,0,Matches
635,Barış Yardımcı,tr TUR,DF,Konyaspor,28,1992,3.1,0,0,0,4,5,0,11,2,10,,,0,Matches
636,Erencan Yardimci,tr TUR,FW,Alanyaspor,19,2002,0.3,0,0,0,1,1,1,0,0,0,,,0,Matches
637,Erşan Yaşa,,DF,Yeni Mal'spor,20,2000,0.1,0,0,0,0,0,0,0,0,0,,,0,Matches
638,Karahan Yasir Subaşı,tr TUR,DF,Kayserispor,25,1996,8.5,2,0,0,8,8,4,21,12,9,,,1,Matches
639,Ahmed Yasser Rayan,eg EGY,"FW,MF",Altay,23,1998,9.4,4,0,0,11,14,1,3,3,5,,,0,Matches
640,Mustapha Yatabaré,ml MLI,FW,Sivasspor,35,1986,23.5,6,1,0,46,24,30,17,4,7,,,0,Matches
641,Zeki Yavru,tr TUR,"DF,MF",Giresunspor,29,1991,28.8,6,0,0,32,22,1,168,35,40,,,0,Matches
642,Uğurcan Yazgılı,tr TUR,DF,Konyaspor,22,1999,1.1,0,0,0,1,3,0,0,1,0,,,0,Matches
643,DeAndre Yedlin,us USA,DF,Galatasaray,28,1993,14.4,3,0,0,10,7,1,38,18,14,,,0,Matches
644,Erdoğan Yeşilyurt,,"MF,DF",Sivasspor,27,1993,22.3,7,0,0,14,28,3,112,20,26,,,0,Matches
645,Abdullah Yiğiter,,GK,Hatayspor,21,2000,4.0,0,0,0,0,0,0,0,1,0,,,0,Matches
646,Özkan Yiğiter,,MF,Sivasspor,21,2000,4.7,1,0,0,4,7,0,1,6,6,,,0,Matches
647,Bertuğ Yıldırım,tr TUR,FW,Hatayspor,19,2002,2.3,2,0,0,8,3,3,2,4,0,,,0,Matches
648,Muammer Yıldırım,tr TUR,GK,Sivasspor,30,1990,12.0,1,0,0,0,7,0,0,2,0,,,0,Matches
649,Zeki Yıldırım,tr TUR,MF,Altay,30,1991,18.1,6,0,0,28,20,1,14,29,25,,,0,Matches
650,Ahmet Yılmaz Çalık,tr TUR,DF,Konyaspor,27,1994,17.9,5,1,0,28,9,0,2,34,18,,,0,Matches
Rk,Player,Nation,Pos,Squad,Age,Born,90s,CrdY,CrdR,2CrdY,Fls,Fld,Off,Crs,Int,TklW,PKwon,PKcon,OG,Matches
651,Fatih Yılmaz,,DF,Giresunspor,19,2002,1.0,0,0,0,0,0,0,0,3,0,,,0,Matches
652,Kaan Yılmaz,tr TUR,FW,Giresunspor,17,2004,0.0,0,0,0,0,0,0,0,0,0,,,0,Matches
653,Rıdvan Yılmaz,tr TUR,"DF,MF",Beşiktaş,20,2001,22.7,4,0,0,19,10,0,82,36,22,,,1,Matches
654,Sefa Yılmaz,tr TUR,"MF,FW",Sivasspor,31,1990,5.0,1,0,0,15,12,3,11,5,6,,,0,Matches
655,Miha Zajc,si SVN,MF,Fenerbahçe,27,1994,24.6,4,0,0,35,24,1,35,23,22,,,0,Matches
656,Mehdi Zeffane,dz ALG,DF,Yeni Mal'spor,29,1992,9.0,1,0,0,9,4,1,39,11,9,,,0,Matches
657,Ersin Zehir,de GER,MF,Antalyaspor,23,1998,0.3,1,0,0,2,0,0,0,0,0,,,0,Matches
658,İsmail Zehir,tr TUR,MF,Alanyaspor,18,2003,0.2,0,0,0,1,0,0,0,0,0,,,0,Matches
659,Ulaş Zengin,,DF,Gaziantep FK,24,1997,0.7,0,0,0,0,0,0,0,2,0,,,0,Matches
660,Ervin Zukanović,ba BIH,DF,Fatih Karagümrük,34,1987,19.9,6,1,1,13,18,0,3,27,11,,,0,Matches
661,Peter Žulj,at AUT,MF,Başakşehir,28,1993,2.1,0,0,0,3,4,0,1,1,2,,,0,Matches
662,Damjan Đoković,hr CRO,MF,Adana Demirspor,31,1990,2.9,0,0,0,4,3,0,1,3,5,,,0,Matches
663,Damjan Đoković,hr CRO,MF,Rizespor,31,1990,16.4,1,0,0,16,9,1,11,17,8,,,0,Matches
