rk,player,nation,pos,squad,age,born,90s,crdy,crdr,2crdy,fls,fld,off,crs,int,tklw,pkwon,pkcon,og,recov,won,lost,won_aerial,matches
1,Saminu Abdullahi,ng NGA,MF,FC Juárez,23,2001,0.5,1,0,0,3,1,0,0,1,1,0,0,0,2,0,1,0.0,Matches
2,José Abella,mx MEX,DF,Santos,30,1994,16.8,2,0,0,10,17,1,74,20,22,0,0,0,64,27,18,60.0,Matches
3,José Abella,mx MEX,DF,FC Juárez,30,1994,11.3,3,0,0,10,8,0,15,14,14,0,0,0,43,13,8,61.9,Matches
4,Diego Abitia,mx MEX,FW,Atlético,21,2003,3.6,2,0,0,10,7,5,3,1,1,1,0,0,5,2,12,14.3,Matches
5,Carlos Acevedo,mx MEX,GK,Santos,28,1996,33.0,1,0,0,0,2,0,0,0,0,0,0,0,38,6,0,100.0,Matches
6,Alonso Aceves,mx MEX,DF,Pachuca,23,2001,14.8,2,0,0,12,9,0,17,12,21,0,0,0,86,25,22,53.2,Matches
7,Gilberto Adame,mx MEX,"DF,MF",Mazatlán,19,2004,4.6,0,0,0,4,5,0,23,0,7,0,0,0,19,3,2,60.0,Matches
8,Sergio Aguayo,us USA,FW,Pachuca,21,2002,1.8,1,0,0,2,4,2,0,0,2,0,0,0,4,6,6,50.0,Matches
9,Eduardo Águila,mx MEX,DF,Atlético,22,2002,30.0,4,0,0,22,8,0,1,33,26,0,0,0,109,52,44,54.2,Matches
10,Eduardo Aguirre,mx MEX,"FW,MF",Atlas,25,1998,24.4,4,0,0,27,48,7,26,4,11,1,0,0,42,46,76,37.7,Matches
11,Érick Aguirre,mx MEX,DF,Monterrey,27,1997,10.4,3,0,0,12,4,3,33,18,19,0,2,0,44,12,10,54.5,Matches
12,Gaddi Aguirre,mx MEX,DF,Atlas,28,1996,11.7,7,1,1,25,9,0,6,27,13,0,0,0,43,33,15,68.8,Matches
13,Rodrigo Aguirre,uy URU,"FW,MF",América,29,1994,9.8,7,0,0,26,10,2,6,2,14,0,0,0,27,28,22,56.0,Matches
14,Jorge Agustín Rodríguez,ar ARG,"MF,DF",Monterrey,28,1995,26.5,5,0,0,31,14,0,3,33,50,0,0,0,133,36,29,55.4,Matches
15,Arnaud Ake,ci CIV,FW,Querétaro,26,1998,2.6,0,0,0,3,3,2,0,1,1,0,0,0,6,4,6,40.0,Matches
16,Jesús Alberto Angulo,mx MEX,DF,UANL,26,1998,26.3,6,0,0,46,46,1,31,36,44,0,0,0,138,35,25,58.3,Matches
17,Gil Alcalá,mx MEX,GK,UNAM,32,1992,4.0,0,0,0,0,0,0,0,0,0,0,0,0,13,1,0,100.0,Matches
18,Jesús Alcantar,mx MEX,DF,Necaxa,21,2003,6.8,1,0,0,6,1,0,0,13,5,0,0,0,17,16,8,66.7,Matches
19,Jordy Alcivar,ec ECU,"MF,FW",León,24,1999,4.4,0,0,0,6,2,0,10,5,1,0,1,0,28,1,2,33.3,Matches
20,Luis Alfonso Rodríguez,mx MEX,DF,Pachuca,33,1991,15.3,3,0,0,21,14,1,36,24,26,0,1,0,75,8,11,42.1,Matches
21,Guillermo Allison,mx MEX,GK,Querétaro,33,1990,25.0,4,0,0,2,2,0,0,0,1,0,2,0,40,7,1,87.5,Matches
22,Facundo Almada,ar ARG,DF,Mazatlán,26,1998,19.5,3,1,0,24,5,0,4,16,15,0,1,0,79,25,22,53.2,Matches
23,Carlos Alonso Vargas,mx MEX,"DF,FW",Cruz Azul,25,1999,0.6,0,0,0,3,2,0,3,1,1,0,0,0,2,1,1,50.0,Matches
24,Alfonso Alvarado,mx MEX,"FW,MF",Monterrey,24,2000,4.1,0,0,0,3,4,0,1,1,2,0,0,0,6,7,17,29.2,Matches
25,Alfonso Alvarado,mx MEX,"FW,MF",León,24,2000,8.4,1,0,0,10,2,2,4,0,8,0,0,0,22,24,20,54.5,Matches
Rk,Player,Nation,Pos,Squad,Age,Born,90s,CrdY,CrdR,2CrdY,Fls,Fld,Off,Crs,Int,TklW,PKwon,PKcon,OG,Recov,Won,Lost,Won%,Matches
26,Daniel Alvarado,mx MEX,MF,América,19,2004,0.0,0,0,0,0,0,0,0,0,0,0,0,0,0,0,0,,Matches
27,Roberto Alvarado,mx MEX,"MF,FW",Guadalajara,25,1998,26.3,5,0,0,32,36,5,138,11,21,0,0,0,100,16,20,44.4,Matches
28,Ventura Alvarado,us USA,DF,Mazatlán,31,1992,4.4,0,0,0,1,0,0,0,6,2,0,0,0,11,6,2,75.0,Matches
29,Antonio Álvarez,mx MEX,"FW,MF",América,20,2003,1.3,0,0,0,1,3,0,3,0,1,0,0,0,2,0,0,,Matches
30,Daniel Álvarez,mx MEX,"MF,FW",Puebla,30,1994,5.9,1,0,0,5,7,1,23,0,4,0,0,0,20,6,11,35.3,Matches
31,Efrain Alvarez,mx MEX,"FW,MF",Tijuana,22,2002,24.9,1,0,0,10,14,2,105,8,20,0,0,0,112,2,10,16.7,Matches
32,Gael Álvarez,mx MEX,FW,Pachuca,18,2006,2.5,0,0,0,2,5,1,9,1,5,0,0,0,15,0,1,0.0,Matches
33,Jaime Alvarez,mx MEX,"FW,MF",FC Juárez,21,2003,0.5,0,0,0,1,0,1,1,0,0,0,0,0,1,0,0,,Matches
34,Jaime Alvarez,mx MEX,"FW,MF",Tijuana,21,2003,3.8,0,0,0,3,2,1,18,0,1,0,0,0,12,1,0,100.0,Matches
35,Kevin Álvarez,mx MEX,DF,América,25,1999,15.2,2,1,0,19,13,1,41,13,18,1,0,0,44,8,13,38.1,Matches
36,Luis Amarilla,py PAR,FW,Mazatlán,28,1995,15.5,2,0,0,13,15,5,3,5,13,1,0,0,39,43,35,55.1,Matches
37,Frankie Amaya,us USA,MF,Toluca,23,2000,4.0,1,0,0,4,5,0,4,10,9,0,0,0,12,4,3,57.1,Matches
38,Fidel Ambríz,mx MEX,MF,Monterrey,21,2003,13.3,2,0,0,24,12,0,2,15,20,0,1,0,56,20,16,55.6,Matches
39,Fidel Ambríz,mx MEX,MF,León,21,2003,4.7,0,0,0,5,0,0,1,6,10,0,1,0,19,5,10,33.3,Matches
40,Bruno Amione,ar ARG,DF,Santos,22,2002,16.9,2,0,0,10,25,0,9,23,21,0,0,0,67,39,16,70.9,Matches
41,Esteban Andrada,ar ARG,GK,Monterrey,33,1991,24.0,5,0,0,0,2,0,0,0,1,0,0,0,38,11,2,84.6,Matches
42,Alejandro Andrade,mx MEX,"MF,DF",Necaxa,22,2001,5.7,1,1,0,9,3,1,4,4,6,0,0,0,23,10,4,71.4,Matches
43,Luis Ángel Malagón,mx MEX,GK,América,27,1997,28.5,1,0,0,0,3,0,0,0,0,0,0,0,65,7,0,100.0,Matches
44,Brayan Angulo,co COL,"DF,MF",Puebla,34,1989,28.1,6,2,1,35,24,0,54,34,41,0,0,0,166,23,26,46.9,Matches
45,Jesús Angulo,mx MEX,"MF,FW",Toluca,27,1997,20.1,1,0,0,11,22,1,57,6,19,0,0,0,82,3,9,25.0,Matches
46,José Antonio Rodríguez,mx MEX,GK,Tijuana,32,1992,20.9,1,0,0,0,1,0,0,0,1,0,0,0,35,4,0,100.0,Matches
47,Uriel Antuna,mx MEX,"FW,MF",Cruz Azul,26,1997,2.6,0,0,0,1,1,2,7,0,0,0,0,0,6,0,4,0.0,Matches
48,Uriel Antuna,mx MEX,"FW,MF",UANL,26,1997,8.7,1,0,0,6,14,9,52,6,8,1,0,0,36,8,9,47.1,Matches
49,Javier Aquino,mx MEX,DF,UANL,34,1990,29.0,7,1,1,33,31,1,81,62,56,0,0,0,138,27,25,51.9,Matches
50,Pedro Aquino,pe PER,MF,Santos,29,1995,7.4,4,1,0,11,17,0,2,9,6,0,1,0,49,10,8,55.6,Matches
Rk,Player,Nation,Pos,Squad,Age,Born,90s,CrdY,CrdR,2CrdY,Fls,Fld,Off,Crs,Int,TklW,PKwon,PKcon,OG,Recov,Won,Lost,Won%,Matches
51,Diego Araujo,mx MEX,MF,Querétaro,21,2003,1.2,0,0,0,0,2,0,0,2,2,0,0,0,9,1,2,33.3,Matches
52,Maximiliano Araújo,uy URU,FW,Toluca,24,2000,1.1,1,0,0,1,5,0,2,0,1,0,0,0,5,1,0,100.0,Matches
53,Néstor Araujo,mx MEX,DF,América,32,1991,13.4,1,0,0,11,1,2,0,18,15,0,0,0,43,39,18,68.4,Matches
54,Fernando Arce Jr.,us USA,"MF,FW",Puebla,27,1996,2.2,2,0,0,5,2,0,1,2,2,1,0,0,1,2,1,66.7,Matches
55,Fernando Arce Jr.,us USA,MF,Necaxa,27,1996,11.5,5,0,0,17,6,0,4,25,24,0,0,0,39,10,11,47.6,Matches
56,Ramiro Árciga,mx MEX,"MF,FW",Tijuana,19,2004,3.3,3,0,0,8,4,2,24,5,2,0,1,0,14,1,4,20.0,Matches
57,Ramiro Árciga,mx MEX,"MF,FW",Mazatlán,19,2004,10.6,2,0,0,18,10,8,47,3,21,0,0,0,56,3,10,23.1,Matches
58,Eduardo Armenta,mx MEX,MF,Querétaro,22,2001,2.3,0,0,0,4,0,0,1,0,9,0,0,0,5,1,1,50.0,Matches
59,Aarón Arredondo,mx MEX,MF,América,21,2003,2.0,0,0,0,1,1,0,2,2,2,0,0,0,10,0,1,0.0,Matches
60,Diego Arriaga,mx MEX,"FW,MF",América,20,2004,1.6,1,0,0,1,1,3,0,0,1,0,0,0,3,0,0,,Matches
61,Gerardo Arteaga,mx MEX,DF,Monterrey,25,1998,25.5,3,0,0,14,26,2,56,27,33,0,0,0,86,26,11,70.3,Matches
62,Víctor Arteaga,mx MEX,MF,Toluca,20,2004,9.2,5,1,1,13,2,0,4,15,11,0,0,0,40,4,6,40.0,Matches
63,Ali Ávila,mx MEX,"FW,MF",UNAM,20,2003,2.5,0,0,0,9,4,0,2,0,3,1,0,0,18,2,8,20.0,Matches
64,Ettson Ayon,mx MEX,FW,León,23,2001,5.8,0,0,0,13,9,7,2,1,3,1,0,0,8,9,19,32.1,Matches
65,Angel Azuaje,ve VEN,DF,UNAM,19,2004,2.4,2,0,0,6,0,0,0,0,2,0,1,0,7,6,3,66.7,Matches
66,Tomás Badaloni,ar ARG,FW,Necaxa,24,2000,10.3,2,0,0,20,8,11,2,3,1,0,0,0,30,47,44,51.6,Matches
67,Claudio Baeza,cl CHI,"MF,DF",Toluca,30,1993,11.3,4,0,0,23,4,0,2,15,8,0,0,0,61,9,11,45.0,Matches
68,Kevin Balanta,co COL,DF,Tijuana,27,1997,7.6,1,0,0,12,4,0,1,8,11,0,0,0,51,12,9,57.1,Matches
69,Fidel Barajas,mx MEX,"MF,FW",Guadalajara,18,2006,1.0,0,0,0,1,1,0,6,0,0,0,0,0,6,2,3,40.0,Matches
70,Víctor Barajas,mx MEX,DF,León,21,2003,0.0,0,1,0,1,0,0,4,0,0,0,0,0,0,0,0,,Matches
71,Diego Barbosa,mx MEX,DF,Toluca,27,1996,10.8,2,0,0,22,5,0,22,19,40,0,0,0,52,5,9,35.7,Matches
72,Diego Barbosa,mx MEX,DF,Tijuana,27,1996,2.7,0,0,0,3,5,0,2,3,6,0,0,0,8,1,5,16.7,Matches
73,Jaine Barreiro,co COL,DF,León,30,1994,33.7,7,0,0,46,26,4,4,60,47,0,0,0,155,78,42,65.0,Matches
74,Pablo Barrera,mx MEX,"MF,FW",Querétaro,37,1987,23.4,1,0,0,2,23,5,168,6,17,0,0,0,97,10,17,37.0,Matches
75,Sergio Barreto,ar ARG,DF,Pachuca,25,1999,18.2,6,1,1,28,7,0,0,21,16,0,0,0,49,52,28,65.0,Matches
Rk,Player,Nation,Pos,Squad,Age,Born,90s,CrdY,CrdR,2CrdY,Fls,Fld,Off,Crs,Int,TklW,PKwon,PKcon,OG,Recov,Won,Lost,Won%,Matches
76,Bruno Barticciotto,cl CHI,FW,Santos,23,2001,7.4,2,0,0,13,4,3,1,2,3,0,0,0,21,8,19,29.6,Matches
77,Abraham Bass,mx MEX,MF,Atlas,22,2001,0.1,0,0,0,1,1,0,0,0,0,0,0,0,0,0,0,,Matches
78,Borja Bastón,es ESP,FW,Pachuca,31,1992,3.9,0,0,0,6,3,2,2,0,1,0,0,0,6,6,18,25.0,Matches
79,Alán Bautista,mx MEX,MF,Pachuca,21,2002,9.9,0,0,0,5,15,2,17,13,12,0,0,0,58,5,5,50.0,Matches
80,Paul Bellón,mx MEX,DF,León,27,1997,28.3,8,0,0,27,8,0,0,33,28,0,0,1,72,58,41,58.6,Matches
81,Fernando Beltrán,mx MEX,"MF,FW",Guadalajara,26,1998,20.4,3,0,0,12,36,2,54,13,25,0,0,0,107,4,6,40.0,Matches
82,Nicolás Benedetti,co COL,"FW,MF",Mazatlán,27,1997,14.2,7,0,0,21,37,7,116,3,19,0,0,0,71,3,9,25.0,Matches
83,Darío Benedetto,ar ARG,FW,Querétaro,34,1990,4.7,0,0,0,2,6,3,4,1,0,0,0,0,7,10,6,62.5,Matches
84,Pablo Bennevendo Peña,mx MEX,DF,UNAM,24,2000,27.0,3,0,0,29,28,1,25,42,41,0,0,0,102,24,32,42.9,Matches
85,Jorge Berlanga,mx MEX,DF,Pachuca,21,2003,11.2,5,1,1,19,2,1,7,27,18,0,0,0,33,15,7,68.2,Matches
86,Germán Berterame,mx MEX,FW,Monterrey,25,1998,26.0,4,2,0,15,21,13,7,8,13,1,0,0,55,29,46,38.7,Matches
87,Unai Bilbao,es ESP,DF,Tijuana,30,1994,26.2,4,1,0,19,12,0,2,47,32,0,1,0,92,57,34,62.6,Matches
88,Alfonso Blanco Antúnez,mx MEX,GK,León,37,1987,26.0,3,0,0,0,0,0,0,0,1,0,0,0,47,3,3,50.0,Matches
89,Domingo Blanco,ar ARG,"FW,MF",Tijuana,29,1995,16.7,3,0,0,26,33,4,44,9,23,1,0,0,47,5,12,29.4,Matches
90,Rodrigo Bogarín,py PAR,"MF,FW",Querétaro,27,1997,7.9,3,1,1,10,5,0,7,11,5,0,0,0,21,6,3,66.7,Matches
91,Mateusz Bogusz,pl POL,"MF,FW",Cruz Azul,22,2001,8.0,2,0,0,14,17,2,18,1,11,0,0,0,24,2,4,33.3,Matches
92,Franck Boli,ci CIV,FW,Atlético,30,1993,9.0,1,0,0,4,18,7,0,3,1,0,0,0,33,10,17,37.0,Matches
93,Léo Bonatini,br BRA,FW,Atlético,30,1994,11.8,0,0,0,5,12,2,3,4,3,0,0,0,24,4,12,25.0,Matches
94,Cristian Borja,co COL,DF,América,31,1993,14.7,0,0,0,13,14,2,34,16,24,0,0,0,54,12,7,63.2,Matches
95,Frank Boya,cm CMR,MF,Tijuana,28,1996,8.2,5,0,0,19,10,1,1,15,7,0,0,0,38,22,12,64.7,Matches
96,Juan Brigido,mx MEX,"FW,MF",Pachuca,22,2001,0.6,0,0,0,1,1,0,7,0,0,0,0,0,5,0,0,,Matches
97,Antonio Briseño,mx MEX,DF,Toluca,30,1994,3.2,0,0,0,0,1,0,0,1,1,0,0,0,9,7,3,70.0,Matches
98,Antonio Briseño,mx MEX,DF,Guadalajara,30,1994,6.0,2,0,0,6,6,1,0,12,7,1,0,0,18,20,12,62.5,Matches
99,Isaác Brizuela,mx MEX,"MF,DF",Guadalajara,33,1990,1.4,1,0,0,3,3,2,7,2,0,0,0,0,8,1,3,25.0,Matches
100,Juan Brunetta,ar ARG,MF,UANL,27,1997,24.7,2,1,0,17,42,7,145,7,13,1,0,0,106,4,11,26.7,Matches
Rk,Player,Nation,Pos,Squad,Age,Born,90s,CrdY,CrdR,2CrdY,Fls,Fld,Off,Crs,Int,TklW,PKwon,PKcon,OG,Recov,Won,Lost,Won%,Matches
101,Gustavo Cabral,ar ARG,DF,Pachuca,38,1985,12.1,3,1,0,6,4,0,0,24,8,0,0,0,59,33,21,61.1,Matches
102,Luciano Cabral,cl CHI,"FW,MF",León,29,1995,11.9,3,1,0,13,14,2,35,2,6,0,0,0,66,7,16,30.4,Matches
103,Sebastián Cáceres,uy URU,DF,América,24,1999,9.1,0,0,0,5,15,0,1,20,16,0,0,0,37,23,17,57.5,Matches
104,Jhonder Cádiz,ve VEN,FW,León,29,1995,23.3,5,0,0,31,45,25,12,1,9,1,0,0,27,83,73,53.2,Matches
105,José Caicedo,co COL,MF,UNAM,22,2002,31.9,7,0,0,36,31,0,2,32,44,0,0,0,155,54,36,60.0,Matches
106,Cristian Calderón,mx MEX,DF,América,27,1997,18.3,4,0,0,23,9,3,30,22,27,0,0,0,87,24,16,60.0,Matches
107,Francisco Calvo,cr CRC,DF,FC Juárez,32,1992,3.0,1,0,0,2,1,0,0,1,4,0,0,0,21,7,5,58.3,Matches
108,Raúl Camacho,mx MEX,"FW,DF",Mazatlán,22,2002,3.8,2,0,0,7,4,4,1,1,1,0,0,0,11,7,26,21.2,Matches
109,Hugo Camberos,mx MEX,"FW,MF",Guadalajara,18,2006,9.7,0,0,0,9,23,2,34,8,20,1,0,1,29,9,10,47.4,Matches
110,Diber Cambindo,co COL,FW,Necaxa,28,1996,24.0,5,0,0,59,20,14,6,5,7,0,0,0,43,59,55,51.8,Matches
111,Diego Campillo,mx MEX,MF,FC Juárez,22,2001,24.5,5,0,0,23,32,0,15,40,19,0,0,0,124,13,10,56.5,Matches
112,Omar Campos,mx MEX,DF,Cruz Azul,22,2002,1.6,0,0,0,1,5,0,7,1,2,0,0,0,2,3,0,100.0,Matches
113,Sergio Canales,es ESP,"MF,FW",Monterrey,33,1991,29.3,4,0,0,15,56,7,176,11,13,0,1,0,119,5,13,27.8,Matches
114,Luis Cañamar,mx MEX,DF,Atlético,22,2002,1.0,1,0,0,1,0,0,0,0,3,0,0,0,8,1,1,50.0,Matches
115,Camilo Cándido,uy URU,"DF,MF",Cruz Azul,29,1995,2.5,0,1,0,4,0,2,7,2,9,0,0,0,14,1,2,33.3,Matches
116,Luis Cárdenas,mx MEX,GK,Monterrey,30,1993,10.0,0,0,0,0,1,0,0,1,0,0,0,0,20,0,0,,Matches
117,Rafael Carioca,br BRA,MF,UANL,35,1989,15.7,1,0,0,13,22,0,13,9,21,0,0,0,139,8,6,57.1,Matches
118,Jan Carmona,mx MEX,"MF,FW",FC Juárez,20,2004,1.2,2,0,0,2,4,0,0,2,0,0,0,0,4,0,2,0.0,Matches
119,Héctor Carranza,mx MEX,MF,Santos,20,2004,0.1,0,0,0,1,1,0,0,0,0,0,0,0,0,0,1,0.0,Matches
120,Adalberto Carrasquilla,pa PAN,MF,UNAM,25,1998,11.2,4,0,0,20,16,0,17,7,7,1,0,0,59,4,7,36.4,Matches
121,Jordan Carrillo,mx MEX,"MF,FW",Santos,22,2001,15.4,2,0,0,24,71,0,76,7,15,0,0,0,85,5,16,23.8,Matches
122,Stephano Carrillo,mx MEX,"FW,MF",Santos,18,2006,4.5,1,0,0,9,8,3,2,1,2,1,0,0,9,8,21,27.6,Matches
123,Guilherme Carvalho,br BRA,MF,FC Juárez,24,1999,24.2,5,0,0,41,30,0,141,29,21,0,0,0,107,8,21,27.6,Matches
124,Kevin Castañeda,mx MEX,"MF,FW",Tijuana,24,1999,21.9,2,0,0,11,23,3,42,10,8,0,0,0,85,10,15,40.0,Matches
125,Christian Castillo,mx MEX,FW,Querétaro,21,2003,0.5,1,0,0,1,0,0,0,0,0,0,0,0,1,0,2,0.0,Matches
Rk,Player,Nation,Pos,Squad,Age,Born,90s,CrdY,CrdR,2CrdY,Fls,Fld,Off,Crs,Int,TklW,PKwon,PKcon,OG,Recov,Won,Lost,Won%,Matches
126,Klever Castillo,mx MEX,FW,Toluca,18,2005,0.8,0,0,0,2,0,0,0,0,1,0,0,0,2,0,0,,Matches
127,Moises Castillo,co COL,DF,FC Juárez,23,2001,21.5,9,1,0,18,10,0,3,36,40,0,0,1,97,41,19,68.3,Matches
128,José Castillo Pérez,mx MEX,DF,Guadalajara,22,2001,25.0,4,1,1,25,8,2,25,20,29,0,0,0,93,21,22,48.8,Matches
129,Raúl Castillo,mx MEX,"MF,FW",Puebla,22,2001,16.6,7,0,0,30,20,8,82,9,18,1,0,0,77,4,17,19.0,Matches
130,Christopher Castro,mx MEX,DF,Mazatlán,19,2005,1.2,0,0,0,1,0,0,0,4,1,0,0,0,3,0,0,,Matches
131,Manuel Castro,uy URU,"MF,FW",FC Juárez,28,1995,1.0,0,0,0,1,3,0,5,1,1,1,0,0,8,3,5,37.5,Matches
132,Lucas Cavallini,ca CAN,FW,Puebla,31,1992,3.6,1,0,0,9,7,1,2,1,1,0,0,0,8,12,12,50.0,Matches
133,Alan Cervantes,mx MEX,MF,Santos,26,1998,1.0,1,0,0,2,1,0,0,1,2,0,0,0,3,2,1,66.7,Matches
134,Alan Cervantes,mx MEX,MF,América,26,1998,14.4,1,0,0,23,18,0,5,15,32,0,0,0,65,11,16,40.7,Matches
135,Luís Cervantes,mx MEX,DF,León,23,2001,0.4,0,0,0,0,0,0,1,0,2,0,0,1,0,1,0,100.0,Matches
136,Ángel Chávez,mx MEX,DF,Necaxa,19,2005,0.1,0,0,0,0,0,0,1,0,0,0,0,0,0,1,0,100.0,Matches
137,Mateo Chávez,mx MEX,DF,Guadalajara,20,2004,19.9,9,0,0,40,23,5,57,19,66,0,0,0,96,14,13,51.9,Matches
138,Ricardo Chávez Soto,mx MEX,"DF,MF",Atlético,29,1994,13.7,3,0,0,23,13,4,51,15,12,0,0,0,35,18,11,62.1,Matches
139,Ricardo Chávez Soto,mx MEX,DF,Monterrey,29,1994,11.3,3,0,0,17,9,2,40,8,23,0,0,0,33,23,15,60.5,Matches
140,Ronaldo Cisneros,mx MEX,FW,Querétaro,27,1997,8.2,0,0,0,2,10,6,6,6,3,0,0,0,17,11,31,26.2,Matches
141,Matías Cóccaro,uy URU,"FW,MF",Atlas,26,1997,2.4,2,0,0,6,10,3,3,0,0,0,0,0,6,5,9,35.7,Matches
142,Josué Colmán,py PAR,"MF,FW",Querétaro,26,1998,8.4,0,0,0,2,3,1,35,5,8,0,0,0,34,1,1,50.0,Matches
143,Josué Colmán,py PAR,"MF,DF",Mazatlán,26,1998,6.1,0,0,0,1,5,3,34,2,2,0,0,0,22,0,5,0.0,Matches
144,Bryan Colula,mx MEX,DF,Mazatlán,28,1996,24.5,7,0,0,37,23,3,39,22,44,1,0,0,98,35,27,56.5,Matches
145,Francisco Contreras,mx MEX,"DF,MF",Tijuana,25,1999,7.3,0,0,0,8,7,2,7,13,21,0,0,0,30,7,11,38.9,Matches
146,Mario Cordero,mx MEX,FW,Santos,20,2003,0.1,0,0,0,0,0,0,0,0,0,0,0,0,0,0,0,,Matches
147,Jesús Corona,mx MEX,"FW,MF",Monterrey,31,1993,14.6,2,0,0,12,33,6,89,7,21,0,0,0,69,7,7,50.0,Matches
148,Joe Corona,us USA,MF,Tijuana,34,1990,10.9,4,0,0,18,11,0,4,15,15,0,0,0,58,15,19,44.1,Matches
149,José Corona,mx MEX,GK,Tijuana,43,1981,10.1,0,0,0,0,0,0,0,0,0,0,0,0,19,1,0,100.0,Matches
150,Rogelio Cortéz Pineda,mx MEX,"FW,MF",Necaxa,20,2004,1.9,0,0,0,1,2,0,5,0,3,0,0,0,14,1,0,100.0,Matches
Rk,Player,Nation,Pos,Squad,Age,Born,90s,CrdY,CrdR,2CrdY,Fls,Fld,Off,Crs,Int,TklW,PKwon,PKcon,OG,Recov,Won,Lost,Won%,Matches
151,Jordi Cortizo,mx MEX,"MF,FW",Monterrey,28,1996,10.2,5,0,0,16,35,2,13,7,16,0,0,0,47,3,9,25.0,Matches
152,Rodolfo Cota,mx MEX,GK,América,37,1987,5.5,0,0,0,0,1,0,0,0,1,0,0,0,15,1,0,100.0,Matches
153,Cade Cowell,us USA,"FW,MF",Guadalajara,20,2003,13.6,0,1,0,17,14,4,54,2,12,0,0,0,42,9,24,27.3,Matches
154,Aldo Cruz,mx MEX,DF,Atlético,26,1997,26.7,1,0,0,6,17,1,38,19,34,0,0,0,110,33,27,55.0,Matches
155,Cristián Dajome,co COL,"FW,MF",Santos,30,1994,7.6,0,1,0,13,16,6,15,4,8,0,0,0,21,9,15,37.5,Matches
156,Jürgen Damm,mx MEX,DF,Atlético,31,1992,0.3,0,0,0,0,0,0,1,0,2,0,0,0,1,0,0,,Matches
157,Jesús David Murillo,co COL,DF,FC Juárez,30,1994,8.7,4,0,0,12,8,0,0,11,16,0,0,0,36,18,3,85.7,Matches
158,José David Ramírez,mx MEX,"MF,DF",León,28,1995,13.4,1,0,0,9,16,2,15,12,16,0,0,0,57,11,10,52.4,Matches
159,Víctor Dávila,cl CHI,"FW,MF",América,26,1997,12.8,1,0,0,11,26,15,24,1,7,0,0,0,35,14,18,43.8,Matches
160,Diego De Buen,mx MEX,MF,Puebla,33,1991,15.9,2,0,0,14,5,0,2,21,13,0,1,0,55,24,22,52.2,Matches
161,Diego De Buen,mx MEX,"MF,DF",Necaxa,33,1991,8.1,3,0,0,5,0,0,5,7,8,0,0,0,26,11,8,57.9,Matches
162,Sergio De los Ríos,mx MEX,"MF,DF",Pachuca,21,2003,1.2,0,0,0,2,2,0,3,1,1,0,0,0,9,3,0,100.0,Matches
163,Gustavo Del Prete,ar ARG,"MF,FW",Atlas,28,1996,6.2,0,0,0,8,17,0,29,5,8,0,0,0,25,3,6,33.3,Matches
164,Gustavo Del Prete,ar ARG,"MF,FW",Mazatlán,28,1996,2.6,1,0,0,4,5,0,6,0,2,0,0,0,13,2,3,40.0,Matches
165,Everardo Del Villar,mx MEX,DF,Toluca,19,2005,8.6,2,0,0,15,0,0,2,9,12,0,0,0,23,3,12,20.0,Matches
166,Diego Delgadillo,mx MEX,FW,Guadalajara,20,2004,0.1,0,0,0,0,0,0,0,1,0,0,0,0,1,0,0,,Matches
167,Arturo Delgado,mx MEX,GK,FC Juárez,22,2002,2.0,0,0,0,0,0,0,0,0,0,0,0,0,3,0,0,,Matches
168,Nelson Deossa,co COL,MF,Pachuca,24,2000,13.5,5,0,0,27,51,0,20,9,18,0,0,0,82,24,16,60.0,Matches
169,Nelson Deossa,co COL,"MF,FW",Monterrey,24,2000,12.1,2,0,0,22,45,1,12,7,29,1,0,0,71,17,12,58.6,Matches
170,Benny Díaz,mx MEX,GK,FC Juárez,25,1998,11.0,3,0,0,1,0,0,0,1,0,0,1,0,19,1,0,100.0,Matches
171,Nicolás Díaz Huincales,cl CHI,DF,Tijuana,25,1999,7.5,2,0,0,10,13,1,7,6,13,0,0,0,36,9,7,56.3,Matches
172,Jair Díaz,mx MEX,DF,Mazatlán,25,1998,22.7,9,0,0,31,8,1,33,18,28,0,0,0,70,22,34,39.3,Matches
173,Javairô Dilrosun,nl NED,"FW,MF",América,26,1998,11.7,3,0,0,7,15,0,30,5,10,0,0,0,38,2,5,28.6,Matches
174,Willer Ditta,co COL,DF,Cruz Azul,27,1997,32.7,8,0,0,37,12,0,5,35,27,0,0,0,174,51,29,63.8,Matches
175,Alexei Dominguez,mx MEX,"FW,MF",Pachuca,19,2005,1.9,1,0,0,4,3,0,8,4,9,0,0,0,10,0,0,,Matches
Rk,Player,Nation,Pos,Squad,Age,Born,90s,CrdY,CrdR,2CrdY,Fls,Fld,Off,Crs,Int,TklW,PKwon,PKcon,OG,Recov,Won,Lost,Won%,Matches
176,Idekel Domínguez,mx MEX,DF,Atlas,24,2000,6.5,1,0,0,8,8,1,13,8,15,0,0,0,20,6,9,40.0,Matches
177,Joel Domínguez,mx MEX,MF,Monterrey,19,2005,0.0,0,0,0,0,0,0,0,0,1,0,0,0,0,1,0,100.0,Matches
178,Jose Domínguez,py PAR,DF,Querétaro,28,1996,20.5,6,2,1,16,14,0,1,18,19,0,0,0,84,34,24,58.6,Matches
179,Juan Domínguez,mx MEX,"FW,MF",Toluca,25,1998,16.4,1,0,0,17,20,5,35,6,14,0,0,0,74,2,15,11.8,Matches
180,Julio Domínguez,mx MEX,DF,Atlético,36,1987,19.9,3,0,0,12,8,0,1,18,10,0,0,0,64,24,26,48.0,Matches
181,Misael Domínguez,mx MEX,"FW,MF",Querétaro,24,1999,0.9,0,0,0,0,0,0,0,0,2,0,0,0,3,0,0,,Matches
182,Dória,br BRA,DF,Atlas,29,1994,29.0,9,0,0,33,22,0,3,35,22,1,0,0,94,56,30,65.1,Matches
183,Jonathan dos Santos,mx MEX,MF,América,34,1990,12.5,4,0,0,13,21,0,5,18,25,0,0,0,98,2,2,50.0,Matches
184,Rodrigo Dourado,br BRA,MF,Atlético,30,1994,32.7,9,0,0,65,34,0,9,48,53,0,1,0,165,39,38,50.6,Matches
185,Anderson Duarte,uy URU,"MF,FW",Toluca,20,2004,1.5,0,0,0,4,4,0,5,1,1,0,0,0,5,1,2,33.3,Matches
186,Anderson Duarte,uy URU,"FW,MF",Mazatlán,20,2004,6.5,4,0,0,23,11,3,6,1,10,0,0,0,15,3,9,25.0,Matches
187,Rubén Duarte,es ESP,DF,UNAM,28,1995,25.5,5,0,0,23,18,1,34,36,29,0,0,0,130,40,19,67.8,Matches
188,Jeyson Duran,mx MEX,MF,Cruz Azul,19,2005,0.1,0,0,0,0,0,0,0,0,0,0,0,0,0,0,0,,Matches
189,Rafael Durán,mx MEX,"MF,FW",Puebla,26,1997,1.7,0,0,0,2,1,0,3,0,2,0,0,0,6,5,13,27.8,Matches
190,Emmanuel Echeverría,mx MEX,DF,Santos,20,2003,24.0,7,0,0,21,18,1,79,17,24,0,0,1,90,16,10,61.5,Matches
191,Rodrigo Echeverría,cl CHI,"MF,FW",León,29,1995,13.9,6,0,0,19,14,1,2,17,25,0,0,0,68,19,10,65.5,Matches
192,Edson,br BRA,DF,FC Juárez,26,1998,5.8,3,0,0,13,6,0,6,6,14,0,0,0,27,6,4,60.0,Matches
193,José Eduardo Castillo,mx MEX,DF,Pachuca,20,2004,1.0,0,0,0,1,0,0,1,0,1,0,0,0,4,1,0,100.0,Matches
194,Javier Eduardo López,mx MEX,"MF,FW",Pachuca,29,1994,4.7,1,1,0,5,11,2,33,2,3,0,0,0,16,1,7,12.5,Matches
195,Jorge Eduardo Sánchez,mx MEX,"DF,FW",Cruz Azul,26,1997,25.5,3,0,0,31,19,3,83,19,30,0,0,0,99,14,26,35.0,Matches
196,Francisco Eduardo Venegas,mx MEX,DF,Querétaro,26,1998,21.5,8,1,1,35,8,1,30,18,28,0,0,0,82,16,18,47.1,Matches
197,Luis Enrique Quiñones,co COL,"FW,MF",Puebla,33,1991,15.2,7,1,1,22,44,9,43,5,19,1,0,0,67,13,33,28.3,Matches
198,Luis Enrique Quiñones,co COL,"FW,MF",UANL,33,1991,1.9,0,0,0,1,0,0,8,1,3,0,0,0,12,2,6,25.0,Matches
199,Robert Ergas,uy URU,DF,UNAM,26,1998,25.0,5,0,0,31,38,3,131,19,44,0,0,0,83,14,20,41.2,Matches
200,Carlos Ernesto Cisneros,mx MEX,"FW,MF",Guadalajara,30,1993,3.6,0,0,0,5,6,3,26,1,3,0,0,0,13,1,5,16.7,Matches
Rk,Player,Nation,Pos,Squad,Age,Born,90s,CrdY,CrdR,2CrdY,Fls,Fld,Off,Crs,Int,TklW,PKwon,PKcon,OG,Recov,Won,Lost,Won%,Matches
201,Carlos Ernesto Cisneros,mx MEX,"FW,MF",León,30,1993,2.2,0,1,0,2,7,1,4,0,0,0,0,0,11,2,4,33.3,Matches
202,Kevin Escamilla,mx MEX,"MF,DF",Querétaro,30,1994,22.1,6,0,0,29,12,0,1,36,19,0,0,0,109,15,13,53.6,Matches
203,Alonso Escoboza,mx MEX,"DF,MF",Mazatlán,31,1993,9.6,1,0,0,3,6,0,59,6,5,0,0,0,43,4,8,33.3,Matches
204,Dagoberto Espinoza,mx MEX,"DF,MF",América,20,2004,11.0,4,0,0,13,9,0,18,8,19,0,0,0,55,14,4,77.8,Matches
205,Luis Espinoza,mx MEX,"DF,FW",Santos,20,2004,1.8,0,0,0,2,1,0,1,2,2,0,1,0,5,4,2,66.7,Matches
206,Ángel Estrada,mx MEX,MF,León,21,2003,14.6,2,0,0,8,15,1,5,15,23,0,0,0,53,12,11,52.2,Matches
207,Oscar Estupiñan,co COL,FW,FC Juárez,27,1996,21.1,3,0,0,34,18,10,10,1,3,2,0,0,24,73,79,48.0,Matches
208,José Eulogio,mx MEX,GK,Pachuca,20,2004,2.0,0,0,0,0,0,0,0,0,0,0,0,0,2,0,0,,Matches
209,Franco Fagúndez,uy URU,"MF,FW",Santos,24,2000,9.1,6,0,0,13,24,1,77,4,18,0,0,0,48,10,10,50.0,Matches
210,Lorenzo Faravelli,ar ARG,MF,Cruz Azul,31,1993,23.1,6,0,0,36,21,0,14,16,33,0,0,0,112,0,6,0.0,Matches
211,Juan Fedorco,ar ARG,DF,Puebla,23,2000,9.2,3,0,0,14,4,0,1,18,14,0,2,0,27,16,15,51.6,Matches
212,Carlos Felipe Rodríguez,mx MEX,GK,UANL,35,1989,3.0,0,0,0,0,0,0,0,0,0,0,0,0,1,0,0,,Matches
213,Gabriel Fernández,uy URU,FW,Cruz Azul,30,1994,7.6,1,0,0,12,16,2,12,1,2,0,0,0,9,16,18,47.1,Matches
214,Joaquín Fernández,uy URU,DF,Tijuana,25,1999,2.2,0,1,0,4,4,0,2,3,4,0,0,0,9,1,4,20.0,Matches
215,Rafael Fernández,mx MEX,DF,Tijuana,23,2000,19.5,6,0,0,31,16,0,15,33,33,0,2,1,86,29,30,49.2,Matches
216,Gustavo Ferrareis,br BRA,"DF,MF",Puebla,28,1996,23.2,8,0,0,32,22,3,45,26,29,1,0,0,112,18,17,51.4,Matches
217,Álvaro Fidalgo,es ESP,MF,América,27,1997,23.8,2,0,0,4,45,3,47,17,23,0,0,0,151,5,12,29.4,Matches
218,Sebastián Fierro,mx MEX,MF,León,22,2001,2.1,2,0,0,4,1,0,0,3,3,0,0,0,6,0,0,,Matches
219,Iker Fimbres,mx MEX,MF,Monterrey,19,2005,14.3,4,0,0,21,10,1,3,15,16,0,0,0,54,8,6,57.1,Matches
220,Daniel Flores,us USA,DF,Guadalajara,21,2003,0.1,0,0,0,0,0,0,0,0,1,0,0,0,0,0,0,,Matches
221,Jonathan Flores,mx MEX,DF,UNAM,18,2006,1.0,1,0,0,1,0,0,0,0,1,0,0,0,1,0,2,0.0,Matches
222,Leonardo Flores,mx MEX,"FW,MF",Atlas,21,2003,7.4,1,0,0,12,8,1,12,7,13,1,0,0,15,26,22,54.2,Matches
223,Marcelo Flores,mx MEX,"FW,MF",UANL,20,2003,11.3,1,0,0,6,11,4,50,9,9,0,0,0,43,5,6,45.5,Matches
224,Nicolas Fonseca,uy URU,MF,León,25,1998,13.3,5,1,1,18,8,0,2,13,18,0,0,0,57,3,3,50.0,Matches
225,Alexis Francisco Peña,mx MEX,DF,Necaxa,28,1996,17.0,1,0,0,7,1,1,0,16,7,0,0,0,40,26,25,51.0,Matches
Rk,Player,Nation,Pos,Squad,Age,Born,90s,CrdY,CrdR,2CrdY,Fls,Fld,Off,Crs,Int,TklW,PKwon,PKcon,OG,Recov,Won,Lost,Won%,Matches
226,Ramiro Franco,mx MEX,DF,Tijuana,20,2003,7.1,2,0,0,7,12,0,0,8,12,0,0,0,16,14,7,66.7,Matches
227,Ramiro Franco,mx MEX,DF,Mazatlán,20,2003,4.1,2,0,0,4,5,0,1,9,7,0,0,0,9,6,6,50.0,Matches
228,Adonis Frías,ar ARG,"DF,MF",León,26,1998,9.5,4,1,1,10,8,0,4,15,3,0,0,0,42,17,7,70.8,Matches
229,Raymundo Fulgencio,mx MEX,"FW,MF",Atlas,24,2000,11.7,2,0,0,6,6,1,106,4,7,0,0,0,57,0,6,0.0,Matches
230,Raymundo Fulgencio,mx MEX,FW,UANL,24,2000,1.8,0,0,0,4,0,2,8,4,2,0,0,0,7,2,1,66.7,Matches
231,Rogelio Funes Mori,mx MEX,FW,UNAM,33,1991,13.3,5,0,0,27,6,17,3,2,1,1,0,0,27,30,37,44.8,Matches
232,Eduardo Gabriel,br BRA,DF,Pachuca,28,1996,14.4,5,1,1,16,11,1,0,25,13,0,0,0,74,33,18,64.7,Matches
233,Benjamín Galdames,mx MEX,"MF,FW",Atlético,23,2001,5.6,1,0,0,10,23,0,26,5,7,0,0,0,44,6,12,33.3,Matches
234,José Galindo,mx MEX,"DF,MF",UNAM,26,1998,0.6,0,0,0,1,0,0,0,2,0,0,0,0,1,1,3,25.0,Matches
235,Jesús Gallardo,mx MEX,DF,Toluca,29,1994,28.2,6,0,0,30,12,4,68,20,29,1,0,0,114,38,27,58.5,Matches
236,Bryan Gamboa,mx MEX,"MF,FW",Cruz Azul,22,2002,0.4,0,0,0,2,0,1,0,1,1,0,0,0,1,0,3,0.0,Matches
237,Aitor García,es ESP,"FW,MF",FC Juárez,30,1994,4.7,0,0,0,6,5,3,13,5,5,0,0,0,16,1,4,20.0,Matches
238,Amaury García,mx MEX,"MF,FW",Cruz Azul,22,2001,0.2,1,0,0,4,1,0,0,0,0,0,0,0,1,0,1,0.0,Matches
239,Brian García,mx MEX,DF,Toluca,26,1997,17.1,3,0,0,13,5,1,38,18,19,0,0,0,84,9,6,60.0,Matches
240,Denzell García,mx MEX,"DF,MF",FC Juárez,20,2003,16.6,2,0,0,20,9,0,14,24,36,0,0,0,112,23,16,59.0,Matches
241,Eduardo García,mx MEX,GK,Guadalajara,22,2002,2.0,0,0,0,0,0,0,0,0,0,0,0,0,2,0,0,,Matches
242,Francisco García,mx MEX,FW,América,20,2003,0.2,0,0,0,0,0,0,0,0,0,0,0,0,0,0,0,,Matches
243,Gael García,mx MEX,FW,Guadalajara,16,2008,0.0,0,0,0,0,0,0,0,0,0,0,0,0,0,0,0,,Matches
244,Jorge García,mx MEX,"MF,FW",Cruz Azul,22,2002,0.9,1,0,0,1,2,1,1,3,1,0,0,0,5,0,0,,Matches
245,José García,mx MEX,DF,FC Juárez,28,1996,14.3,4,1,0,15,3,0,0,27,10,0,0,0,38,32,21,60.4,Matches
246,Luan Garcia,br BRA,DF,Toluca,31,1993,24.5,3,0,0,14,20,2,4,36,18,0,1,0,72,28,29,49.1,Matches
247,Luis García,mx MEX,"MF,FW",Puebla,31,1993,1.3,0,0,0,0,0,0,20,0,0,0,0,0,3,1,3,25.0,Matches
248,Mateo García,ar ARG,"MF,FW",Atlas,27,1996,4.5,0,1,0,6,9,0,11,5,7,0,0,0,43,6,5,54.5,Matches
249,Miguel Garcia,mx MEX,"DF,MF",Atlético,22,2001,9.5,0,0,0,6,6,0,5,13,15,0,0,0,58,12,15,44.4,Matches
250,Bryan Garnica,mx MEX,"FW,DF",Puebla,28,1996,2.3,0,0,0,0,15,0,10,3,8,0,0,0,9,1,7,12.5,Matches
Rk,Player,Nation,Pos,Squad,Age,Born,90s,CrdY,CrdR,2CrdY,Fls,Fld,Off,Crs,Int,TklW,PKwon,PKcon,OG,Recov,Won,Lost,Won%,Matches
251,Bryan Garnica,mx MEX,"FW,DF",Necaxa,28,1996,11.1,1,1,0,5,12,2,43,6,22,1,0,0,63,5,19,20.8,Matches
252,César Garza,mx MEX,MF,Monterrey,19,2005,0.2,0,0,0,0,0,0,0,0,1,0,0,0,0,0,0,,Matches
253,Jesús Garza,mx MEX,DF,UANL,24,2000,14.0,6,0,0,27,17,2,37,24,29,0,0,0,53,8,10,44.4,Matches
254,Giorgos Giakoumakis,gr GRE,FW,Cruz Azul,29,1994,14.8,8,0,0,32,34,10,2,4,8,1,0,0,17,30,27,52.6,Matches
255,André-Pierre Gignac,fr FRA,FW,UANL,38,1985,12.3,2,0,0,12,9,7,10,2,2,0,0,0,12,13,24,35.1,Matches
256,Faber Gil,co COL,"FW,MF",Pachuca,29,1995,3.1,2,0,0,13,11,2,17,1,4,0,0,0,15,1,5,16.7,Matches
257,Said Godínez,mx MEX,MF,Mazatlán,19,2004,2.3,0,0,0,3,3,1,1,4,3,0,0,0,12,1,0,100.0,Matches
258,Alejandro Gómez,mx MEX,"DF,MF",Tijuana,22,2002,22.8,4,0,0,29,26,4,20,37,22,0,1,1,86,32,24,57.1,Matches
259,Diego Gómez,mx MEX,"MF,FW",Necaxa,20,2003,5.1,0,0,0,5,4,1,0,12,13,0,0,0,28,0,4,0.0,Matches
260,Emiliano Gómez,uy URU,"FW,MF",Puebla,22,2001,22.8,1,0,0,16,37,8,35,2,5,0,0,0,61,18,54,25.0,Matches
261,Luis Gómez,mx MEX,"DF,FW",Santos,17,2007,0.3,0,0,0,1,1,0,1,0,0,0,0,0,2,0,0,,Matches
262,Miguel Gómez,mx MEX,DF,Guadalajara,21,2002,6.2,1,0,0,5,7,0,15,6,7,0,0,0,21,2,5,28.6,Matches
263,Jaime Gómez Valencia,mx MEX,"DF,MF",Querétaro,31,1993,11.8,4,1,0,15,16,1,19,11,15,0,1,0,53,8,13,38.1,Matches
264,Alfonso González,mx MEX,"FW,MF",Pachuca,29,1994,7.7,1,1,0,10,16,4,13,5,14,0,0,0,34,10,16,38.5,Matches
265,Armando González,mx MEX,FW,Guadalajara,21,2003,7.2,1,0,0,10,2,13,3,1,4,0,0,0,18,12,12,50.0,Matches
266,Bryan González,mx MEX,DF,Pachuca,21,2003,28.6,3,2,0,18,28,5,45,59,52,1,0,0,129,48,24,66.7,Matches
267,Pablo González Díaz,mx MEX,MF,Puebla,32,1992,21.1,3,0,0,33,3,0,11,23,24,0,0,0,94,12,15,44.4,Matches
268,Diego González,py PAR,"MF,FW",Atlas,21,2003,8.6,5,0,0,12,20,0,63,3,15,0,0,0,54,6,6,50.0,Matches
269,Hugo González Durán,mx MEX,GK,Mazatlán,33,1990,33.5,5,0,0,1,2,0,0,0,0,0,1,1,47,9,0,100.0,Matches
270,Carlos González Espínola,py PAR,FW,Tijuana,31,1993,6.4,2,0,0,4,10,4,0,1,4,0,0,0,7,31,25,55.4,Matches
271,Fernando González,mx MEX,"FW,MF",Querétaro,23,2001,2.0,1,0,0,2,2,1,13,0,4,0,0,0,10,0,3,0.0,Matches
272,Jair González,mx MEX,"MF,FW",Puebla,22,2002,1.9,0,0,0,0,12,1,7,0,1,0,0,0,9,2,5,28.6,Matches
273,Jonathan González,mx MEX,MF,FC Juárez,25,1999,12.4,3,0,0,8,16,0,1,25,12,0,0,0,45,6,9,40.0,Matches
274,Mateo González Mora,mx MEX,DF,Puebla,15,2009,0.2,0,0,0,0,1,0,0,1,0,0,0,0,0,0,0,,Matches
275,Owen González,mx MEX,FW,Pachuca,21,2003,12.7,2,0,0,8,20,5,44,4,5,0,0,0,41,2,8,20.0,Matches
Rk,Player,Nation,Pos,Squad,Age,Born,90s,CrdY,CrdR,2CrdY,Fls,Fld,Off,Crs,Int,TklW,PKwon,PKcon,OG,Recov,Won,Lost,Won%,Matches
276,Fernando Gorriarán,uy URU,MF,UANL,29,1994,28.6,4,0,0,38,48,7,43,27,34,1,0,0,168,7,11,38.9,Matches
277,Ismael Govea,mx MEX,DF,Santos,27,1997,11.2,2,1,0,12,7,0,14,8,15,0,1,0,34,17,15,53.1,Matches
278,Omar Govea,mx MEX,MF,Guadalajara,28,1996,5.0,1,0,0,11,11,0,16,5,5,0,0,0,20,0,3,0.0,Matches
279,Andrés Guardado,mx MEX,MF,León,37,1986,15.3,4,0,0,19,17,0,19,11,17,0,0,0,95,7,10,41.2,Matches
280,Andrés Gudiño,mx MEX,GK,Cruz Azul,27,1997,1.0,0,0,0,0,0,0,0,0,0,0,0,0,4,0,0,,Matches
281,Javier Güemez,mx MEX,MF,Santos,32,1991,15.4,3,0,0,24,14,1,11,11,25,0,0,0,83,22,26,45.8,Matches
282,Javier Güemez,mx MEX,MF,Atlético,32,1991,10.0,1,0,0,11,14,0,12,10,14,0,0,0,59,8,10,44.4,Matches
283,Edgar Guerra,co COL,"DF,MF",León,23,2001,11.9,2,1,0,13,16,2,26,11,18,0,0,0,57,2,9,18.2,Matches
284,Carlos Guillen,mx MEX,"MF,FW",Atlas,20,2004,3.3,2,0,0,8,3,0,14,0,7,0,0,0,14,3,3,50.0,Matches
285,Daniel Guillén,mx MEX,DF,Atlético,22,2001,7.6,3,0,0,6,9,1,0,13,7,0,0,0,23,19,9,67.9,Matches
286,Emanuel Gularte,uy URU,DF,Puebla,26,1997,27.9,7,1,0,33,17,0,11,47,24,0,0,1,101,48,39,55.2,Matches
287,Alex Gutiérrez,mx MEX,MF,Necaxa,16,2008,0.1,0,0,0,0,1,0,0,0,0,0,0,0,1,0,0,,Matches
288,Alexis Gutiérrez,mx MEX,"MF,FW",Cruz Azul,24,2000,18.8,0,0,0,11,16,0,64,11,12,0,0,0,54,12,14,46.2,Matches
289,Luis Gutiérrez Castellanos,mx MEX,MF,Santos,22,2002,6.0,2,0,0,10,11,0,2,7,3,0,0,0,19,3,4,42.9,Matches
290,Edson Gutiérrez,mx MEX,DF,Santos,28,1996,11.7,1,0,0,13,14,0,0,15,10,0,0,1,33,14,9,60.9,Matches
291,Edson Gutiérrez,mx MEX,DF,Monterrey,28,1996,6.5,0,0,0,10,5,0,20,9,10,1,0,0,25,8,6,57.1,Matches
292,Erick Gutiérrez,mx MEX,MF,Guadalajara,29,1995,24.5,10,0,0,53,38,1,21,31,53,0,2,0,137,38,20,65.5,Matches
293,Luis Gutiérrez,mx MEX,DF,Cruz Azul,22,2001,0.0,0,0,0,0,0,0,0,0,1,0,0,0,1,0,0,,Matches
294,Ricardo Gutiérrez,mx MEX,GK,Mazatlán,27,1997,0.5,0,0,0,0,0,0,0,0,0,0,0,0,1,0,0,,Matches
295,Jorge Guzmán,mx MEX,"MF,DF",Atlas,20,2003,4.2,1,0,0,5,3,0,14,2,6,0,0,0,21,4,3,57.1,Matches
296,Nahuel Guzmán,ar ARG,GK,UANL,38,1986,28.0,2,1,0,1,7,0,0,2,1,0,1,0,46,4,0,100.0,Matches
297,Víctor Guzmán,mx MEX,"FW,MF",Guadalajara,29,1995,7.8,2,0,0,7,12,2,43,3,7,0,0,0,35,12,14,46.2,Matches
298,Víctor Guzmán,mx MEX,DF,Monterrey,22,2002,15.6,2,0,0,15,9,0,0,27,23,0,0,0,42,32,23,58.2,Matches
299,Helinho,br BRA,"FW,MF",Toluca,24,2000,8.1,1,0,0,7,20,3,30,6,8,0,0,0,40,5,8,38.5,Matches
300,Diego Hernández,uy URU,"MF,FW",León,24,2000,8.6,3,0,0,24,14,1,57,4,9,0,0,0,32,3,11,21.4,Matches
Rk,Player,Nation,Pos,Squad,Age,Born,90s,CrdY,CrdR,2CrdY,Fls,Fld,Off,Crs,Int,TklW,PKwon,PKcon,OG,Recov,Won,Lost,Won%,Matches
301,Illian Hernandez,mx MEX,"FW,DF",América,24,2000,1.4,0,0,0,0,1,0,2,0,0,0,0,0,5,3,6,33.3,Matches
302,Illian Hernandez,mx MEX,"FW,MF",Pachuca,24,2000,0.8,0,0,0,1,1,1,0,0,0,0,0,0,0,2,3,40.0,Matches
303,Javier Hernández,mx MEX,FW,Guadalajara,36,1988,10.1,0,0,0,5,10,17,5,2,4,0,0,0,13,7,11,38.9,Matches
304,Jesús Hernández,mx MEX,FW,Tijuana,20,2004,0.5,1,0,0,0,0,0,0,1,0,0,0,0,0,2,0,100.0,Matches
305,Jesús Hernández,mx MEX,"FW,MF",León,22,2001,1.9,0,0,0,2,5,2,13,0,2,0,0,0,15,0,1,0.0,Matches
306,Jorge Hernández,mx MEX,GK,Querétaro,25,1998,9.0,1,0,0,0,2,0,0,0,0,0,0,0,6,1,0,100.0,Matches
307,Pedro Hernández,mx MEX,MF,León,23,2000,0.0,0,0,0,0,0,0,0,0,0,0,0,0,0,0,0,,Matches
308,Sebastián Hernández,mx MEX,"MF,FW",Querétaro,20,2004,6.5,4,0,0,13,6,0,8,7,15,0,0,0,19,5,11,31.3,Matches
309,Sergio Hernández,mx MEX,"MF,FW",Pachuca,21,2002,7.9,2,0,0,12,8,4,23,4,7,0,0,0,26,1,6,14.3,Matches
310,Alberto Herrera,mx MEX,"MF,FW",Puebla,23,2001,10.6,0,0,0,16,7,1,24,13,8,0,0,0,40,5,17,22.7,Matches
311,Héctor Herrera,mx MEX,MF,Toluca,34,1990,5.1,2,0,0,8,10,0,5,12,8,0,0,0,33,1,3,25.0,Matches
312,Ozziel Herrera,mx MEX,"FW,MF",UANL,23,2001,12.6,2,0,0,16,29,2,31,10,7,1,0,0,52,18,13,58.1,Matches
313,Héctor Holguín,mx MEX,GK,Santos,23,2001,1.0,0,0,0,0,0,0,0,0,0,0,0,0,2,0,0,,Matches
314,Santiago Homenchenko,uy URU,MF,Pachuca,20,2003,5.2,3,0,0,13,6,0,1,6,11,0,0,0,37,7,9,43.8,Matches
315,César Huerta,mx MEX,"FW,MF",UNAM,23,2000,14.3,5,0,0,27,30,2,80,3,21,2,0,0,69,9,10,47.4,Matches
316,Rodrigo Huescas,mx MEX,DF,Cruz Azul,20,2003,1.0,0,0,0,0,0,0,2,0,1,0,0,0,7,1,0,100.0,Matches
317,Avilés Hurtado,co COL,"FW,MF",FC Juárez,37,1987,4.8,1,0,0,8,7,2,16,2,3,0,1,0,15,4,8,33.3,Matches
318,Nicolás Ibáñez,ar ARG,FW,UANL,29,1994,21.4,2,1,0,31,13,12,17,3,10,0,0,0,27,49,63,43.8,Matches
319,Oussama Idrissi,ma MAR,"FW,MF",Pachuca,28,1996,26.1,9,1,0,35,57,11,67,9,28,0,0,0,129,4,9,30.8,Matches
320,Jefferson Intriago,ec ECU,MF,Mazatlán,28,1996,10.4,3,0,0,10,21,0,0,8,17,0,0,0,51,3,4,42.9,Matches
321,Hugo Isaác Rodríguez,mx MEX,DF,Santos,34,1990,0.8,1,0,0,1,0,0,0,3,0,0,0,1,2,1,0,100.0,Matches
322,Mauricio Isais,mx MEX,"DF,MF",León,23,2001,3.0,1,0,0,2,3,0,7,4,4,0,0,0,10,2,1,66.7,Matches
323,Omar Israel Mendoza,mx MEX,DF,Querétaro,35,1988,21.8,5,1,1,33,25,2,40,28,29,0,2,0,77,17,16,51.5,Matches
324,José Iván Rodríguez,mx MEX,MF,Necaxa,28,1996,13.6,2,0,0,18,16,0,2,15,20,0,0,0,60,16,12,57.1,Matches
325,Tristhan Jaimes,mx MEX,"MF,FW",Puebla,21,2003,0.3,0,0,0,1,0,0,1,0,1,0,0,0,1,0,1,0.0,Matches
Rk,Player,Nation,Pos,Squad,Age,Born,90s,CrdY,CrdR,2CrdY,Fls,Fld,Off,Crs,Int,TklW,PKwon,PKcon,OG,Recov,Won,Lost,Won%,Matches
326,Cristian Jiménez,mx MEX,DF,Cruz Azul,22,2002,0.5,0,0,0,1,0,0,0,0,0,0,1,0,0,0,0,,Matches
327,Oscar Jiménez,mx MEX,GK,León,35,1988,8.0,2,0,0,0,0,0,0,0,0,0,0,0,10,3,0,100.0,Matches
328,Miguel Jiménez Ponce,mx MEX,GK,Puebla,34,1990,24.0,2,0,0,2,2,0,0,0,0,0,2,0,20,4,0,100.0,Matches
329,Ricardo Jiménez,mx MEX,MF,Necaxa,18,2006,0.0,0,0,0,0,1,0,0,0,0,0,0,0,1,0,1,0.0,Matches
330,Tahiel Jiménez,mx MEX,"FW,MF",Santos,18,2006,10.7,4,0,0,17,21,2,0,3,3,0,0,1,29,26,28,48.1,Matches
331,Joaquim,br BRA,DF,UANL,25,1998,27.7,8,0,0,27,18,0,2,37,41,0,2,0,115,87,42,67.4,Matches
332,José Joaquín Esquivel,mx MEX,DF,Mazatlán,26,1998,9.0,3,0,0,12,4,1,8,16,23,0,0,0,21,14,23,37.8,Matches
333,Julio José González,mx MEX,GK,Puebla,33,1991,6.0,0,0,0,0,0,0,0,0,0,0,0,0,3,0,0,,Matches
334,Julio José González,mx MEX,GK,UNAM,33,1991,13.0,0,0,0,0,2,0,0,0,0,0,0,1,31,6,2,75.0,Matches
335,Juan José Sánchez,mx MEX,DF,UANL,26,1998,7.4,4,0,0,15,7,0,4,10,5,0,0,0,29,17,9,65.4,Matches
336,José Juan Macías,mx MEX,"FW,MF",Santos,24,1999,0.6,0,0,0,1,1,1,0,0,0,0,0,0,3,2,2,50.0,Matches
337,Ramón Juárez,mx MEX,DF,América,23,2001,18.9,5,0,0,18,7,3,0,32,16,0,0,0,39,59,41,59.0,Matches
338,Jhojan Julio,ec ECU,"FW,DF",Tijuana,26,1998,3.7,1,0,0,7,10,2,10,3,7,0,0,0,17,0,7,0.0,Matches
339,Heriberto Jurado,mx MEX,"DF,FW",Necaxa,19,2005,10.5,0,0,0,11,8,1,47,10,18,0,0,0,40,3,11,21.4,Matches
340,Sebastián Jurado,mx MEX,GK,FC Juárez,26,1997,21.0,3,0,0,1,5,0,0,0,0,0,1,0,31,2,0,100.0,Matches
341,John Kennedy,br BRA,"MF,FW",Pachuca,22,2002,12.4,3,0,0,20,19,2,8,2,2,0,0,0,26,7,6,53.8,Matches
342,Mateo Klimowicz,de GER,"FW,MF",Atlético,24,2000,9.3,0,0,0,12,14,2,6,1,8,1,0,0,33,4,2,66.7,Matches
343,Roberto de la Rosa,mx MEX,"FW,MF",Monterrey,24,2000,7.1,0,0,0,7,9,2,3,0,1,0,0,0,21,4,10,28.6,Matches
344,Diego Lainez,mx MEX,"FW,DF",UANL,24,2000,17.8,6,1,1,24,39,0,86,16,20,0,1,0,72,8,14,36.4,Matches
345,Mauro Laínez,mx MEX,"MF,DF",Mazatlán,28,1996,7.4,5,1,1,7,12,2,57,8,10,0,0,0,35,2,6,25.0,Matches
346,Emilio Lara,mx MEX,DF,América,22,2002,0.7,0,0,0,1,0,0,1,1,1,0,0,0,2,0,0,,Matches
347,Emilio Lara,mx MEX,DF,Necaxa,22,2002,21.8,4,0,0,22,11,2,13,28,23,0,0,0,63,17,8,68.0,Matches
348,Pablo Lara,mx MEX,GK,UNAM,19,2005,7.0,1,0,0,0,2,0,0,0,0,0,0,0,18,1,0,100.0,Matches
349,Israel Larios,mx MEX,"FW,MF",Atlas,21,2003,2.1,0,0,0,4,4,0,10,1,5,0,0,0,12,4,4,50.0,Matches
350,Antonio Leone,mx MEX,DF,Monterrey,20,2004,1.1,0,0,0,0,1,0,0,1,0,0,0,0,6,2,1,66.7,Matches
Rk,Player,Nation,Pos,Squad,Age,Born,90s,CrdY,CrdR,2CrdY,Fls,Fld,Off,Crs,Int,TklW,PKwon,PKcon,OG,Recov,Won,Lost,Won%,Matches
351,Federico Lértora,ar ARG,MF,Querétaro,34,1990,25.9,5,0,0,45,36,10,23,18,37,0,0,0,99,66,48,57.9,Matches
352,Mateo Levy,mx MEX,"FW,MF",Cruz Azul,17,2006,2.1,0,0,0,4,4,1,1,0,1,0,0,0,5,3,2,60.0,Matches
353,Emanuel Ley,mx MEX,FW,Tijuana,18,2006,0.2,0,0,0,0,0,0,0,0,0,0,0,0,0,0,1,0.0,Matches
354,Ángel Leyva,mx MEX,DF,Mazatlán,17,2006,0.1,0,0,0,0,0,0,0,0,1,0,0,0,0,0,1,0.0,Matches
355,Igor Lichnovsky,cl CHI,DF,América,30,1994,1.0,0,0,0,1,0,0,0,0,3,0,0,0,3,3,1,75.0,Matches
356,Erik Lira,mx MEX,"DF,MF",Cruz Azul,24,2000,29.1,6,0,0,29,33,0,12,27,46,0,0,1,185,10,18,35.7,Matches
357,Aldo López,mx MEX,"MF,DF",Santos,24,2000,22.3,1,0,0,14,12,1,14,37,20,0,0,0,99,5,16,23.8,Matches
358,César López,mx MEX,"MF,FW",FC Juárez,22,2002,0.9,0,0,0,3,0,0,1,0,1,0,0,0,5,1,4,20.0,Matches
359,Cesar López,mx MEX,GK,Atlético,24,2000,4.8,1,0,0,0,0,0,0,0,0,0,0,0,10,0,0,,Matches
360,Daniel López,mx MEX,"FW,MF",Querétaro,24,2000,0.1,0,0,0,0,0,1,1,0,1,0,0,0,0,0,3,0.0,Matches
361,Eder López,mx MEX,DF,FC Juárez,18,2006,2.9,1,0,0,3,3,1,8,4,6,0,0,0,16,1,5,16.7,Matches
362,Edgar López,mx MEX,"FW,MF",Toluca,25,1999,6.8,0,0,0,4,9,1,11,7,1,0,0,0,15,8,14,36.4,Matches
363,Pau López,es ESP,GK,Toluca,29,1994,10.0,1,0,0,0,0,0,0,0,1,0,0,1,19,0,2,0.0,Matches
364,Rodrigo López,mx MEX,"MF,DF",UNAM,22,2001,11.2,1,0,0,12,14,0,97,5,13,0,0,0,52,3,16,15.8,Matches
365,Santiago López,ca CAN,"MF,FW",UNAM,19,2005,1.3,1,0,0,3,1,0,2,0,1,0,0,0,2,0,2,0.0,Matches
366,Victor Lopez,mx MEX,MF,Querétaro,21,2003,0.5,0,0,0,0,0,0,4,0,0,0,0,0,3,0,1,0.0,Matches
367,Vladimir Loroña,mx MEX,"DF,FW",Santos,25,1998,2.7,2,0,0,2,2,0,2,3,5,0,0,0,9,10,1,90.9,Matches
368,Vladimir Loroña,mx MEX,"DF,MF",UANL,25,1998,2.8,0,0,0,5,3,1,10,2,8,0,0,0,7,6,2,75.0,Matches
369,Anthony Lozano,hn HON,FW,Santos,31,1993,13.8,6,1,1,30,18,8,6,1,6,0,0,0,23,43,44,49.4,Matches
370,Esteban Lozano,mx MEX,"MF,FW",América,21,2003,1.2,0,0,0,1,1,1,1,0,0,0,0,0,1,4,6,40.0,Matches
371,José Lozano,mx MEX,"FW,DF",Atlas,25,1998,24.9,7,0,0,49,27,1,60,21,16,0,0,0,78,38,47,44.7,Matches
372,José Luis Rodríguez,pa PAN,"FW,MF",FC Juárez,26,1998,21.5,1,0,0,16,34,5,124,16,22,0,0,0,102,18,21,46.2,Matches
373,Israel Luna,mx MEX,"DF,MF",Pachuca,22,2002,0.4,1,0,0,2,1,0,0,0,0,0,0,0,1,1,1,50.0,Matches
374,Oscar Macías,mx MEX,MF,Atlético,26,1998,24.6,2,0,0,31,47,1,10,15,29,0,0,0,108,5,10,33.3,Matches
375,Waldo Madrid,mx MEX,FW,Necaxa,20,2003,0.3,0,0,0,0,0,0,0,0,0,0,0,0,4,2,1,66.7,Matches
Rk,Player,Nation,Pos,Squad,Age,Born,90s,CrdY,CrdR,2CrdY,Fls,Fld,Off,Crs,Int,TklW,PKwon,PKcon,OG,Recov,Won,Lost,Won%,Matches
376,Fernando Madrigal,mx MEX,"MF,DF",Tijuana,32,1991,3.6,0,0,0,4,4,0,2,0,5,1,0,0,14,4,1,80.0,Matches
377,Madson,br BRA,"FW,MF",FC Juárez,24,1999,9.6,4,0,0,7,26,1,35,4,4,0,0,0,33,9,10,47.4,Matches
378,Lisandro Magallán,ar ARG,DF,UNAM,30,1993,21.1,6,0,0,28,10,1,0,35,22,0,2,0,94,36,22,62.1,Matches
379,Luis Manuel García,mx MEX,GK,Toluca,31,1992,5.0,0,0,0,0,0,0,0,0,0,0,0,0,7,4,0,100.0,Matches
380,Juan Manuel Sanabria,uy URU,"DF,MF",Atlético,24,2000,32.1,6,0,0,35,29,2,152,31,44,1,1,0,124,44,46,48.9,Matches
381,Óscar Manzanarez,mx MEX,DF,Querétaro,29,1995,13.5,5,0,0,13,8,0,1,20,15,0,0,0,34,16,13,55.2,Matches
382,Cristian Mares,mx MEX,"FW,MF",Puebla,19,2004,2.2,1,0,0,6,1,0,1,2,1,0,0,0,12,1,9,10.0,Matches
383,Antonio María,mx MEX,"FW,MF",Querétaro,20,2004,2.7,1,0,0,4,2,2,0,1,1,0,0,0,4,11,12,47.8,Matches
384,Ricardo Marín,mx MEX,"FW,MF",Puebla,26,1998,11.5,0,0,0,18,11,12,6,3,5,0,0,0,25,27,45,37.5,Matches
385,Ricardo Marín,mx MEX,"FW,MF",Guadalajara,26,1998,7.0,0,0,0,12,10,3,1,1,9,0,0,0,15,17,17,50.0,Matches
386,Salvador Mariscal,mx MEX,MF,Santos,21,2003,16.0,3,0,0,19,5,0,0,21,25,0,0,0,69,20,12,62.5,Matches
387,Jeremy Márquez,mx MEX,MF,Atlas,24,2000,27.7,5,1,0,29,77,1,58,47,37,0,0,0,159,20,24,45.5,Matches
388,Henry Martín,mx MEX,FW,América,31,1992,18.6,0,0,0,17,39,13,3,1,8,0,0,0,37,41,54,43.2,Matches
389,Guillermo Martínez Ayala,mx MEX,FW,UNAM,29,1995,18.6,6,0,0,27,15,14,4,3,6,0,0,0,20,62,41,60.2,Matches
390,Gabriel Martínez,mx MEX,DF,Atlético,22,2002,0.2,0,0,0,0,0,0,0,1,0,0,0,0,2,0,0,,Matches
391,Emilio Martínez González,mx MEX,DF,Necaxa,21,2003,9.2,0,0,0,8,10,1,4,5,10,0,0,0,26,10,7,58.8,Matches
392,Raúl Martínez,mx MEX,DF,Guadalajara,21,2003,6.8,1,0,0,9,4,1,0,2,12,0,0,0,30,4,6,40.0,Matches
393,Sebastián Martínez,mx MEX,FW,Atlético,21,2003,0.0,0,0,0,0,0,0,0,0,0,0,0,0,0,0,0,,Matches
394,Alejandro Mayorga,mx MEX,DF,Necaxa,27,1997,20.8,2,0,0,21,15,2,32,27,25,0,1,0,114,15,15,50.0,Matches
395,Alan Medina,mx MEX,"MF,DF",Querétaro,26,1997,7.9,0,0,0,14,10,5,13,5,10,1,1,0,51,8,15,34.8,Matches
396,Alan Medina,uy URU,"MF,FW",León,26,1998,2.4,1,0,0,3,2,0,8,1,0,0,0,0,15,5,3,62.5,Matches
397,Diego Medina,mx MEX,"FW,DF",Santos,23,2001,6.3,1,0,0,5,11,1,18,5,11,0,0,0,27,11,6,64.7,Matches
398,Stefan Medina,co COL,DF,Monterrey,32,1992,27.7,7,0,0,30,19,1,20,42,31,0,1,0,92,47,34,58.0,Matches
399,Aaron Mejía Montoya,mx MEX,"DF,MF",Tijuana,23,2001,20.1,3,0,0,36,28,1,12,13,18,0,1,0,73,20,24,45.5,Matches
400,Ángel Mena,ec ECU,"MF,FW",Pachuca,36,1988,1.9,1,0,0,5,8,0,11,0,0,0,0,0,4,0,0,,Matches
Rk,Player,Nation,Pos,Squad,Age,Born,90s,CrdY,CrdR,2CrdY,Fls,Fld,Off,Crs,Int,TklW,PKwon,PKcon,OG,Recov,Won,Lost,Won%,Matches
401,Alex Mendez,us USA,"FW,MF",FC Juárez,23,2000,0.7,0,0,0,2,1,1,4,0,1,0,0,0,3,2,3,40.0,Matches
402,Bruno Méndez,uy URU,DF,Toluca,24,1999,17.8,1,1,0,9,2,1,5,23,15,0,0,0,53,29,18,61.7,Matches
403,Stiven Mendoza,co COL,"FW,MF",León,32,1992,23.2,6,1,0,28,33,8,46,2,7,1,0,0,69,3,14,17.6,Matches
404,Jean Meneses,cl CHI,FW,Toluca,31,1993,2.8,0,0,0,3,4,1,11,3,3,0,0,0,13,3,3,50.0,Matches
405,Roberto Meraz,mx MEX,MF,Mazatlán,24,1999,19.8,9,0,0,21,12,0,8,15,21,0,1,0,87,31,18,63.3,Matches
406,Lucas Merolla,ar ARG,DF,Mazatlán,29,1995,17.5,8,1,0,31,17,5,1,44,16,0,1,0,66,70,25,73.7,Matches
407,Maximiliano Meza,ar ARG,"MF,FW",Monterrey,31,1992,2.2,1,0,0,2,3,0,4,1,1,0,0,0,7,5,4,55.6,Matches
408,Andrés Micolta,ec ECU,DF,Pachuca,25,1999,6.3,2,0,0,9,3,0,0,5,5,1,3,0,20,13,14,48.1,Matches
409,Kevin Mier,co COL,GK,Cruz Azul,24,2000,33.0,1,0,0,0,12,0,0,1,2,0,0,0,120,6,0,100.0,Matches
410,Fernando Monárrez,mx MEX,"DF,FW",Tijuana,25,1999,1.2,1,0,0,3,0,0,2,4,3,0,0,0,8,1,0,100.0,Matches
411,Ricardo Monreal,mx MEX,"FW,MF",Necaxa,23,2001,13.5,3,0,0,31,30,5,6,11,13,0,0,0,62,12,20,37.5,Matches
412,Pablo Monroy,mx MEX,DF,UNAM,22,2002,11.4,2,0,0,11,6,4,30,11,16,1,0,0,36,9,8,52.9,Matches
413,Andres Montaño,mx MEX,"MF,FW",Cruz Azul,22,2002,7.1,1,0,0,10,15,0,32,5,11,0,0,0,29,5,3,62.5,Matches
414,Alán Montes,mx MEX,DF,Necaxa,23,2000,15.7,6,0,0,15,9,0,2,24,26,1,0,0,77,36,23,61.0,Matches
415,Elias Montiel,mx MEX,MF,Pachuca,18,2005,24.6,3,1,0,16,32,0,75,30,43,0,0,0,165,9,14,39.1,Matches
416,Adrián Mora,mx MEX,DF,Atlas,26,1997,8.5,1,0,0,10,3,0,0,17,19,0,0,0,32,26,17,60.5,Matches
417,Gilberto Mora,mx MEX,"MF,FW",Tijuana,15,2008,15.1,1,0,0,7,26,1,25,8,8,1,0,0,54,0,17,0.0,Matches
418,Amaury Morales,mx MEX,"FW,MF",Cruz Azul,18,2005,6.8,1,0,0,10,18,1,7,3,8,1,0,0,29,1,3,25.0,Matches
419,Robert Morales,py PAR,FW,Toluca,25,1999,6.8,0,0,0,12,12,3,2,0,6,0,0,0,15,11,13,45.8,Matches
420,Carlos Moreno,mx MEX,GK,Pachuca,26,1998,32.0,5,0,0,0,4,0,0,0,0,0,0,0,76,10,1,90.9,Matches
421,Héctor Moreno,mx MEX,DF,Monterrey,36,1988,14.7,3,0,0,12,4,1,0,7,6,0,0,0,48,7,21,25.0,Matches
422,Iker Moreno,mx MEX,DF,Atlético,20,2003,1.9,0,0,0,2,2,0,3,4,5,0,0,0,10,2,1,66.7,Matches
423,Iván Moreno,mx MEX,"MF,DF",León,26,1998,13.4,3,0,0,15,16,0,24,6,20,1,0,0,39,5,4,55.6,Matches
424,Omar Moreno,mx MEX,"FW,MF",Mazatlán,19,2005,4.6,2,0,0,8,4,4,10,1,6,0,0,0,10,0,4,0.0,Matches
425,Joaquín Moxica,mx MEX,FW,Monterrey,18,2006,0.3,0,0,0,0,0,0,0,0,0,0,0,0,0,2,0,100.0,Matches
Rk,Player,Nation,Pos,Squad,Age,Born,90s,CrdY,CrdR,2CrdY,Fls,Fld,Off,Crs,Int,TklW,PKwon,PKcon,OG,Recov,Won,Lost,Won%,Matches
426,Franco Moyano,ar ARG,MF,Puebla,26,1997,13.8,4,0,0,10,5,0,24,19,12,0,0,0,68,7,9,43.8,Matches
427,Alan Mozo,mx MEX,DF,Guadalajara,27,1997,22.2,3,0,0,31,15,3,113,23,38,0,0,0,82,8,13,38.1,Matches
428,Guillermo Muñoz,mx MEX,"DF,FW",Santos,19,2004,3.7,0,0,0,4,2,2,15,5,11,0,0,0,13,4,6,40.0,Matches
429,Santiago Muñóz,mx MEX,"FW,MF",Santos,21,2002,13.6,1,0,0,12,49,5,5,2,5,0,0,0,47,9,23,28.1,Matches
430,Jhon Murillo,ve VEN,"FW,DF",Atlético,28,1995,3.8,1,0,0,4,7,1,5,1,0,0,0,0,15,2,4,33.3,Matches
431,Jhon Murillo,ve VEN,"FW,DF",Atlas,28,1995,14.0,1,0,0,15,14,4,29,11,9,0,0,0,38,8,22,26.7,Matches
432,Luis Nájera,mx MEX,"MF,FW",Atlético,21,2003,14.1,0,0,0,9,30,0,30,2,9,0,0,0,53,3,13,18.8,Matches
433,Gonzalo Nápoli,uy URU,"MF,FW",León,24,2000,0.1,0,0,0,0,2,0,2,0,1,0,0,0,0,0,0,,Matches
434,Luis Navarrete,mx MEX,MF,Toluca,17,2006,0.1,0,0,0,0,0,0,0,0,0,0,0,0,0,0,1,0.0,Matches
435,Santiago Naveda,mx MEX,MF,Santos,23,2001,10.5,3,0,0,18,20,1,0,10,13,0,0,0,40,11,14,44.0,Matches
436,Hugo Nervo,ar ARG,DF,Atlas,33,1991,30.9,3,0,0,18,8,2,2,55,11,0,0,1,58,64,51,55.7,Matches
437,Francisco Nevarez,mx MEX,"DF,MF",FC Juárez,23,2000,1.6,0,0,0,6,1,0,3,2,4,0,0,0,9,2,2,50.0,Matches
438,Shamar Nicholson,jm JAM,FW,Tijuana,27,1997,4.7,1,0,0,3,12,6,3,0,1,0,0,0,8,25,9,73.5,Matches
439,Santiago Núñez,ar ARG,DF,Santos,24,2000,8.8,3,1,0,11,2,1,0,17,5,0,0,0,27,33,15,68.8,Matches
440,Joan Nungaray,mx MEX,FW,Puebla,19,2004,0.0,0,0,0,0,0,0,0,0,0,0,0,0,0,0,1,0.0,Matches
441,Lucas Ocampos,ar ARG,"FW,MF",Monterrey,30,1994,13.9,2,1,0,17,32,1,35,5,14,3,0,0,40,8,10,44.4,Matches
442,Diego Ochoa,mx MEX,DF,Guadalajara,19,2005,0.5,1,0,0,1,0,0,3,0,1,0,0,0,0,1,0,100.0,Matches
443,Agustín Oliveros,uy URU,DF,Necaxa,25,1998,25.3,1,0,0,15,16,4,9,26,19,0,2,0,58,42,22,65.6,Matches
444,Sebastián Olmedo,py PAR,DF,Puebla,23,2001,6.2,3,1,1,11,0,1,2,7,3,0,1,0,21,9,10,47.4,Matches
445,Fernando Ordóñez,mx MEX,DF,UANL,23,2001,0.2,0,0,0,0,0,0,0,0,1,0,0,0,3,0,0,,Matches
446,Santiago Ormeño,pe PER,FW,Puebla,30,1994,5.4,0,0,0,7,8,4,0,4,0,0,0,0,14,17,26,39.5,Matches
447,Efraín Orona,mx MEX,DF,Puebla,25,1999,31.1,5,0,0,34,8,0,13,50,30,0,0,0,95,54,36,60.0,Matches
448,Jesús Orozco,mx MEX,DF,Cruz Azul,22,2002,12.2,5,0,0,13,6,0,5,12,17,0,1,0,52,25,15,62.5,Matches
449,Jesús Orozco,mx MEX,DF,Guadalajara,22,2002,14.1,3,0,0,6,6,0,1,29,15,0,0,0,69,23,17,57.5,Matches
450,Ralph Orquin,us USA,DF,FC Juárez,21,2003,30.8,3,0,0,18,15,5,65,45,35,0,1,0,113,12,18,40.0,Matches
Rk,Player,Nation,Pos,Squad,Age,Born,90s,CrdY,CrdR,2CrdY,Fls,Fld,Off,Crs,Int,TklW,PKwon,PKcon,OG,Recov,Won,Lost,Won%,Matches
451,Carlos Orrantía,mx MEX,DF,Toluca,33,1991,2.1,0,0,0,0,0,0,15,2,3,0,0,0,6,1,1,50.0,Matches
452,Carlos Orrantía,mx MEX,"DF,MF",Atlas,33,1991,7.5,0,0,0,4,2,0,30,3,6,0,0,0,29,2,9,18.2,Matches
453,Haret Ortega,mx MEX,"DF,MF",FC Juárez,24,2000,8.2,5,0,0,13,1,1,0,16,11,0,1,0,14,28,6,82.4,Matches
454,Kevin Ortega,mx MEX,MF,Atlético,22,2002,0.1,0,0,0,0,0,0,0,0,2,0,0,0,1,0,0,,Matches
455,Miguel Ortega,mx MEX,GK,Tijuana,29,1995,3.0,0,0,0,0,1,0,0,0,0,0,0,0,8,0,0,,Matches
456,Pablo Ortiz,mx MEX,DF,Querétaro,22,2002,9.4,2,0,0,19,6,1,13,9,10,0,1,0,28,10,11,47.6,Matches
457,Youssef Ortiz,mx MEX,DF,León,17,2006,0.1,0,0,0,0,0,0,0,0,0,0,0,0,1,0,0,,Matches
458,José Pablo Saldívar,mx MEX,MF,Pachuca,21,2003,3.2,0,0,0,9,1,0,0,3,6,0,0,0,13,3,8,27.3,Matches
459,Juan Pablo Vigón,mx MEX,"MF,FW",UANL,33,1991,4.7,0,0,0,5,9,1,5,2,6,0,0,0,9,1,6,14.3,Matches
460,Rodrigo Pachuca,mx MEX,DF,Puebla,19,2005,16.9,3,0,0,21,8,0,3,23,26,0,1,0,52,31,16,66.0,Matches
461,Alex Padilla,es ESP,GK,UNAM,20,2003,10.0,1,0,0,0,1,0,0,0,0,0,0,0,10,3,0,100.0,Matches
462,Yael Padilla,mx MEX,"MF,FW",Guadalajara,18,2005,10.8,2,0,0,20,7,3,35,2,16,0,0,0,47,4,29,12.1,Matches
463,Joshua Palacios,mx MEX,MF,Necaxa,17,2007,0.1,0,0,0,0,0,0,0,0,0,0,0,0,0,0,0,,Matches
464,Agustín Palavecino,ar ARG,MF,Necaxa,27,1996,32.8,7,0,0,54,52,1,114,38,60,1,0,0,250,22,38,36.7,Matches
465,Arturo Palma,mx MEX,"DF,MF",Necaxa,22,2002,5.9,2,0,0,9,6,0,22,3,6,0,1,0,25,3,10,23.1,Matches
466,José Paradela,ar ARG,"MF,FW",Necaxa,25,1998,32.0,6,0,0,38,55,1,135,21,43,0,0,0,156,13,29,31.0,Matches
467,Bernardo Parra,mx MEX,MF,UANL,19,2005,6.0,1,0,0,6,4,0,4,8,7,0,0,0,28,4,2,66.7,Matches
468,Paulinho,pt POR,FW,Toluca,31,1992,29.4,6,0,0,47,39,30,6,4,13,1,0,0,61,35,40,46.7,Matches
469,Denilson Paz,mx MEX,MF,Puebla,19,2005,0.4,0,0,0,0,0,0,0,0,0,0,0,0,0,0,0,,Matches
470,Pedro Pedraza,mx MEX,MF,Pachuca,24,2000,18.6,9,0,0,32,13,0,4,38,40,0,0,0,74,14,19,42.4,Matches
471,Federico Pereira,uy URU,DF,Toluca,24,2000,22.5,5,0,0,19,17,1,5,24,36,0,0,0,102,40,28,58.8,Matches
472,Aldahir Perez,mx MEX,MF,Querétaro,19,2004,8.0,1,0,0,9,16,0,7,7,12,0,0,0,36,4,8,33.3,Matches
473,Sebastián Pérez Bouquet,mx MEX,"MF,FW",FC Juárez,21,2003,0.4,0,0,0,0,2,0,1,0,0,0,0,0,2,0,0,,Matches
474,Sebastián Pérez Bouquet,mx MEX,MF,Atlético,21,2003,0.0,0,0,0,0,1,0,1,1,0,0,0,0,1,0,0,,Matches
475,Jonathan Pérez,mx MEX,DF,Santos,18,2005,10.9,4,0,0,11,7,0,3,21,16,0,0,0,31,16,13,55.2,Matches
Rk,Player,Nation,Pos,Squad,Age,Born,90s,CrdY,CrdR,2CrdY,Fls,Fld,Off,Crs,Int,TklW,PKwon,PKcon,OG,Recov,Won,Lost,Won%,Matches
476,Pavel Pérez,mx MEX,"MF,FW",Necaxa,26,1998,9.5,1,0,0,13,14,0,17,6,17,0,0,0,49,2,5,28.6,Matches
477,Pavel Pérez,mx MEX,"MF,FW",Guadalajara,26,1998,1.6,0,0,0,2,2,1,14,1,3,0,0,0,15,2,0,100.0,Matches
478,Jonathan Perlaza,ec ECU,"DF,MF",Querétaro,26,1997,6.0,1,0,0,10,12,1,29,3,11,0,0,0,19,1,3,25.0,Matches
479,Yan Phillipe,br BRA,"FW,MF",Atlético,20,2004,8.8,1,1,0,18,18,5,9,1,8,0,0,0,34,4,8,33.3,Matches
480,Cristiano Piccini,it ITA,DF,Atlético,31,1992,3.3,0,0,0,3,2,0,7,9,3,0,0,0,14,0,7,0.0,Matches
481,Jesús Piñuelas,mx MEX,MF,Toluca,26,1998,0.0,0,0,0,0,0,0,0,1,0,0,0,0,0,0,0,,Matches
482,Jesús Piñuelas,mx MEX,DF,Querétaro,26,1998,2.4,0,0,0,1,2,0,0,1,5,0,0,0,8,3,2,60.0,Matches
483,Gonzalo Piovi,ar ARG,DF,Cruz Azul,29,1994,25.6,10,2,0,24,11,0,31,48,53,0,1,0,123,24,31,43.6,Matches
484,Guido Pizarro,ar ARG,"DF,MF",UANL,34,1990,24.0,4,1,0,15,13,1,6,18,32,0,0,0,91,35,34,50.7,Matches
485,Rodolfo Pizarro,mx MEX,"MF,FW",Mazatlán,30,1994,17.2,2,0,0,38,40,4,36,4,19,0,0,0,66,11,25,30.6,Matches
486,Jackson Porozo,ec ECU,DF,Tijuana,23,2000,12.3,4,0,0,17,7,2,1,21,12,0,1,0,36,26,14,65.0,Matches
487,Osvaldo Rodríguez del Portal,mx MEX,"DF,FW",UANL,27,1996,1.9,1,0,0,6,3,0,5,3,2,0,0,0,7,1,3,25.0,Matches
488,Osvaldo Rodríguez del Portal,mx MEX,"FW,DF",León,27,1996,0.1,0,0,0,1,0,0,0,0,0,0,0,0,2,0,1,0.0,Matches
489,Walter Portales,us USA,"DF,FW",América,20,2004,1.0,0,0,0,1,1,0,4,0,2,0,0,0,4,0,0,,Matches
490,Adonis Preciado,ec ECU,"FW,MF",Querétaro,27,1997,13.7,6,0,0,24,57,16,31,5,12,1,0,0,36,29,25,53.7,Matches
491,Ayrton Preciado,ec ECU,"MF,DF",Querétaro,30,1994,1.5,2,1,1,4,4,3,10,0,2,0,0,0,9,0,3,0.0,Matches
492,Ronaldo Prieto,mx MEX,DF,Santos,27,1997,2.3,1,0,0,3,4,0,4,2,9,0,0,0,4,4,3,57.1,Matches
493,Luis Puente,mx MEX,FW,Pachuca,21,2003,1.1,0,0,0,0,0,0,0,0,0,0,0,0,1,2,6,25.0,Matches
494,Alan Pulido,mx MEX,FW,Guadalajara,33,1991,5.9,1,0,0,3,10,4,1,1,3,0,0,0,14,7,21,25.0,Matches
495,Ignacio Pussetto,ar ARG,"FW,MF",UNAM,28,1995,17.9,3,0,0,30,26,8,27,9,13,1,0,0,41,36,39,48.0,Matches
496,Piero Quispe,pe PER,MF,UNAM,22,2001,20.3,3,1,0,22,36,0,26,14,27,0,0,0,143,1,7,12.5,Matches
497,Alonso Ramírez,mx MEX,MF,Atlas,22,2001,0.6,0,0,0,0,0,0,0,1,1,0,0,0,2,0,1,0.0,Matches
498,Diego Ramirez,mx MEX,FW,UANL,17,2007,0.0,0,0,0,1,0,0,0,0,0,0,0,0,0,0,1,0.0,Matches
499,Héctor Ramírez,mx MEX,DF,UNAM,20,2004,1.3,0,0,0,4,0,1,0,2,1,0,0,0,4,2,1,66.7,Matches
500,Miguel Ramírez,us USA,"MF,FW",América,22,2002,3.5,1,0,0,4,10,1,4,1,3,0,0,0,16,1,6,14.3,Matches
Rk,Player,Nation,Pos,Squad,Age,Born,90s,CrdY,CrdR,2CrdY,Fls,Fld,Off,Crs,Int,TklW,PKwon,PKcon,OG,Recov,Won,Lost,Won%,Matches
501,Paulo Ramírez,mx MEX,MF,Atlas,21,2002,6.9,2,0,0,17,5,1,7,5,9,0,0,0,31,9,3,75.0,Matches
502,Sergio Ramos,es ESP,DF,Monterrey,38,1986,7.7,2,1,0,9,6,0,2,6,8,0,0,0,33,14,7,66.7,Matches
503,José Rangel Aguilar,mx MEX,GK,Guadalajara,24,2000,32.0,6,1,1,0,3,0,0,2,2,0,0,0,46,11,1,91.7,Matches
504,Luis Rey,mx MEX,DF,Guadalajara,21,2002,8.6,3,1,1,9,1,1,0,14,6,0,0,0,23,18,12,60.0,Matches
505,Cristian Reyes,mx MEX,"MF,FW",Monterrey,18,2006,0.2,0,0,0,1,1,0,1,0,0,0,0,0,0,0,1,0.0,Matches
506,Diego Reyes,mx MEX,MF,América,16,2007,0.0,1,0,0,2,0,0,0,0,0,0,0,0,0,0,0,,Matches
507,Diego Reyes,mx MEX,DF,UANL,31,1992,12.7,2,0,0,13,3,1,0,22,10,0,0,0,34,32,25,56.1,Matches
508,Israel Reyes,mx MEX,DF,América,24,2000,23.8,2,0,0,16,7,1,8,51,19,0,1,0,95,48,35,57.8,Matches
509,Salvador Reyes,mx MEX,DF,León,26,1998,31.7,4,0,0,34,23,1,110,27,36,0,1,0,91,22,22,50.0,Matches
510,Emanuel Reynoso,ar ARG,"MF,FW",Tijuana,28,1995,11.1,3,0,0,19,28,2,30,5,16,0,0,0,67,11,15,42.3,Matches
511,Luis Ricardo Reyes,mx MEX,DF,Atlas,33,1991,15.3,2,0,0,14,17,1,60,21,22,0,2,0,53,16,13,55.2,Matches
512,Luis Ricardo Reyes,mx MEX,DF,Monterrey,33,1991,3.3,1,0,0,2,3,0,17,3,7,0,0,0,10,6,0,100.0,Matches
513,Ángel Rico,mx MEX,MF,UNAM,19,2005,9.5,2,0,0,12,14,1,13,3,3,0,0,0,42,9,11,45.0,Matches
514,Emiliano Rigoni,ar ARG,"FW,MF",León,31,1993,5.3,1,0,0,12,1,8,26,0,5,0,0,0,15,3,7,30.0,Matches
515,Martín Río,ar ARG,"MF,DF",Querétaro,23,2001,7.3,2,0,0,17,2,0,2,11,10,0,0,0,27,24,10,70.6,Matches
516,Víctor Ríos,mx MEX,"DF,MF",Atlas,20,2004,17.8,4,0,0,38,12,0,6,28,34,0,0,0,51,40,29,58.0,Matches
517,Jesús Rivas,mx MEX,DF,Puebla,21,2002,9.5,2,0,0,21,4,2,28,9,22,0,0,0,28,6,6,50.0,Matches
518,Jesús Rivas,mx MEX,DF,UNAM,21,2002,1.6,0,0,0,3,0,0,5,3,5,0,0,0,6,1,0,100.0,Matches
519,Ulises Rivas,mx MEX,"MF,DF",UNAM,28,1996,10.3,2,0,0,11,11,0,2,15,14,0,0,0,32,5,8,38.5,Matches
520,Christian Rivera,co COL,MF,Tijuana,28,1996,15.9,2,0,0,45,23,0,1,11,51,0,0,0,113,22,7,75.9,Matches
521,Ignacio Rivero,uy URU,"MF,DF",Cruz Azul,32,1992,22.2,5,0,0,35,25,4,72,11,36,1,0,0,86,17,30,36.2,Matches
522,Ángel Robles,mx MEX,"MF,FW",Puebla,22,2001,2.7,0,0,0,4,6,0,0,3,3,0,0,0,12,1,4,20.0,Matches
523,Carlos Robles,mx MEX,MF,Atlas,24,2000,0.2,0,0,0,0,0,0,0,0,0,0,0,0,1,1,1,50.0,Matches
524,Juan Robles,mx MEX,"MF,DF",Querétaro,20,2003,5.4,1,0,0,9,1,1,19,5,7,0,0,0,18,1,5,16.7,Matches
525,Aldo Rocha,mx MEX,MF,Atlas,31,1992,28.6,6,0,0,35,28,3,24,27,30,0,2,0,153,21,23,47.7,Matches
Rk,Player,Nation,Pos,Squad,Age,Born,90s,CrdY,CrdR,2CrdY,Fls,Fld,Off,Crs,Int,TklW,PKwon,PKcon,OG,Recov,Won,Lost,Won%,Matches
526,Brian Rodríguez,uy URU,"FW,MF",América,24,2000,17.6,2,1,0,17,26,5,71,6,14,0,0,0,54,4,14,22.2,Matches
527,Charly Rodríguez,mx MEX,MF,Cruz Azul,27,1997,28.7,6,0,0,30,25,0,134,24,24,0,0,0,160,6,12,33.3,Matches
528,David Rodriguez,us USA,MF,Atlético,22,2002,0.2,0,0,0,0,2,0,2,0,1,0,0,0,2,0,1,0.0,Matches
529,James Rodríguez,co COL,"MF,FW",León,33,1991,13.6,3,1,1,12,32,8,83,6,7,1,0,0,55,0,3,0.0,Matches
530,Jesús Rodríguez,mx MEX,GK,Puebla,31,1993,4.0,0,0,0,0,0,0,0,0,0,0,0,0,7,1,0,100.0,Matches
531,Jorge Rodríguez,mx MEX,DF,Puebla,22,2001,6.7,2,0,0,5,5,1,14,5,12,0,0,0,11,9,11,45.0,Matches
532,Lucas Rodríguez,ar ARG,"MF,FW",Querétaro,27,1997,21.0,1,0,0,20,42,1,41,11,24,0,0,0,74,7,14,33.3,Matches
533,Michell Rodríguez,mx MEX,"FW,DF",UNAM,23,2000,0.8,0,0,0,1,5,0,3,4,1,0,0,0,6,0,0,,Matches
534,Miguel Rodríguez,mx MEX,"MF,FW",Pachuca,21,2003,5.9,0,0,0,13,10,2,18,2,6,0,0,0,25,2,3,40.0,Matches
535,Salvador Rodríguez,mx MEX,"DF,FW",Mazatlán,22,2001,5.8,2,0,0,6,2,0,9,7,5,0,0,0,17,7,4,63.6,Matches
536,Johan Rojas,co COL,"MF,DF",Necaxa,21,2002,5.9,0,0,0,5,3,1,29,2,12,0,0,0,29,1,5,16.7,Matches
537,Johan Rojas,co COL,"FW,MF",Monterrey,21,2002,6.0,2,0,0,11,7,3,22,2,7,0,0,0,23,5,5,50.0,Matches
538,Franco Romero,ar ARG,MF,Toluca,24,2000,9.3,3,0,0,7,7,0,1,14,12,0,0,0,45,3,5,37.5,Matches
539,Luka Romero,ar ARG,"MF,FW",Cruz Azul,19,2004,7.4,1,0,0,10,12,1,21,0,9,0,0,0,26,2,7,22.2,Matches
540,Luis Romo,mx MEX,"MF,FW",Cruz Azul,29,1995,12.0,2,0,0,9,13,0,6,9,14,0,0,0,51,16,16,50.0,Matches
541,Luis Romo,mx MEX,MF,Guadalajara,29,1995,11.2,1,1,0,9,12,1,12,10,19,1,1,0,51,15,12,55.6,Matches
542,Romulo,br BRA,"DF,MF",UANL,24,2000,6.4,0,0,0,7,4,0,0,9,10,0,1,0,13,9,10,47.4,Matches
543,Salomón Rondón,ve VEN,FW,Pachuca,34,1989,26.6,3,1,0,30,24,21,9,6,6,0,0,0,82,45,35,56.3,Matches
544,Bryan Roque,mx MEX,"MF,FW",Necaxa,19,2004,0.1,1,0,0,1,0,0,0,0,0,0,0,0,2,1,0,100.0,Matches
545,Kevin Rosero,co COL,"DF,MF",Necaxa,25,1998,16.7,5,0,0,25,21,2,60,10,38,0,0,0,79,14,26,35.0,Matches
546,Franco Rossano,mx MEX,DF,América,19,2005,2.3,0,0,0,4,2,0,4,4,1,0,0,0,12,1,4,20.0,Matches
547,Carlos Rotondi,ar ARG,"DF,FW",Cruz Azul,27,1997,27.9,4,0,0,32,11,8,141,24,62,0,0,0,102,20,11,64.5,Matches
548,Fernando Rubén González,mx MEX,MF,Guadalajara,30,1994,22.8,7,0,0,27,20,0,6,28,45,0,0,0,162,24,19,55.8,Matches
549,Rubio Rubin,gt GUA,"FW,MF",Querétaro,28,1996,4.7,0,0,0,2,6,4,4,2,0,0,0,0,8,11,15,42.3,Matches
550,Brian Rubio,mx MEX,FW,Querétaro,27,1996,3.3,1,0,0,9,8,0,1,1,2,0,0,0,14,7,16,30.4,Matches
Rk,Player,Nation,Pos,Squad,Age,Born,90s,CrdY,CrdR,2CrdY,Fls,Fld,Off,Crs,Int,TklW,PKwon,PKcon,OG,Recov,Won,Lost,Won%,Matches
551,Brian Rubio,mx MEX,FW,Mazatlán,27,1996,9.6,3,0,0,21,18,2,8,1,4,0,0,0,27,24,30,44.4,Matches
552,Ronaldo Rubio,mx MEX,MF,Santos,20,2004,0.2,0,0,0,0,0,0,0,0,0,0,0,0,1,0,1,0.0,Matches
553,Marcel Ruiz,mx MEX,MF,Toluca,23,2000,30.5,9,0,0,39,42,3,13,33,65,0,0,0,145,45,26,63.4,Matches
554,Franco Russo,ar ARG,DF,Querétaro,29,1994,26.5,4,2,0,30,18,0,3,50,32,0,2,0,137,44,41,51.8,Matches
555,Jorge Ruvalcaba,mx MEX,"MF,FW",UNAM,23,2001,16.0,4,0,0,13,3,8,45,5,20,0,0,0,57,0,8,0.0,Matches
556,Ángel Saavedra,mx MEX,"FW,DF",Mazatlán,21,2003,0.4,0,0,0,0,0,0,2,0,0,0,0,0,4,0,0,,Matches
557,Javier Salas,mx MEX,"MF,FW",FC Juárez,30,1993,0.0,0,0,0,0,0,0,0,0,0,0,0,0,0,0,0,,Matches
558,Patricio Salas,mx MEX,FW,América,20,2004,1.8,0,0,0,3,3,0,1,0,2,0,0,0,8,1,4,20.0,Matches
559,Carlos Salcedo,mx MEX,DF,FC Juárez,30,1993,12.4,4,1,1,8,4,1,2,17,7,0,1,0,44,27,9,75.0,Matches
560,Sebastien Salles-Lamonge,fr FRA,"MF,FW",Atlético,28,1996,28.7,1,0,0,36,47,2,106,32,8,0,0,0,158,5,8,38.5,Matches
561,Andrés Sánchez,mx MEX,GK,Atlético,26,1997,29.2,4,0,0,0,3,0,0,0,2,0,0,0,40,8,0,100.0,Matches
562,Carlos Sánchez,mx MEX,DF,Pachuca,22,2002,12.3,2,0,0,21,31,1,45,25,24,0,1,0,60,10,10,50.0,Matches
563,Diego Sánchez,mx MEX,FW,UANL,19,2005,2.5,0,0,0,2,5,0,9,1,7,0,0,0,11,0,5,0.0,Matches
564,Erick Sánchez,mx MEX,"MF,FW",América,24,1999,23.1,1,0,0,21,29,1,15,16,14,0,0,0,117,11,17,39.3,Matches
565,Jesús Sánchez García,mx MEX,DF,Guadalajara,34,1989,0.2,0,0,0,0,0,0,0,0,1,0,0,0,0,0,0,,Matches
566,Luis Sánchez,mx MEX,DF,Mazatlán,24,2000,20.6,3,0,0,19,13,2,1,20,9,0,0,0,64,30,34,46.9,Matches
567,Richard Sánchez,py PAR,MF,América,28,1996,9.0,0,1,0,3,10,3,28,4,14,0,0,0,50,3,3,50.0,Matches
568,Raúl Sandoval,mx MEX,"DF,MF",Necaxa,24,2000,3.7,0,0,0,3,5,0,26,4,4,0,0,0,17,4,4,50.0,Matches
569,Anderson Santamaría,pe PER,DF,Santos,32,1992,20.1,8,1,1,24,20,0,3,24,40,0,0,0,66,26,30,46.4,Matches
570,José Santiago Hernández,mx MEX,GK,Atlas,27,1997,3.0,0,1,0,0,0,0,0,0,0,0,0,0,1,1,0,100.0,Matches
571,Emilio Santillán,mx MEX,DF,Santos,20,2003,0.8,0,0,0,1,0,0,1,3,0,0,0,0,3,0,0,,Matches
572,Samir Santos,br BRA,DF,Mazatlán,29,1994,5.7,4,0,0,7,7,0,0,10,7,0,0,0,22,20,7,74.1,Matches
573,Sebastian Santos,mx MEX,DF,León,21,2003,17.3,0,0,0,28,5,0,41,26,44,0,1,0,75,8,3,72.7,Matches
574,Francisco Sebastián Córdova,mx MEX,"FW,MF",UANL,27,1997,15.9,2,0,0,32,24,7,96,8,15,1,0,0,63,19,34,35.8,Matches
575,Ángel Sepúlveda,mx MEX,FW,Cruz Azul,33,1991,16.9,4,0,0,19,20,13,9,2,3,0,1,0,23,39,38,50.6,Matches
Rk,Player,Nation,Pos,Squad,Age,Born,90s,CrdY,CrdR,2CrdY,Fls,Fld,Off,Crs,Int,TklW,PKwon,PKcon,OG,Recov,Won,Lost,Won%,Matches
576,Gilberto Sepúlveda,mx MEX,DF,Guadalajara,25,1999,24.8,3,0,0,28,14,2,1,28,23,0,1,0,95,32,25,56.1,Matches
577,Leonardo Sepulveda,us USA,"FW,DF",Guadalajara,23,2001,0.2,0,0,0,0,0,0,0,2,0,0,0,0,1,1,0,100.0,Matches
578,Jesús Serrato,mx MEX,MF,Atlas,18,2005,4.0,3,0,0,13,6,0,0,3,4,0,0,0,16,3,4,42.9,Matches
579,Yehoshua Shtrimling,il ISR,DF,América,21,2003,1.0,0,0,0,0,0,0,0,0,2,0,0,0,1,0,2,0.0,Matches
580,Jordan Sierra,ec ECU,MF,Mazatlán,27,1997,22.3,2,0,0,13,40,1,3,21,19,0,1,0,144,9,15,37.5,Matches
581,Juan Sigala,mx MEX,FW,Pachuca,17,2007,3.5,0,0,0,7,9,5,5,1,6,0,0,0,12,0,1,0.0,Matches
582,Nathan Silva,br BRA,DF,UNAM,27,1997,26.7,5,0,0,21,10,1,1,30,36,0,0,1,95,41,29,58.6,Matches
583,Carlo Soldati,mx MEX,DF,Querétaro,19,2005,0.1,0,0,0,1,0,0,0,0,0,0,0,0,1,1,1,50.0,Matches
584,Ramiro Sordo,ar ARG,"FW,MF",Santos,24,2000,23.1,6,0,0,25,51,9,99,8,27,0,1,0,98,8,11,42.1,Matches
585,Samuel Sosa,ve VEN,FW,Querétaro,24,1999,7.1,4,0,0,11,11,2,14,1,1,0,0,0,10,3,13,18.8,Matches
586,Leonardo Suárez,ar ARG,"FW,MF",UNAM,28,1996,7.8,0,0,0,13,15,1,50,2,2,1,0,0,32,3,3,50.0,Matches
587,Alessandro Tagle,mx MEX,DF,Monterrey,19,2005,0.7,0,0,0,0,0,0,0,1,0,0,0,0,0,0,0,,Matches
588,Fernando Tapia,mx MEX,GK,UANL,23,2001,3.0,0,0,0,0,0,0,0,0,1,0,0,0,5,1,0,100.0,Matches
589,Miguel Tapias,mx MEX,DF,Guadalajara,27,1997,8.9,2,1,1,9,1,1,2,11,9,0,0,0,30,7,11,38.9,Matches
590,Juan Tejeda,mx MEX,DF,Santos,20,2004,0.0,0,0,0,0,0,0,0,0,0,0,0,0,0,0,0,,Matches
591,Eduardo Tercero,mx MEX,DF,UANL,28,1996,0.4,0,0,0,0,0,0,0,0,0,0,0,0,0,0,0,,Matches
592,Iván Tona,mx MEX,MF,Tijuana,24,2000,21.0,6,0,0,17,20,0,17,17,16,1,0,0,133,16,14,53.3,Matches
593,Alan Torres,mx MEX,MF,Mazatlán,24,2000,12.4,3,0,0,12,4,0,11,7,5,0,1,0,65,5,7,41.7,Matches
594,Dylan Torres,mx MEX,MF,Puebla,20,2004,0.1,0,0,0,0,0,1,0,0,0,0,0,0,1,0,1,0.0,Matches
595,Jairo Torres,mx MEX,"MF,FW",FC Juárez,24,2000,28.3,8,0,0,41,56,5,65,22,18,0,1,0,123,28,28,50.0,Matches
596,Óliver Torres,es ESP,"MF,FW",Monterrey,29,1994,20.1,1,1,0,22,17,4,43,25,19,0,0,0,131,4,6,40.0,Matches
597,Román Torres,mx MEX,"DF,MF",Atlético,19,2004,11.7,1,0,0,11,8,3,38,7,13,0,0,0,33,8,9,47.1,Matches
598,Román Torres,mx MEX,"DF,FW",Necaxa,19,2004,0.1,0,0,0,1,0,0,0,1,0,0,0,0,0,1,0,100.0,Matches
599,Santiago Trigos,mx MEX,MF,UNAM,22,2002,8.5,2,0,0,16,9,0,6,5,15,0,0,0,41,7,4,63.6,Matches
600,Ezequiel Unsain,ar ARG,GK,Necaxa,29,1995,34.0,2,0,0,1,3,0,0,1,0,0,1,0,55,13,0,100.0,Matches
Rk,Player,Nation,Pos,Squad,Age,Born,90s,CrdY,CrdR,2CrdY,Fls,Fld,Off,Crs,Int,TklW,PKwon,PKcon,OG,Recov,Won,Lost,Won%,Matches
601,Héctor Uribe,mx MEX,FW,León,20,2004,0.5,0,0,0,1,1,0,10,0,2,0,0,0,3,0,1,0.0,Matches
602,Diego Valdés,cl CHI,"MF,FW",América,30,1994,10.4,0,0,0,12,16,4,58,2,6,0,0,0,36,6,14,30.0,Matches
603,Christian Valdivia,mx MEX,DF,Cruz Azul,18,2005,0.2,0,0,0,3,0,0,0,1,0,0,0,0,1,0,0,,Matches
604,Aldieri Valenzuela,mx MEX,"FW,MF",Tijuana,21,2003,0.4,0,0,0,0,1,0,1,0,0,0,0,0,0,0,0,,Matches
605,Francisco Valenzuela,mx MEX,MF,Monterrey,17,2007,0.5,0,0,0,2,1,2,1,0,1,0,0,0,1,0,0,,Matches
606,Diego Valoyes,co COL,"FW,MF",FC Juárez,27,1996,7.0,1,0,0,12,12,1,24,1,9,0,0,0,35,8,9,47.1,Matches
607,Camilo Vargas,co COL,GK,Atlas,35,1989,31.0,2,0,0,2,4,0,0,1,1,0,1,0,47,3,2,60.0,Matches
608,William Vargas,ec ECU,DF,Mazatlán,27,1997,1.8,0,0,0,2,2,0,4,2,0,0,2,0,5,3,0,100.0,Matches
609,Brandon Vazquez,us USA,"FW,MF",Monterrey,25,1998,6.2,0,0,0,7,11,6,6,3,1,1,0,0,12,13,17,43.3,Matches
610,Brayton Vázquez,mx MEX,DF,Querétaro,26,1998,3.3,0,0,0,0,2,0,3,6,1,0,0,0,12,7,4,63.6,Matches
611,Miguel Vázquez,mx MEX,DF,América,20,2004,9.8,1,0,0,14,4,1,2,13,4,0,1,0,34,14,14,50.0,Matches
612,Alexis Vega,mx MEX,"FW,MF",Toluca,26,1997,27.9,5,0,0,37,38,4,130,21,39,0,0,0,137,15,11,57.7,Matches
613,Jesús Vega,mx MEX,"FW,DF",Tijuana,24,2000,7.7,0,0,0,5,2,0,31,8,14,0,0,0,24,5,3,62.5,Matches
614,Sebastián Vegas,cl CHI,DF,Monterrey,27,1996,7.0,2,1,0,11,3,0,8,15,13,0,0,0,25,6,13,31.6,Matches
615,Christo Vela,mx MEX,"MF,FW",América,20,2004,0.9,1,0,0,2,3,0,6,0,0,0,0,0,4,0,4,0.0,Matches
616,Kevin Velasco,co COL,"MF,DF",Puebla,27,1997,3.7,0,0,0,6,3,1,15,2,8,0,0,0,21,1,9,10.0,Matches
617,Jesús Venegas,mx MEX,"MF,FW",FC Juárez,29,1995,4.2,1,0,0,3,4,0,0,5,3,0,0,0,12,3,5,37.5,Matches
618,Sebastián Venegas,mx MEX,MF,UNAM,19,2005,0.5,0,0,0,1,0,0,0,0,2,0,0,0,0,0,0,,Matches
619,Patrick Villa,mx MEX,DF,América,20,2003,0.1,0,0,0,0,0,0,0,0,0,0,0,0,0,0,1,0.0,Matches
620,Jonatan Villal,us USA,"FW,MF",Atlético,19,2005,0.6,0,0,0,0,2,0,1,0,1,0,0,0,3,1,1,50.0,Matches
621,Fran Villalba,es ESP,"MF,FW",Santos,26,1998,14.3,1,0,0,9,18,0,39,9,6,0,0,0,47,3,6,33.3,Matches
622,Dieter Villalpando,mx MEX,"MF,FW",FC Juárez,32,1991,21.6,3,0,0,16,28,1,41,8,20,0,0,0,99,12,15,44.4,Matches
623,Isaías Violante,mx MEX,"FW,MF",Toluca,20,2003,13.5,4,0,0,21,11,2,24,8,9,0,0,0,33,10,14,41.7,Matches
624,Vitinho,br BRA,"FW,MF",Atlético,23,2001,18.8,4,0,0,17,19,5,26,6,7,1,0,0,69,4,9,30.8,Matches
625,Tiago Volpi,br BRA,GK,Toluca,33,1990,19.0,1,0,0,0,7,0,0,0,0,0,0,0,27,1,0,100.0,Matches
Rk,Player,Nation,Pos,Squad,Age,Born,90s,CrdY,CrdR,2CrdY,Fls,Fld,Off,Crs,Int,TklW,PKwon,PKcon,OG,Recov,Won,Lost,Won%,Matches
626,Facundo Waller,uy URU,MF,Puebla,27,1997,17.5,8,1,0,50,40,2,64,19,34,0,0,0,109,8,16,33.3,Matches
627,Teun Wilke,mx MEX,FW,Guadalajara,22,2002,6.0,3,0,0,9,7,1,2,0,2,0,0,0,9,17,24,41.5,Matches
628,Édgar Yoel Bárcenas,pa PAN,"MF,FW",Mazatlán,30,1993,22.3,2,0,0,28,26,6,123,17,25,0,0,0,123,14,18,43.8,Matches
629,Ángel Zaldívar,mx MEX,FW,FC Juárez,30,1994,12.7,2,0,0,21,9,1,1,1,5,0,0,0,31,17,47,26.6,Matches
630,Edgar Zaldívar,mx MEX,DF,Atlas,27,1996,11.1,1,0,0,12,21,2,18,15,17,0,0,0,39,12,10,54.5,Matches
631,Saúl Zamora,mx MEX,DF,Guadalajara,21,2003,0.1,0,0,0,0,0,0,0,0,0,0,0,0,0,0,0,,Matches
632,Ángel Zapata,mx MEX,"MF,FW",Querétaro,23,2001,0.0,0,0,0,1,0,0,0,0,0,0,0,0,0,0,0,,Matches
633,Alejandro Zendejas,us USA,"FW,MF",América,26,1998,21.8,4,0,0,25,45,2,59,9,25,1,0,0,82,10,14,41.7,Matches
634,José Zúñiga,co COL,"FW,MF",Tijuana,30,1994,23.4,4,0,0,28,29,7,14,7,10,2,0,0,56,36,40,47.4,Matches
635,Uroš Đurđević,me MNE,FW,Atlas,30,1994,18.5,3,0,0,20,34,14,18,1,2,2,0,0,40,21,23,47.7,Matches
