rk,player,nation,pos,squad,age,born,90s,cmp,att,cmp_total,totdist,prgdist,cmp_short,att_short,cmp_medium,att_medium,cmp_long,att_long,ast,xag,xa,a_xag,kp,1_3,ppa,crspa,prgp,matches
1,Yunis Abdelhamid,ma MAR,DF,Reims,33,1987,33.1,1284,1578,81.4,25516,9586,415,469,715,787,145,266,0,0.8,0.6,-0.8,9,95,7,0,119,Matches
2,Salis Abdul Samed,gh GHA,MF,Clermont Foot,21,2000,27.4,1535,1701,90.2,25518,5456,748,805,655,699,108,129,0,0.9,0.8,-0.9,17,87,13,1,108,Matches
3,Laurent Abergel,fr FRA,MF,Lorient,28,1993,32.8,1342,1660,80.8,23767,6837,606,679,535,620,152,236,2,3.7,2.6,-1.7,35,147,23,9,171,Matches
4,Charles Abi,fr FRA,FW,Saint-Étienne,21,2000,0.5,3,7,42.9,46,0,2,3,1,3,0,0,0,0.0,0.0,0.0,0,0,0,0,0,Matches
5,Matthis Abline,fr FRA,FW,Rennes,18,2003,1.1,7,9,77.8,72,15,5,7,1,1,0,0,0,0.0,0.0,0.0,0,0,1,0,2,Matches
6,Mohamed Achi,fr FRA,MF,Nantes,19,2002,0.1,6,9,66.7,102,10,1,1,3,6,1,1,0,0.0,0.0,0.0,0,0,0,0,0,Matches
7,Martin Adeline,fr FRA,"MF,FW",Reims,17,2003,3.9,107,147,72.8,1681,608,51,63,39,47,9,14,0,0.5,0.2,-0.5,3,8,3,0,16,Matches
8,Yacine Adli,fr FRA,"MF,FW",Bordeaux,21,2000,25.1,906,1251,72.4,17505,6047,410,480,310,407,157,279,7,5.7,4.3,+1.3,59,122,36,4,164,Matches
9,Lucien Agoume,fr FRA,MF,Brest,19,2002,20.8,836,996,83.9,15009,4513,371,417,328,377,112,141,0,0.7,0.6,-0.7,13,86,8,0,116,Matches
10,Nayef Aguerd,ma MAR,DF,Rennes,25,1996,30.4,1959,2204,88.9,40414,15329,613,660,1050,1106,277,398,2,0.3,0.3,+1.7,4,118,2,0,101,Matches
11,Ruben Aguilar,fr FRA,DF,Monaco,28,1993,23.8,1435,1728,83.0,23194,8766,745,806,559,658,93,178,2,0.9,2.9,+1.1,12,124,32,5,157,Matches
12,Anel Ahmedhodžić,ba BIH,DF,Bordeaux,22,1999,15.0,766,858,89.3,14146,4562,310,333,353,381,89,120,1,0.9,0.4,+0.1,11,39,5,1,63,Matches
13,Jean-Eudes Aholou,ci CIV,MF,Strasbourg,27,1994,11.2,339,412,82.3,5149,1077,164,191,131,147,21,37,1,0.8,1.0,+0.2,6,23,9,1,38,Matches
14,Ludovic Ajorque,fr FRA,FW,Strasbourg,27,1994,30.4,653,906,72.1,9171,1389,386,506,172,239,43,61,8,7.0,4.0,+1.0,46,30,23,4,69,Matches
15,Maghnes Akliouche,fr FRA,"MF,FW",Monaco,19,2002,0.6,20,22,90.9,254,86,15,15,4,6,1,1,0,0.0,0.1,0.0,1,3,3,0,5,Matches
16,Sofiane Alakouch,ma MAR,"DF,MF",Metz,23,1998,1.8,83,103,80.6,1154,309,52,56,27,33,2,5,0,0.0,0.0,0.0,1,6,0,0,5,Matches
17,Josué Albert,gf GUF,DF,Clermont Foot,29,1992,0.2,5,6,83.3,62,35,3,3,2,3,0,0,0,0.0,0.0,0.0,0,0,0,0,0,Matches
18,Doğan Alemdar,tr TUR,GK,Rennes,18,2002,12.0,287,391,73.4,7942,5718,48,48,149,151,89,191,0,0.0,0.0,0.0,0,2,0,0,1,Matches
19,Mohamed Ali Cho,fr FRA,FW,Angers,17,2004,20.4,220,314,70.1,2951,510,132,159,63,92,9,21,1,2.7,2.4,-1.7,14,17,10,2,22,Matches
20,Jim Allevinah,ga GAB,FW,Clermont Foot,26,1995,16.5,416,545,76.3,6103,1306,245,287,123,164,29,44,2,1.9,1.4,+0.1,15,44,10,2,56,Matches
21,Ibrahim Amadou,fr FRA,"DF,MF",Metz,28,1993,9.0,384,439,87.5,7290,2224,127,138,203,224,43,60,0,0.1,0.0,-0.1,3,10,0,0,21,Matches
22,Jordan Amavi,fr FRA,DF,Nice,27,1994,4.6,269,319,84.3,4444,1417,144,156,96,113,26,39,0,0.1,0.1,-0.1,1,27,2,0,28,Matches
23,Jordan Amavi,fr FRA,"DF,FW",Marseille,27,1994,1.4,74,86,86.0,1244,321,38,43,29,31,6,9,0,0.0,0.1,0.0,1,7,3,1,9,Matches
24,Benjamin André,fr FRA,MF,Lille,30,1990,30.6,1404,1766,79.5,22765,6915,691,804,524,623,113,187,1,1.3,1.3,-0.3,15,145,12,2,178,Matches
25,Houssem Aouar,dz ALG,"MF,FW",Lyon,23,1998,27.8,1243,1446,86.0,18236,4604,718,783,393,453,75,100,4,4.5,5.2,-0.5,38,128,34,1,165,Matches
Rk,Player,Nation,Pos,Squad,Age,Born,90s,Cmp,Att,Cmp%,TotDist,PrgDist,Cmp,Att,Cmp,Att,Cmp,Att,Ast,xAG,xA,A-xAG,KP,1/3,PPA,CrsPA,PrgP,Matches
26,Adil Aouchiche,fr FRA,"MF,FW",Saint-Étienne,19,2002,12.0,457,614,74.4,7867,2112,220,255,148,183,55,107,4,1.6,1.3,+2.4,17,48,9,3,75,Matches
27,Dennis Appiah,fr FRA,DF,Nantes,29,1992,23.3,756,1001,75.5,13014,5913,348,399,319,404,71,139,0,0.3,1.0,-0.3,3,43,12,7,69,Matches
28,Lorenz Assignon,tg TOG,DF,Rennes,21,2000,6.8,306,383,79.9,5021,1280,141,164,137,161,21,34,2,1.1,0.9,+0.9,7,15,5,1,27,Matches
29,Youcef Atal,dz ALG,DF,Nice,25,1996,12.7,556,738,75.3,8234,2706,321,361,168,231,40,88,1,1.3,1.5,-0.3,12,31,16,7,44,Matches
30,Jean-Kévin Augustin,fr FRA,"FW,MF",Nantes,24,1997,0.9,11,14,78.6,133,3,5,5,4,7,0,0,0,0.0,0.0,0.0,0,0,0,0,0,Matches
31,Karim Azamoum,fr FRA,DF,Troyes,31,1990,4.3,102,148,68.9,1716,670,53,64,41,55,7,22,0,0.0,0.0,0.0,0,2,0,0,6,Matches
32,Loïc Bade,fr FRA,DF,Rennes,21,2000,10.9,655,729,89.8,13508,4362,177,196,398,422,74,104,1,0.5,0.3,+0.5,2,34,3,1,45,Matches
33,Benoît Badiashile,fr FRA,DF,Monaco,20,2001,20.4,1212,1380,87.8,23885,8490,395,437,662,710,136,198,0,0.4,0.6,-0.4,3,81,2,0,111,Matches
34,Youssouph Badji,sn SEN,"FW,MF",Brest,19,2001,1.5,22,35,62.9,210,44,18,28,1,3,0,0,0,0.1,0.2,-0.1,2,2,0,0,0,Matches
35,Stéphane Bahoken,cm CMR,FW,Angers,29,1992,12.2,157,218,72.0,2051,397,82,105,41,54,10,16,1,1.3,0.5,-0.3,8,10,4,1,15,Matches
36,Dénys Bain,fr FRA,DF,Brest,28,1993,2.0,79,84,94.0,1670,707,16,17,49,51,13,14,0,0.0,0.0,0.0,0,3,0,0,8,Matches
37,Stefan Bajic,fr FRA,GK,Saint-Étienne,19,2001,5.7,130,186,69.9,3466,2833,29,29,67,67,34,89,0,0.0,0.0,0.0,0,2,0,0,0,Matches
38,Cédric Bakambu,cd COD,FW,Marseille,30,1991,4.0,50,67,74.6,684,148,30,34,15,23,1,3,0,0.4,0.3,-0.4,7,3,1,0,9,Matches
39,Abdoulaye Bakayoko,fr FRA,DF,Saint-Étienne,18,2002,3.4,93,136,68.4,1619,718,37,43,46,59,7,26,0,0.0,0.0,0.0,0,6,1,0,7,Matches
40,Dilane Bakwa,fr FRA,"FW,MF",Bordeaux,18,2002,0.5,7,14,50.0,107,23,2,5,2,4,1,2,0,0.0,0.0,0.0,0,0,0,0,0,Matches
41,Ibrahima Baldé,fr FRA,"FW,MF",Lens,18,2003,0.6,7,11,63.6,105,26,3,6,4,5,0,0,0,0.0,0.0,0.0,1,0,0,0,0,Matches
42,Leonardo Balerdi,ar ARG,DF,Marseille,22,1999,10.6,753,819,91.9,14191,4930,269,283,396,418,80,107,0,0.0,0.1,0.0,1,32,0,0,41,Matches
43,Abdoulaye Bamba,ci CIV,"DF,FW",Angers,31,1990,5.1,140,183,76.5,2236,914,70,79,56,74,8,19,0,0.1,0.1,-0.1,2,7,2,1,13,Matches
44,Jonathan Bamba,ci CIV,"MF,FW",Lille,25,1996,27.0,866,1148,75.4,13258,4314,511,587,235,301,79,154,2,3.7,4.8,-1.7,46,76,34,8,116,Matches
45,Simon Banza,cd COD,FW,Lens,24,1996,1.4,18,31,58.1,296,70,10,16,5,8,2,3,1,0.7,0.6,+0.3,2,1,0,0,1,Matches
46,Danilo Barbosa,br BRA,DF,Nice,25,1996,1.0,32,42,76.2,596,204,10,12,17,19,4,8,0,0.0,0.0,0.0,0,1,0,0,4,Matches
47,Bradley Barcola,fr FRA,"FW,MF",Lyon,18,2002,2.9,57,81,70.4,759,237,38,49,13,22,2,3,1,0.6,1.0,+0.4,6,3,7,3,9,Matches
48,Melvin Bard,fr FRA,DF,Nice,20,2000,28.8,1508,1878,80.3,24327,8654,790,882,560,677,112,206,2,3.4,2.4,-1.4,22,111,22,13,134,Matches
49,Toma Bašić,hr CRO,MF,Bordeaux,24,1996,2.3,67,95,70.5,1318,354,27,30,29,40,11,23,1,0.4,0.4,+0.6,5,6,1,1,9,Matches
50,Amine Bassi,fr FRA,"MF,FW",Metz,23,1997,2.0,85,117,72.6,1461,496,41,53,37,44,6,15,0,0.4,0.4,-0.4,7,13,0,0,13,Matches
Rk,Player,Nation,Pos,Squad,Age,Born,90s,Cmp,Att,Cmp%,TotDist,PrgDist,Cmp,Att,Cmp,Att,Cmp,Att,Ast,xAG,xA,A-xAG,KP,1/3,PPA,CrsPA,PrgP,Matches
51,Paul Baysse,fr FRA,"MF,DF",Bordeaux,33,1988,0.1,2,4,50.0,47,12,0,1,1,1,1,2,0,0.0,0.0,0.0,0,0,0,0,0,Matches
52,Youcef Belaïli,dz ALG,"MF,FW",Brest,29,1992,9.2,271,390,69.5,5100,1639,123,148,88,119,46,85,2,2.8,2.3,-0.8,18,31,17,2,42,Matches
53,Haris Belkebla,dz ALG,MF,Brest,27,1994,25.7,826,986,83.8,14445,4109,381,430,337,396,89,117,0,0.8,1.3,-0.8,15,71,11,4,98,Matches
54,Jean-Ricner Bellegarde,ht HAI,MF,Strasbourg,23,1998,25.9,876,1073,81.6,14498,3130,422,472,348,404,78,130,3,2.7,2.4,+0.3,23,75,18,2,107,Matches
55,Jeanuël Belocian,fr FRA,DF,Rennes,16,2005,0.1,8,10,80.0,126,46,3,3,4,5,0,1,0,0.0,0.0,0.0,0,0,0,0,0,Matches
56,Hatem Ben Arfa,fr FRA,"FW,MF",Lille,34,1987,3.5,132,153,86.3,1922,355,77,80,40,49,8,13,1,0.7,1.1,+0.3,6,5,4,0,14,Matches
57,Salim Ben Seghir,fr FRA,MF,Marseille,18,2003,0.0,0,0,,0,0,0,0,0,0,0,0,0,0.0,0.0,0.0,0,0,0,0,0,Matches
58,Wissam Ben Yedder,fr FRA,FW,Monaco,30,1990,28.1,496,688,72.1,6662,1285,299,370,146,216,20,32,5,5.0,5.0,0.0,32,32,31,0,73,Matches
59,Darío Benedetto,ar ARG,"FW,MF",Marseille,31,1990,0.6,9,12,75.0,153,32,3,4,5,6,0,1,0,0.0,0.0,0.0,1,1,0,0,2,Matches
60,Walter Benítez,ar ARG,GK,Nice,28,1993,37.0,777,1036,75.0,20536,15856,213,213,330,337,232,481,0,0.0,0.1,0.0,0,6,1,0,0,Matches
61,Loris Benito,ch SUI,DF,Bordeaux,29,1992,0.7,42,52,80.8,781,289,11,14,30,33,1,5,0,0.0,0.0,0.0,0,1,0,0,5,Matches
62,Nabil Bentaleb,dz ALG,MF,Angers,26,1994,16.8,755,913,82.7,13017,4028,324,370,333,387,66,96,0,0.1,0.4,-0.1,3,81,5,0,82,Matches
63,Patrick Berg,no NOR,MF,Lens,23,1997,3.4,179,218,82.1,2936,633,83,95,75,92,12,18,0,0.0,0.1,0.0,1,13,1,0,15,Matches
64,Mitchell van Bergen,nl NED,"FW,MF",Reims,21,1999,10.9,139,225,61.8,2171,618,77,95,34,55,20,47,0,1.3,1.1,-1.3,18,1,12,5,14,Matches
65,Valon Berisha,xk KVX,"MF,FW",Reims,28,1993,5.1,126,188,67.0,2198,751,62,85,38,51,17,35,1,0.5,0.5,+0.5,8,13,4,2,20,Matches
66,Paul Bernardoni,fr FRA,GK,Angers,24,1997,13.0,267,340,78.5,7530,4954,27,27,146,150,92,160,0,0.0,0.0,0.0,0,2,0,0,0,Matches
67,Paul Bernardoni,fr FRA,GK,Saint-Étienne,24,1997,19.0,330,581,56.8,9834,7547,57,58,147,152,124,367,0,0.0,0.0,0.0,0,7,0,0,0,Matches
68,Juan Bernat,es ESP,"DF,MF",Paris S-G,28,1993,10.6,628,681,92.2,8076,1920,420,445,173,185,10,17,0,0.7,1.0,-0.7,5,37,5,1,30,Matches
69,Dimitry Bertaud,cd COD,GK,Montpellier,23,1998,9.3,223,313,71.2,5837,4461,54,54,105,105,64,153,0,0.0,0.0,0.0,0,0,0,0,0,Matches
70,Jason Berthomier,fr FRA,MF,Clermont Foot,31,1990,19.2,1158,1427,81.1,18350,4969,642,700,368,436,104,214,5,3.9,4.7,+1.1,46,103,20,6,134,Matches
71,Giulian Biancone,fr FRA,"DF,MF",Troyes,21,2000,25.5,939,1279,73.4,16275,6666,430,522,394,504,86,184,2,1.0,1.3,+1.0,14,68,18,13,87,Matches
72,El Bilal Touré,ml MLI,FW,Reims,19,2001,13.3,242,330,73.3,3005,497,167,211,57,79,5,9,4,1.7,0.8,+2.3,11,17,6,1,23,Matches
73,Jean-Claude Billong,cm CMR,DF,Clermont Foot,27,1993,10.9,417,490,85.1,8059,2765,131,146,233,251,42,70,0,0.1,0.1,-0.1,1,12,1,1,21,Matches
74,Nathan Bitumazala,fr FRA,DF,Paris S-G,18,2002,0.1,9,10,90.0,124,22,5,6,4,4,0,0,0,0.0,0.0,0.0,0,0,0,0,0,Matches
75,Marco Bizot,nl NED,GK,Brest,30,1991,38.0,851,1207,70.5,29158,23011,86,86,371,376,393,742,1,0.1,0.1,+0.9,2,22,0,0,0,Matches
Rk,Player,Nation,Pos,Squad,Age,Born,90s,Cmp,Att,Cmp%,TotDist,PrgDist,Cmp,Att,Cmp,Att,Cmp,Att,Ast,xAG,xA,A-xAG,KP,1/3,PPA,CrsPA,PrgP,Matches
76,Ludovic Blas,fr FRA,"MF,FW",Nantes,23,1997,32.9,833,1056,78.9,16142,3862,354,422,333,396,129,172,5,3.9,2.9,+1.1,41,112,29,9,157,Matches
77,Myron Boadu,nl NED,FW,Monaco,20,2001,10.7,128,167,76.6,1763,280,79,96,39,48,4,6,1,0.6,0.8,+0.4,6,11,1,0,11,Matches
78,Jérôme Boateng,de GER,DF,Lyon,32,1988,18.0,991,1135,87.3,20956,8278,244,263,606,638,133,222,1,1.7,1.2,-0.7,8,80,7,2,85,Matches
79,Antonin Bobichon,fr FRA,"MF,FW",Angers,25,1995,0.4,12,17,70.6,178,51,8,9,4,6,0,1,0,0.0,0.0,0.0,0,2,0,0,1,Matches
80,Quentin Boisgard,fr FRA,"MF,FW",Lorient,24,1997,10.6,286,396,72.2,4496,1285,154,189,87,117,25,50,1,1.4,0.8,-0.4,11,28,8,1,31,Matches
81,Charles Boli,fr FRA,"MF,DF",Lens,22,1998,0.4,16,20,80.0,254,40,9,10,6,6,1,2,0,0.0,0.0,0.0,0,2,0,0,2,Matches
82,Sven Botman,nl NED,DF,Lille,21,2000,25.0,1340,1525,87.9,26020,10123,488,531,662,714,170,238,1,0.2,0.5,+0.8,7,58,3,0,79,Matches
83,Denis Bouanga,ga GAB,"FW,MF",Saint-Étienne,26,1994,27.1,539,795,67.8,8918,2448,299,378,150,229,56,112,6,4.9,4.1,+1.1,33,45,22,8,66,Matches
84,Hicham Boudaoui,dz ALG,MF,Nice,21,1999,18.0,499,665,75.0,6827,1477,317,373,137,176,18,49,2,2.7,2.4,-0.7,15,38,15,7,47,Matches
85,Ryad Boudebouz,dz ALG,"MF,FW",Saint-Étienne,31,1990,25.0,1233,1586,77.7,21760,5824,563,647,451,562,156,256,4,3.6,3.5,+0.4,53,119,21,4,182,Matches
86,Sofiane Boufal,ma MAR,"FW,MF",Angers,27,1993,25.9,746,1016,73.4,12458,3618,387,461,241,308,79,157,4,6.4,5.2,-2.4,56,65,33,4,125,Matches
87,Farid Boulaya,dz ALG,"MF,FW",Metz,28,1993,17.0,505,760,66.4,9452,3071,223,294,162,224,93,171,2,3.5,3.6,-1.5,32,59,17,2,74,Matches
88,Ismaël Boura,km COM,DF,Lens,20,2000,1.1,61,72,84.7,1032,340,31,32,20,24,7,13,0,0.0,0.0,0.0,0,1,1,0,3,Matches
89,Benjamin Bourigeaud,fr FRA,"FW,MF",Rennes,27,1994,35.5,1374,1942,70.8,26382,8525,576,690,541,695,223,430,12,12.3,11.6,-0.3,122,133,82,26,201,Matches
90,Redwan Bourles,fr FRA,"MF,FW",Lorient,18,2003,0.2,4,7,57.1,58,20,2,4,2,2,0,0,0,0.0,0.1,0.0,0,0,1,0,1,Matches
91,Domagoj Bradarić,hr CRO,DF,Lille,21,1999,4.6,220,297,74.1,3571,1028,109,126,92,116,16,43,0,0.7,0.8,-0.7,6,19,3,2,15,Matches
92,Bilal Brahimi,dz ALG,MF,Nice,21,2000,4.2,126,181,69.6,2142,465,60,73,42,63,15,29,0,0.9,0.7,-0.9,10,6,8,7,9,Matches
93,Bilal Brahimi,dz ALG,FW,Angers,21,2000,3.8,66,95,69.5,953,255,39,47,19,28,5,9,1,0.9,0.8,+0.1,7,2,5,2,5,Matches
94,Lilian Brassier,fr FRA,DF,Brest,21,1999,25.1,1012,1273,79.5,21613,8622,296,343,534,607,169,287,0,0.6,0.4,-0.6,8,91,9,1,86,Matches
95,Jimmy Briand,fr FRA,"FW,MF",Bordeaux,35,1985,2.5,64,77,83.1,816,207,43,48,16,21,1,1,1,1.0,0.7,0.0,11,3,4,0,7,Matches
96,Dylan Bronn,tn TUN,DF,Metz,26,1995,28.3,955,1185,80.6,18748,7367,338,385,488,546,118,218,2,1.2,1.0,+0.8,4,63,4,1,58,Matches
97,Osman Bukari,gh GHA,"FW,MF",Nantes,22,1998,11.2,220,299,73.6,2723,644,145,172,58,80,4,16,4,2.8,1.7,+1.2,18,10,6,2,20,Matches
98,Maxime Busi,be BEL,DF,Reims,21,1999,14.4,548,709,77.3,9362,3622,270,300,225,276,46,101,0,1.1,0.8,-1.1,17,44,14,4,60,Matches
99,Oriol Busquets,es ESP,MF,Clermont Foot,22,1999,2.2,110,124,88.7,1860,580,61,68,30,35,15,17,0,0.0,0.0,0.0,0,10,0,0,10,Matches
100,Marcin Bułka,pl POL,GK,Nice,21,1999,1.0,21,24,87.5,373,246,7,8,13,13,1,3,0,0.0,0.0,0.0,0,0,0,0,0,Matches
Rk,Player,Nation,Pos,Squad,Age,Born,90s,Cmp,Att,Cmp%,TotDist,PrgDist,Cmp,Att,Cmp,Att,Cmp,Att,Ast,xAG,xA,A-xAG,KP,1/3,PPA,CrsPA,PrgP,Matches
101,Rémy Cabella,fr FRA,"MF,FW",Montpellier,31,1990,3.5,175,211,82.9,2612,872,108,126,51,58,10,16,0,0.6,0.9,-0.6,8,24,8,0,34,Matches
102,Jimmy Cabot,fr FRA,DF,Angers,27,1994,22.3,1081,1381,78.3,18917,5045,536,597,424,524,107,196,5,1.7,1.5,+3.3,18,55,23,10,77,Matches
103,Anthony Caci,fr FRA,DF,Strasbourg,24,1997,26.6,1260,1627,77.4,23631,8890,516,594,553,675,164,278,3,4.0,3.6,-1.0,28,125,31,18,174,Matches
104,Mathieu Cafaro,fr FRA,"MF,FW",Reims,24,1997,2.1,44,84,52.4,792,312,17,31,23,29,3,21,0,0.1,0.4,-0.1,2,2,5,2,6,Matches
105,Yannick Cahuzac,fr FRA,MF,Lens,36,1985,6.9,214,251,85.3,3284,758,114,127,87,101,8,12,0,0.0,0.2,0.0,1,21,2,0,19,Matches
106,Marc-Aurèle Caillard,fr FRA,GK,Metz,27,1994,17.1,269,455,59.1,9691,8167,28,28,113,117,127,308,0,0.0,0.0,0.0,0,7,0,0,0,Matches
107,Jens Cajuste,se SWE,"MF,FW",Reims,21,1999,4.0,66,96,68.8,1141,304,31,37,25,40,7,9,0,0.0,0.1,0.0,2,4,1,0,13,Matches
108,Duje Ćaleta-Car,hr CRO,DF,Marseille,24,1996,22.9,1668,1820,91.6,32452,10224,573,603,878,913,195,269,0,0.6,0.8,-0.6,3,95,6,0,83,Matches
109,Lucas Calodat,fr FRA,DF,Saint-Étienne,19,2002,0.0,2,2,100.0,27,9,1,1,1,1,0,0,0,0.0,0.0,0.0,0,0,0,0,0,Matches
110,Mahdi Camara,fr FRA,"MF,DF",Saint-Étienne,23,1998,34.1,1233,1502,82.1,18281,5379,682,781,426,494,65,112,0,1.3,1.3,-1.3,30,114,11,3,132,Matches
111,Mamadou Camara,ml MLI,FW,Troyes,20,2001,0.4,9,13,69.2,153,6,1,2,5,7,1,1,0,0.0,0.0,0.0,0,0,0,0,0,Matches
112,Eduardo Camavinga,fr FRA,MF,Rennes,18,2002,1.6,67,74,90.5,1373,236,25,30,27,28,13,13,0,0.0,0.0,0.0,1,6,0,0,8,Matches
113,Fali Candé,gw GNB,DF,Metz,23,1998,10.8,348,488,71.3,5944,2533,168,197,146,190,34,82,2,1.5,1.5,+0.5,12,16,4,3,20,Matches
114,Pierrick Capelle,fr FRA,"MF,DF",Angers,34,1987,13.3,456,563,81.0,7826,2216,206,239,192,216,44,66,1,1.9,0.6,-0.9,14,38,3,1,50,Matches
115,Maxence Caqueret,fr FRA,MF,Lyon,21,2000,25.9,1313,1548,84.8,20304,6564,694,779,473,527,85,122,0,1.7,2.4,-1.7,24,172,16,1,154,Matches
116,Irvin Cardona,mt MLT,"FW,MF",Brest,23,1997,14.8,209,324,64.5,2936,715,129,167,52,72,14,45,2,1.7,1.6,+0.3,15,10,6,2,18,Matches
117,Igor Carioca,br BRA,DF,Lorient,24,1996,17.5,584,777,75.2,9338,3012,283,324,237,299,41,79,0,0.7,0.8,-0.7,10,32,12,7,43,Matches
118,Moreto Cassamã,gw GNB,MF,Reims,23,1998,8.9,351,434,80.9,6813,1909,138,157,149,164,57,83,0,0.5,0.6,-0.5,8,47,4,0,45,Matches
119,Jean-Charles Castelletto,cm CMR,DF,Nantes,26,1995,27.9,1036,1208,85.8,19254,7350,369,417,531,579,105,167,0,0.2,0.3,-0.2,6,97,5,1,95,Matches
120,Zeki Çelik,tr TUR,DF,Lille,24,1997,30.0,1390,1755,79.2,22094,8085,740,829,506,623,102,194,3,1.8,2.8,+1.2,23,109,34,12,172,Matches
121,Fabien Centonze,fr FRA,DF,Metz,25,1996,17.6,591,769,76.9,8827,3879,350,398,198,261,29,69,1,0.5,0.5,+0.5,11,41,11,5,55,Matches
122,El Chadaille Bitshiabu,fr FRA,DF,Paris S-G,16,2005,0.1,6,6,100.0,113,29,4,4,1,1,1,1,0,0.0,0.0,0.0,0,0,0,0,1,Matches
123,Nassim Chadli,fr FRA,"MF,DF",Troyes,20,2001,1.1,26,43,60.5,360,112,17,20,7,14,1,4,0,0.0,0.0,0.0,1,5,0,0,2,Matches
124,Mehdi Chahiri,ma MAR,DF,Strasbourg,25,1996,0.2,2,6,33.3,38,13,1,3,1,1,0,1,0,0.0,0.0,0.0,0,0,0,0,1,Matches
125,Dylan Chambost,fr FRA,"MF,FW",Troyes,23,1997,8.4,379,492,77.0,6344,1758,178,208,152,187,33,63,1,0.6,0.7,+0.4,9,34,7,2,47,Matches
Rk,Player,Nation,Pos,Squad,Age,Born,90s,Cmp,Att,Cmp%,TotDist,PrgDist,Cmp,Att,Cmp,Att,Cmp,Att,Ast,xAG,xA,A-xAG,KP,1/3,PPA,CrsPA,PrgP,Matches
126,Brendan Chardonnet,fr FRA,DF,Brest,26,1994,29.8,1044,1287,81.1,23958,10114,250,277,549,600,232,374,0,0.4,0.6,-0.4,9,97,3,0,83,Matches
127,Xavier Chavalerin,fr FRA,MF,Troyes,30,1991,30.2,785,1049,74.8,12517,4017,427,487,247,329,70,135,2,3.8,3.0,-1.8,25,66,19,5,93,Matches
128,Xavier Chavalerin,fr FRA,MF,Reims,30,1991,2.4,76,96,79.2,1297,447,39,42,27,32,8,16,0,0.3,0.3,-0.3,3,4,3,1,12,Matches
129,Rayan Cherki,fr FRA,"FW,MF",Lyon,17,2003,4.9,196,262,74.8,2933,766,122,142,53,66,15,37,1,0.7,0.7,+0.3,12,16,6,0,23,Matches
130,Pedro Chirivella,es ESP,MF,Nantes,24,1997,29.3,1457,1719,84.8,27765,7406,600,651,575,630,231,351,1,1.3,1.4,-0.3,25,213,18,1,216,Matches
131,Joris Chotard,fr FRA,MF,Montpellier,19,2001,32.6,1081,1289,83.9,19018,5550,471,536,444,503,122,172,1,0.7,1.2,+0.3,12,71,15,5,91,Matches
132,Alexis Claude-Maurice,fr FRA,MF,Nice,23,1998,2.3,88,103,85.4,1262,269,56,63,23,26,6,7,2,1.2,0.7,+0.8,8,4,3,1,7,Matches
133,Jonathan Clauss,fr FRA,DF,Lens,28,1992,33.8,1243,1883,66.0,22171,9437,594,723,450,639,162,399,11,7.0,7.6,+4.0,74,82,60,23,140,Matches
134,Marcus Coco,fr FRA,"MF,FW",Nantes,25,1996,10.3,224,325,68.9,3260,1250,123,154,73,111,15,33,1,1.5,0.6,-0.5,7,19,5,2,22,Matches
135,Abdu Conté,pt POR,DF,Troyes,23,1998,15.0,447,614,72.8,6811,2488,244,302,159,211,27,57,1,2.1,2.0,-1.1,9,30,9,5,37,Matches
136,Sébastien Corchia,fr FRA,DF,Nantes,30,1990,14.7,367,548,67.0,6314,3079,170,199,161,230,30,79,3,0.6,1.0,+2.4,11,40,10,8,57,Matches
137,Maxwel Cornet,ci CIV,DF,Lyon,24,1996,0.7,33,40,82.5,497,139,17,18,13,15,2,5,0,0.0,0.1,0.0,1,1,1,1,0,Matches
138,David Costa,pt POR,"MF,FW",Lens,20,2001,16.3,646,798,81.0,9138,2325,373,422,205,243,28,60,5,3.5,3.0,+1.5,41,61,20,2,96,Matches
139,Benoît Costil,fr FRA,GK,Bordeaux,34,1987,25.0,632,905,69.8,19839,14847,79,79,259,264,290,556,0,0.0,0.0,0.0,1,8,1,0,2,Matches
140,Kalifa Coulibaly,ml MLI,FW,Nantes,29,1991,9.4,111,191,58.1,1267,281,66,102,23,50,3,4,0,1.3,0.4,-1.3,9,4,5,0,13,Matches
141,Nicolas Cozza,fr FRA,DF,Montpellier,22,1999,30.8,1115,1377,81.0,20482,7047,409,475,573,658,109,187,2,0.6,1.5,+1.4,11,47,9,3,78,Matches
142,Enzo Crivelli,fr FRA,"FW,MF",Saint-Étienne,26,1995,1.1,13,21,61.9,162,35,7,9,4,7,0,0,0,0.0,0.0,0.0,0,1,0,0,2,Matches
143,Wylan Cyprien,fr FRA,MF,Nantes,26,1995,16.6,750,933,80.4,13716,4030,317,354,296,352,104,165,3,2.9,2.5,+0.1,31,82,16,1,96,Matches
144,Lucas Da Cunha,fr FRA,MF,Nice,20,2001,4.4,114,162,70.4,1777,527,64,74,31,46,13,26,1,1.3,1.3,-0.3,13,9,5,3,11,Matches
145,Lucas Da Cunha,fr FRA,"FW,MF",Clermont Foot,20,2001,9.3,267,330,80.9,4200,1132,142,166,76,92,27,42,0,0.8,1.4,-0.8,13,26,7,3,30,Matches
146,Damien Da Silva,fr FRA,DF,Lyon,33,1988,12.5,786,896,87.7,15979,5409,228,249,457,488,97,142,0,0.5,0.5,-0.5,2,46,6,0,59,Matches
147,Colin Dagba,fr FRA,DF,Paris S-G,22,1998,1.8,125,139,89.9,1582,308,86,91,32,38,1,1,0,0.1,0.2,-0.1,2,7,3,2,6,Matches
148,Flavius Daniliuc,at AUT,DF,Nice,20,2001,14.4,771,877,87.9,13635,4959,302,335,401,441,56,77,0,0.1,0.2,-0.1,3,38,3,2,63,Matches
149,Kevin Danso,at AUT,DF,Lens,22,1998,31.0,1615,1875,86.1,31405,12726,528,598,908,989,163,252,2,0.5,0.3,+1.5,10,58,2,0,91,Matches
150,Dante,br BRA,DF,Nice,37,1983,31.9,2175,2406,90.4,42091,16106,742,784,1198,1259,218,327,0,1.0,2.4,-1.0,6,114,7,1,131,Matches
Rk,Player,Nation,Pos,Squad,Age,Born,90s,Cmp,Att,Cmp%,TotDist,PrgDist,Cmp,Att,Cmp,Att,Cmp,Att,Ast,xAG,xA,A-xAG,KP,1/3,PPA,CrsPA,PrgP,Matches
151,Jonathan David,ca CAN,FW,Lille,21,2000,31.2,504,658,76.6,6632,1465,300,354,141,179,19,30,0,3.5,2.4,-3.5,34,43,21,2,67,Matches
152,Konrad De La Fuente,us USA,"FW,MF",Marseille,20,2001,8.7,180,230,78.3,2549,474,117,132,49,62,6,15,2,1.4,1.3,+0.6,10,7,10,2,16,Matches
153,Romain Del Castillo,fr FRA,"MF,FW",Rennes,25,1996,0.3,12,16,75.0,241,116,4,5,5,5,2,3,0,0.1,0.3,-0.1,1,0,2,0,5,Matches
154,Romain Del Castillo,fr FRA,"MF,FW",Brest,25,1996,10.8,312,434,71.9,4633,1377,186,219,92,129,24,54,6,1.3,1.8,+4.7,15,30,11,4,45,Matches
155,Thomas Delaine,fr FRA,DF,Metz,29,1992,25.7,849,1156,73.4,13290,5302,457,523,325,429,54,147,2,2.1,2.3,-0.1,28,62,24,14,73,Matches
156,Sacha Delaye,fr FRA,"MF,FW",Montpellier,19,2002,2.8,62,85,72.9,962,310,31,42,13,16,9,16,1,1.1,0.8,-0.1,3,5,4,0,8,Matches
157,Andy Delort,dz ALG,FW,Nice,29,1991,27.2,402,694,57.9,5681,1242,240,360,101,186,29,65,2,3.9,3.7,-1.9,31,33,23,9,54,Matches
158,Andy Delort,dz ALG,FW,Montpellier,29,1991,3.0,54,96,56.3,755,201,28,39,10,24,7,11,1,0.8,0.7,+0.2,9,3,6,4,7,Matches
159,Moussa Dembélé,fr FRA,FW,Lyon,25,1996,24.5,291,442,65.8,3387,482,175,232,68,104,5,18,4,4.0,2.5,0.0,27,13,8,0,23,Matches
160,Jason Denayer,be BEL,DF,Lyon,26,1995,11.1,690,738,93.5,13534,4733,206,217,411,423,65,85,0,0.0,0.1,0.0,1,22,0,0,26,Matches
161,Arthur Desmas,fr FRA,GK,Clermont Foot,27,1994,14.5,299,414,72.2,6524,4557,109,109,122,128,63,172,0,0.0,0.0,0.0,0,5,0,0,1,Matches
162,Ángel Di María,ar ARG,FW,Paris S-G,33,1988,18.3,881,1182,74.5,14089,3752,473,548,277,365,84,157,7,7.0,7.7,0.0,54,69,43,14,112,Matches
163,Yadaly Diaby,gn GUI,"FW,MF",Clermont Foot,20,2000,0.7,12,18,66.7,132,18,9,13,3,4,0,0,0,0.0,0.0,0.0,0,1,0,0,1,Matches
164,Ibrahim Diakité,gn GUI,MF,Reims,17,2003,0.0,1,2,50.0,22,23,0,1,1,1,0,0,0,0.0,0.0,0.0,0,0,0,0,0,Matches
165,Abdou Diallo,sn SEN,DF,Paris S-G,25,1996,9.7,623,704,88.5,10061,3871,302,320,263,290,42,63,1,0.7,1.1,+0.3,4,41,6,4,47,Matches
166,Habib Diallo,sn SEN,FW,Strasbourg,26,1995,17.1,249,360,69.2,3226,559,160,205,56,83,11,15,1,2.8,1.2,-1.8,14,13,6,1,27,Matches
167,Habib Diarra,sn SEN,MF,Strasbourg,17,2004,1.2,52,61,85.2,1040,176,21,26,22,25,9,9,0,0.0,0.0,0.0,0,6,0,0,5,Matches
168,Stéphane Diarra,fr FRA,"MF,FW",Lorient,22,1998,5.8,148,204,72.5,2164,471,84,105,47,56,9,19,0,1.4,1.3,-1.4,12,10,6,1,16,Matches
169,Krépin Diatta,sn SEN,"MF,DF",Monaco,22,1999,3.2,79,106,74.5,1061,310,51,65,21,24,4,4,0,0.2,0.4,-0.2,3,6,4,1,14,Matches
170,Bamba Dieng,sn SEN,FW,Marseille,21,2000,10.8,144,193,74.6,1799,302,84,105,39,47,2,4,1,1.9,1.4,-0.9,8,6,7,1,15,Matches
171,Elhadji Dieye,sn SEN,"FW,MF",Saint-Étienne,19,2002,0.4,3,9,33.3,42,19,2,7,1,1,0,1,0,0.0,0.0,0.0,0,0,0,0,0,Matches
172,Javairô Dilrosun,nl NED,"MF,FW",Bordeaux,23,1998,19.2,445,602,73.9,7039,2176,231,276,139,186,46,80,6,3.2,2.9,+2.8,31,43,18,4,76,Matches
173,Junior Dina Ebimbe,fr FRA,MF,Paris S-G,20,2000,3.5,192,215,89.3,3250,740,92,102,76,80,17,20,0,0.1,0.1,-0.1,1,21,1,0,21,Matches
174,Tristan Dingomé,cm CMR,"MF,FW",Troyes,30,1991,12.0,413,552,74.8,6577,2162,208,247,137,180,39,71,4,2.4,2.0,+1.6,24,39,14,5,61,Matches
175,Sinaly Diomande,ci CIV,DF,Lyon,20,2001,6.4,436,477,91.4,9306,3418,105,116,271,286,59,74,0,0.0,0.1,0.0,1,12,0,0,29,Matches
Rk,Player,Nation,Pos,Squad,Age,Born,90s,Cmp,Att,Cmp%,TotDist,PrgDist,Cmp,Att,Cmp,Att,Cmp,Att,Ast,xAG,xA,A-xAG,KP,1/3,PPA,CrsPA,PrgP,Matches
176,Sofiane Diop,fr FRA,"MF,FW",Monaco,21,2000,21.6,708,977,72.5,11934,3228,355,452,233,294,84,151,4,3.6,3.9,+0.4,38,68,37,5,130,Matches
177,Andy Diouf,fr FRA,MF,Rennes,18,2003,0.2,7,10,70.0,115,8,4,6,3,4,0,0,0,0.3,0.3,-0.3,1,0,0,0,0,Matches
178,Assane Dioussé,sn SEN,MF,Saint-Étienne,23,1997,0.3,33,35,94.3,599,139,15,15,12,12,4,6,0,0.0,0.0,0.0,0,4,0,0,2,Matches
179,Axel Disasi,fr FRA,DF,Monaco,23,1998,30.2,1542,1773,87.0,31409,12168,433,480,910,977,185,283,0,1.0,1.1,-1.0,7,113,5,1,120,Matches
180,Tiago Djaló,pt POR,DF,Lille,21,2000,25.9,1312,1519,86.4,22396,7986,594,643,574,653,108,145,1,0.4,0.6,+0.6,6,65,5,2,84,Matches
181,Alexander Djiku,gh GHA,DF,Strasbourg,26,1994,29.9,1357,1650,82.2,28085,11345,427,492,681,771,229,339,0,0.6,1.7,-0.6,9,149,18,5,156,Matches
182,Bryan Djile Nokoué,cm CMR,"DF,MF",Saint-Étienne,19,2002,0.6,21,29,72.4,367,61,10,11,8,11,2,5,0,0.0,0.0,0.0,0,1,0,0,1,Matches
183,Ouparine Djoco,gw GNB,GK,Clermont Foot,23,1998,23.5,498,738,67.5,13010,9504,113,113,216,225,148,378,0,0.0,0.0,0.0,0,3,0,0,0,Matches
184,Jeremy Doku,be BEL,"FW,MF",Rennes,19,2002,5.2,115,156,73.7,1729,450,59,78,44,56,6,10,2,1.7,1.0,+0.3,9,9,11,0,30,Matches
185,Kasper Dolberg,dk DEN,FW,Nice,23,1997,16.6,172,243,70.8,2142,405,112,146,35,54,7,9,2,1.2,0.8,+0.8,15,7,9,3,16,Matches
186,Brandon Domingues,fr FRA,"MF,FW",Troyes,21,2000,2.6,59,87,67.8,882,245,35,43,19,29,3,6,0,0.2,0.3,-0.2,5,0,2,1,6,Matches
187,Anastasios Donis,gr GRE,"FW,MF",Reims,24,1996,4.1,51,93,54.8,757,170,29,41,15,28,4,13,0,0.3,0.2,-0.3,5,4,4,2,4,Matches
188,Gianluigi Donnarumma,it ITA,GK,Paris S-G,22,1999,17.0,424,469,90.4,8442,5460,152,154,200,206,70,106,0,0.0,0.0,0.0,0,1,0,0,0,Matches
189,Jodel Dossou,bj BEN,FW,Clermont Foot,29,1992,22.3,401,576,69.6,5416,1594,252,301,101,158,19,34,1,2.2,2.8,-1.2,22,45,25,10,75,Matches
190,Lohann Doucet,fr FRA,"MF,DF",Nantes,18,2002,0.1,7,10,70.0,183,39,1,3,3,4,2,2,0,0.0,0.0,0.0,0,1,0,0,2,Matches
191,Cheick Doucouré,ml MLI,MF,Lens,21,2000,32.7,1656,1904,87.0,27773,8109,750,832,719,803,127,162,4,3.6,2.9,+0.4,41,212,23,0,266,Matches
192,Fodé Doucouré,ml MLI,"DF,FW",Reims,20,2001,1.7,55,79,69.6,950,421,20,28,26,30,4,12,0,0.0,0.0,0.0,1,2,1,1,2,Matches
193,Ismaël Doukouré,fr FRA,DF,Strasbourg,18,2003,0.2,1,3,33.3,19,0,0,1,1,1,0,1,0,0.0,0.0,0.0,0,0,0,0,0,Matches
194,Kamory Doumbia,ml MLI,"MF,FW",Reims,18,2003,3.9,131,166,78.9,2264,689,68,76,45,56,14,22,1,0.4,0.4,+0.6,6,19,2,1,23,Matches
195,Moussa Doumbia,ml MLI,FW,Reims,26,1994,1.0,28,35,80.0,401,105,17,18,9,12,1,2,0,0.0,0.1,0.0,0,1,3,0,4,Matches
196,Souleyman Doumbia,ci CIV,"DF,FW",Angers,24,1996,24.7,886,1083,81.8,13708,3696,468,517,361,420,38,82,1,2.1,2.3,-1.1,14,43,18,13,54,Matches
197,Julian Draxler,de GER,"FW,MF",Paris S-G,27,1993,6.1,275,306,89.9,4059,769,157,168,91,98,15,20,1,2.3,0.8,-1.3,9,22,7,1,33,Matches
198,Matthieu Dreyer,fr FRA,GK,Lorient,32,1989,16.0,267,416,64.2,8418,6209,25,26,130,131,112,257,0,0.0,0.0,0.0,0,1,0,0,0,Matches
199,Leo Dubois,fr FRA,DF,Lyon,26,1994,19.4,1125,1366,82.4,19088,5768,546,595,455,533,102,183,0,1.0,1.9,-1.0,17,86,25,8,108,Matches
200,Jean-Kevin Duverne,ht HAI,DF,Brest,24,1997,33.4,1326,1782,74.4,24090,10768,624,743,504,661,171,306,3,2.2,1.9,+0.8,25,151,27,17,169,Matches
Rk,Player,Nation,Pos,Squad,Age,Born,90s,Cmp,Att,Cmp%,TotDist,PrgDist,Cmp,Att,Cmp,Att,Cmp,Att,Ast,xAG,xA,A-xAG,KP,1/3,PPA,CrsPA,PrgP,Matches
201,Enzo Ebosse,cm CMR,DF,Angers,22,1999,21.0,911,1086,83.9,16592,5963,359,407,439,491,96,149,0,0.6,0.5,-0.6,9,45,5,3,55,Matches
202,Hugo Ekitike,fr FRA,FW,Reims,19,2002,14.1,277,393,70.5,3455,416,187,244,63,86,8,16,3,1.5,1.0,+1.5,16,6,9,1,18,Matches
203,Alberth Elis,hn HON,"FW,MF",Bordeaux,25,1996,15.7,185,309,59.9,2474,795,115,162,47,75,10,20,1,1.3,1.3,-0.3,15,16,7,3,27,Matches
204,Renaud Emond,be BEL,"FW,MF",Nantes,29,1991,2.1,20,32,62.5,279,76,10,15,7,12,1,2,0,0.0,0.0,0.0,0,1,0,0,1,Matches
205,Maxime Estève,fr FRA,DF,Montpellier,19,2002,20.6,688,814,84.5,13062,3570,216,254,409,448,55,91,0,0.2,0.3,-0.2,2,26,2,0,29,Matches
206,Fábio,br BRA,DF,Nantes,31,1990,18.5,618,853,72.5,10139,4205,300,364,253,337,47,107,2,1.0,0.9,+1.0,10,40,10,5,64,Matches
207,Cesc Fàbregas,es ESP,MF,Monaco,34,1987,0.4,42,54,77.8,833,317,12,15,23,26,6,10,0,0.2,0.4,-0.2,2,9,3,1,12,Matches
208,Wout Faes,be BEL,DF,Reims,23,1998,37.0,1254,1472,85.2,25891,10091,351,391,728,775,164,262,0,0.2,0.7,-0.2,3,64,2,0,83,Matches
209,Romain Faivre,fr FRA,"FW,MF",Lyon,23,1998,9.9,492,597,82.4,7686,2472,274,311,162,185,38,66,0,2.3,2.5,-2.3,27,58,17,2,84,Matches
210,Romain Faivre,fr FRA,MF,Brest,23,1998,19.9,656,862,76.1,10545,3564,333,395,218,272,69,126,5,2.8,3.5,+2.2,38,68,26,5,118,Matches
211,Wuilker Faríñez,ve VEN,GK,Lens,23,1998,12.3,236,304,77.6,5282,3844,76,77,110,114,45,107,0,0.0,0.0,0.0,0,2,0,0,0,Matches
212,Noah Fatar,fr FRA,"DF,MF",Angers,19,2002,0.1,5,8,62.5,85,18,2,4,3,4,0,0,0,0.0,0.0,0.0,0,1,0,0,1,Matches
213,Julien Faussurier,fr FRA,"MF,DF",Brest,34,1987,5.4,197,275,71.6,3563,1269,104,123,60,85,29,50,1,0.8,1.2,+0.2,13,11,12,9,22,Matches
214,Jordan Ferri,fr FRA,MF,Montpellier,29,1992,32.3,2136,2558,83.5,39888,14656,870,960,886,1002,305,457,2,3.4,3.0,-1.4,30,221,27,7,290,Matches
215,Karol Fila,pl POL,DF,Strasbourg,23,1998,6.2,294,377,78.0,4658,1891,156,171,123,159,12,31,0,0.5,0.8,-0.5,2,19,10,3,39,Matches
216,Alexis Flips,fr FRA,"MF,DF",Reims,21,2000,11.7,310,508,61.0,5434,2092,141,167,124,188,33,105,4,3.0,3.1,+1.0,29,19,18,10,29,Matches
217,Mamadou Fofana,ml MLI,DF,Metz,23,1998,0.4,3,5,60.0,70,50,1,1,1,1,1,3,0,0.0,0.0,0.0,0,0,0,0,0,Matches
218,Seko Fofana,ci CIV,MF,Lens,26,1995,37.3,1574,1786,88.1,23818,4758,870,945,542,607,97,131,1,3.1,2.7,-2.1,40,99,39,6,178,Matches
219,Youssouf Fofana,fr FRA,MF,Monaco,22,1999,24.3,895,1187,75.4,15117,4697,424,517,369,439,76,162,4,2.6,2.3,+1.4,20,142,23,2,146,Matches
220,Thomas Foket,be BEL,"DF,FW",Reims,26,1994,24.8,834,1076,77.5,13826,4823,434,479,300,390,80,145,0,1.6,2.0,-1.6,19,42,24,13,72,Matches
221,Thomas Fontaine,mg MAD,DF,Lorient,30,1991,1.9,49,57,86.0,1002,408,18,18,21,25,8,9,0,0.0,0.0,0.0,0,4,1,0,4,Matches
222,José Fonte,pt POR,DF,Lille,37,1983,38.0,1821,2097,86.8,37156,12895,576,646,946,1013,266,369,2,1.1,0.7,+0.9,10,118,5,2,117,Matches
223,Steven Fortes,cv CPV,DF,Lens,29,1992,1.0,27,28,96.4,602,188,8,8,11,11,8,9,0,0.0,0.0,0.0,0,0,0,0,2,Matches
224,Przemysław Frankowski,pl POL,DF,Lens,26,1995,27.2,1156,1449,79.8,17885,4839,604,677,435,534,70,116,5,3.7,3.5,+1.3,37,60,33,10,89,Matches
225,Fransérgio,br BRA,MF,Bordeaux,30,1990,14.0,379,533,71.1,7089,1936,157,208,146,185,59,96,1,0.4,0.2,+0.6,8,46,2,0,46,Matches
Rk,Player,Nation,Pos,Squad,Age,Born,90s,Cmp,Att,Cmp%,TotDist,PrgDist,Cmp,Att,Cmp,Att,Cmp,Att,Ast,xAG,xA,A-xAG,KP,1/3,PPA,CrsPA,PrgP,Matches
226,Angelo Fulgini,fr FRA,"MF,FW",Angers,24,1996,32.5,1108,1376,80.5,16460,4014,574,638,382,468,72,134,4,4.0,3.1,0.0,48,91,26,8,147,Matches
227,Gauthier Gallon,fr FRA,GK,Troyes,28,1993,31.0,755,1062,71.1,21393,15894,155,157,314,321,277,573,0,0.0,0.0,0.0,0,13,0,0,0,Matches
228,Kévin Gameiro,fr FRA,FW,Strasbourg,34,1987,26.5,628,802,78.3,7763,1157,403,468,154,192,20,35,3,3.0,3.4,0.0,28,20,23,1,62,Matches
229,Idrissa Gana Gueye,sn SEN,MF,Paris S-G,31,1989,18.2,1298,1394,93.1,19520,5530,697,734,469,494,68,76,1,1.7,1.3,-0.7,15,138,7,0,132,Matches
230,Ignatius Ganago,cm CMR,FW,Lens,22,1999,11.4,142,196,72.4,1845,236,78,100,43,57,5,9,1,1.1,0.5,-0.1,11,8,4,0,14,Matches
231,Djeidi Gassama,fr FRA,FW,Paris S-G,17,2003,0.0,2,2,100.0,23,0,2,2,0,0,0,0,0,0.0,0.0,0.0,0,0,0,0,0,Matches
232,Johan Gastien,fr FRA,MF,Clermont Foot,33,1988,30.5,2160,2635,82.0,44870,16624,780,895,919,1032,413,598,1,1.8,2.6,-0.8,25,233,22,5,227,Matches
233,Valère Germain,fr FRA,FW,Montpellier,31,1990,21.9,369,490,75.3,4430,790,230,286,79,103,12,22,3,2.9,2.2,+0.1,19,18,14,4,36,Matches
234,Gerson,br BRA,"MF,FW",Marseille,24,1997,28.3,1184,1326,89.3,17408,2930,663,708,389,428,70,90,4,3.1,2.5,+0.9,30,72,25,3,94,Matches
235,Willem Geubbels,fr FRA,"FW,MF",Nantes,19,2001,6.0,95,137,69.3,1358,241,54,69,31,40,4,12,1,1.2,0.9,-0.2,3,3,1,0,5,Matches
236,Ismaël Gharbi,tn TUN,FW,Paris S-G,17,2004,0.0,4,4,100.0,73,15,2,2,1,1,1,1,0,0.0,0.0,0.0,0,1,1,0,1,Matches
237,Lamine Ghezali,fr FRA,DF,Saint-Étienne,22,1999,0.0,4,6,66.7,57,23,3,3,1,1,0,2,0,0.0,0.0,0.0,1,0,0,0,0,Matches
238,Nicholas Gioacchini,us USA,"FW,MF",Montpellier,21,2000,5.5,93,146,63.7,1201,309,64,85,21,37,4,7,2,0.8,0.4,+1.2,6,3,7,2,9,Matches
239,Jimmy Giraudon,fr FRA,DF,Troyes,29,1992,18.0,755,882,85.6,14082,6928,294,317,363,398,85,147,0,0.3,0.1,-0.3,3,28,2,0,34,Matches
240,Andrei Girotto,br BRA,"DF,MF",Nantes,29,1992,35.0,1356,1676,80.9,25515,8979,532,612,635,740,155,257,1,1.2,0.6,-0.2,9,94,3,1,108,Matches
241,Aleksandr Golovin,ru RUS,"FW,MF",Monaco,25,1996,16.7,548,759,72.2,8761,2569,275,322,195,244,50,124,4,3.1,3.5,+0.9,44,44,36,8,87,Matches
242,Angel Gomes,eng ENG,"MF,FW",Lille,20,2000,10.6,306,400,76.5,5124,1281,155,182,103,126,31,53,1,1.1,1.0,-0.1,14,25,17,1,43,Matches
243,Alfred Gomis,sn SEN,GK,Rennes,27,1993,25.0,594,778,76.3,16899,12376,101,102,296,299,196,376,0,0.0,0.0,0.0,0,4,0,0,0,Matches
244,Vagner Gonçalves,cv CPV,FW,Metz,25,1996,1.0,24,41,58.5,333,117,16,18,5,10,2,7,0,0.1,0.1,-0.1,2,1,1,0,2,Matches
245,Álvaro González,es ESP,DF,Marseille,31,1990,5.0,356,373,95.4,6701,2099,140,143,178,184,38,44,0,0.0,0.0,0.0,0,8,0,0,12,Matches
246,Amine Gouiri,dz ALG,"FW,MF",Nice,21,2000,30.6,786,1044,75.3,11948,2753,449,525,232,290,69,127,9,5.9,6.1,+3.1,49,56,33,8,104,Matches
247,Lucas Gourna-Douath,fr FRA,MF,Saint-Étienne,17,2003,20.0,751,852,88.1,12807,2930,345,389,303,328,72,90,0,0.2,0.4,-0.2,9,74,2,1,69,Matches
248,Jonathan Gradit,fr FRA,DF,Lens,28,1992,34.1,1840,2072,88.8,33549,11497,746,802,901,977,166,235,0,1.8,1.1,-1.8,15,207,13,3,210,Matches
249,Andrew Gravillon,gp GLP,DF,Reims,23,1998,23.7,718,950,75.6,14232,6063,269,321,341,417,98,179,0,0.6,0.9,-0.6,10,66,8,6,64,Matches
250,Adrian Grbić,at AUT,"FW,MF",Lorient,24,1996,5.8,68,109,62.4,699,120,51,76,8,13,0,1,0,0.4,0.3,-0.4,4,3,0,0,3,Matches
Rk,Player,Nation,Pos,Squad,Age,Born,90s,Cmp,Att,Cmp%,TotDist,PrgDist,Cmp,Att,Cmp,Att,Cmp,Att,Ast,xAG,xA,A-xAG,KP,1/3,PPA,CrsPA,PrgP,Matches
251,Ivo Grbić,hr CRO,GK,Lille,25,1996,21.0,397,585,67.9,11507,9011,96,96,156,158,143,329,0,0.0,0.0,0.0,0,5,0,0,0,Matches
252,Etienne Green,eng ENG,GK,Saint-Étienne,21,2000,13.3,287,402,71.4,8355,6213,57,57,123,123,106,219,0,0.0,0.0,0.0,1,3,0,0,0,Matches
253,Gabriel Gudmundsson,se SWE,"DF,MF",Lille,22,1999,14.9,512,719,71.2,8113,2483,270,308,194,255,37,94,0,1.0,0.8,-1.0,11,36,6,4,51,Matches
254,Mattéo Guendouzi,fr FRA,MF,Marseille,22,1999,35.0,1882,2178,86.4,31940,8136,893,966,750,836,177,227,6,3.6,3.5,+2.4,35,214,53,4,286,Matches
255,Yanis Guermouche,fr FRA,"MF,FW",Montpellier,20,2001,0.1,4,4,100.0,51,30,3,3,1,1,0,0,0,0.0,0.0,0.0,0,1,1,0,1,Matches
256,Evann Guessand,ci CIV,FW,Nice,20,2001,4.9,51,76,67.1,700,190,28,42,12,14,4,6,2,1.2,0.7,+0.8,5,5,0,0,7,Matches
257,Lamine Gueye,sn SEN,"FW,MF",Metz,23,1998,6.2,140,210,66.7,2040,498,82,95,36,52,13,33,3,1.2,1.0,+1.8,15,6,6,6,5,Matches
258,Pape Gueye,sn SEN,MF,Marseille,22,1999,17.0,854,971,88.0,14719,3230,428,464,319,348,88,119,1,0.6,0.5,+0.4,9,93,7,0,88,Matches
259,Josuha Guilavogui,fr FRA,"MF,DF",Bordeaux,30,1990,14.8,676,827,81.7,13135,5141,261,298,301,352,100,147,1,0.8,0.8,+0.2,13,80,8,2,76,Matches
260,Frederic Guilbert,fr FRA,DF,Strasbourg,26,1994,28.0,1014,1498,67.7,18470,7103,468,538,376,537,140,334,4,3.8,5.1,+0.2,47,74,40,22,110,Matches
261,Bruno Guimarães,br BRA,MF,Lyon,23,1997,18.2,1179,1367,86.2,20887,5756,530,576,476,536,135,187,3,3.7,4.3,-0.7,36,171,30,2,165,Matches
262,Serhou Guirassy,gn GUI,FW,Rennes,25,1996,11.3,235,294,79.9,3270,427,149,174,51,68,19,22,0,0.4,0.6,-0.4,5,10,5,0,23,Matches
263,Malo Gusto,fr FRA,DF,Lyon,18,2003,20.9,1290,1503,85.8,19876,5460,685,760,508,567,60,105,4,4.2,4.8,-0.2,25,65,24,15,87,Matches
264,Massadio Haïdara,ml MLI,DF,Lens,28,1992,12.0,539,646,83.4,8138,2649,274,311,215,250,24,41,1,0.1,0.2,+0.9,3,28,4,1,40,Matches
265,Oualid El Hajjam,ma MAR,DF,Troyes,30,1991,11.9,461,596,77.3,7531,2878,242,268,174,215,38,80,1,0.8,1.0,+0.2,5,22,6,5,22,Matches
266,Achraf Hakimi,ma MAR,DF,Paris S-G,22,1998,27.5,1626,1830,88.9,22142,5722,991,1064,505,564,45,59,6,4.1,5.0,+1.9,31,61,34,7,99,Matches
267,Pierre-Yves Hamel,fr FRA,"FW,MF",Lorient,27,1994,0.3,4,7,57.1,50,12,3,4,1,2,0,1,0,0.0,0.0,0.0,1,0,0,0,0,Matches
268,Pierre-Yves Hamel,fr FRA,FW,Clermont Foot,27,1994,5.8,71,99,71.7,907,122,51,63,18,25,1,2,0,0.2,0.2,-0.2,3,5,2,0,10,Matches
269,Romain Hamouma,fr FRA,"FW,MF",Saint-Étienne,34,1987,9.8,215,312,68.9,2872,611,131,154,53,81,10,29,1,1.4,1.7,-0.4,14,13,5,2,23,Matches
270,Amine Harit,ma MAR,"FW,MF",Marseille,24,1997,12.9,611,703,86.9,8305,1882,381,415,161,182,28,47,4,2.8,2.4,+1.2,26,51,15,1,65,Matches
271,Henrique,br BRA,DF,Lyon,27,1994,12.3,689,796,86.6,9739,2665,415,450,233,266,21,40,1,0.4,1.2,+0.6,8,28,7,4,35,Matches
272,Luis Henrique,br BRA,"FW,MF",Marseille,19,2001,7.8,166,214,77.6,2595,479,92,106,52,68,12,20,1,0.3,0.3,+0.7,8,8,6,2,19,Matches
273,Christophe Hérelle,mq MTQ,DF,Brest,28,1992,21.5,702,821,85.5,15661,5130,158,184,402,438,139,186,0,0.1,0.3,-0.1,3,51,2,1,59,Matches
274,Jérôme Hergault,fr FRA,DF,Lorient,35,1986,3.9,160,213,75.1,2433,928,88,108,59,77,6,14,0,0.2,0.3,-0.2,1,8,5,2,16,Matches
275,Ander Herrera,es ESP,MF,Paris S-G,31,1989,12.1,970,1060,91.5,14459,3847,542,573,308,332,67,84,2,1.4,2.5,+0.6,18,102,18,0,97,Matches
Rk,Player,Nation,Pos,Squad,Age,Born,90s,Cmp,Att,Cmp%,TotDist,PrgDist,Cmp,Att,Cmp,Att,Cmp,Att,Ast,xAG,xA,A-xAG,KP,1/3,PPA,CrsPA,PrgP,Matches
276,Franck Honorat,fr FRA,"FW,MF",Brest,24,1996,32.2,829,1225,67.7,13982,4061,437,544,258,383,95,204,4,6.6,5.8,-2.6,59,49,48,22,84,Matches
277,Fraser Hornby,sct SCO,"FW,MF",Reims,21,1999,3.9,50,89,56.2,690,123,25,43,19,27,3,6,0,0.2,0.2,-0.2,4,3,2,1,4,Matches
278,Cédric Hountondji,bj BEN,DF,Clermont Foot,27,1994,22.6,836,988,84.6,13868,5156,414,459,347,393,55,100,0,0.0,0.1,0.0,1,24,1,0,43,Matches
279,Suk Hyun-jun,kr KOR,"FW,MF",Troyes,30,1991,1.7,32,38,84.2,382,98,24,27,5,5,0,0,0,0.3,0.4,-0.3,2,4,2,1,3,Matches
280,Mauro Icardi,ar ARG,FW,Paris S-G,28,1993,11.4,120,153,78.4,1530,152,68,86,36,41,2,3,0,0.7,0.5,-0.7,9,3,6,0,10,Matches
281,Jonathan Iglesias,uy URU,MF,Clermont Foot,32,1988,6.4,320,362,88.4,4724,1218,188,206,106,113,16,25,0,0.3,0.3,-0.3,4,11,2,0,12,Matches
282,Juan Ignacio Ramírez,uy URU,FW,Saint-Étienne,24,1997,1.4,7,10,70.0,89,44,3,5,1,1,1,2,0,0.0,0.0,0.0,0,2,0,0,1,Matches
283,Danylo Ihnatenko,ua UKR,MF,Bordeaux,24,1997,7.7,303,375,80.8,5880,1404,127,154,127,154,42,53,3,1.2,1.5,+1.8,13,36,8,1,48,Matches
284,Jonathan Ikone,fr FRA,"MF,FW",Lille,23,1998,11.8,331,424,78.1,5487,1330,161,191,117,141,34,51,0,2.2,1.4,-2.2,15,26,18,1,50,Matches
285,Bonke Innocent,ng NGA,MF,Lorient,25,1996,9.7,334,385,86.8,5658,1323,157,180,134,151,32,37,0,0.2,0.3,-0.2,4,11,3,2,26,Matches
286,Wilson Isidor,fr FRA,"FW,MF",Monaco,20,2000,0.6,8,17,47.1,115,62,4,10,4,7,0,0,0,0.1,0.0,-0.1,1,0,0,0,0,Matches
287,Ismail Jakobs,sn SEN,"DF,FW",Monaco,21,1999,13.4,625,908,68.8,10006,3561,336,392,224,324,50,131,1,3.5,3.6,-2.5,17,42,25,16,70,Matches
288,Marin Jakoliš,hr CRO,FW,Angers,24,1996,2.5,53,74,71.6,788,166,30,39,15,21,4,6,0,0.3,0.5,-0.3,4,3,3,1,4,Matches
289,Abdel Jalil Medioub,dz ALG,DF,Bordeaux,23,1997,6.9,231,287,80.5,4258,1609,82,96,121,137,22,47,0,0.0,0.0,0.0,0,11,0,0,12,Matches
290,Léo Jardim,br BRA,GK,Lille,26,1995,17.0,275,435,63.2,7879,6168,70,71,99,103,103,258,0,0.0,0.0,0.0,0,4,0,0,0,Matches
291,Corentin Jean,fr FRA,"FW,MF",Lens,26,1995,2.8,85,116,73.3,1261,257,39,48,30,37,6,16,0,0.3,0.4,-0.3,2,7,1,0,11,Matches
292,Jemerson,br BRA,DF,Metz,28,1992,13.4,410,485,84.5,7044,2388,191,209,180,202,25,46,0,0.5,0.1,-0.5,2,4,1,0,15,Matches
293,Moritz Jenz,de GER,DF,Lorient,22,1999,15.3,584,691,84.5,11327,3953,199,225,322,352,59,97,0,0.1,0.2,-0.1,2,29,0,0,29,Matches
294,Lenny Joseph,fr FRA,"FW,MF",Metz,20,2000,1.7,20,32,62.5,262,41,13,19,5,7,1,3,0,0.0,0.0,0.0,1,0,0,0,2,Matches
295,Issa Kaboré,bf BFA,"DF,MF",Troyes,20,2001,25.0,721,1006,71.7,11400,4418,390,462,256,345,51,104,1,2.1,2.4,-1.1,20,41,29,19,67,Matches
296,Tino Kadewere,zw ZIM,FW,Lyon,25,1996,5.6,133,164,81.1,1723,361,88,95,35,47,3,6,0,1.1,0.8,-1.1,8,6,6,2,14,Matches
297,Gaël Kakuta,cd COD,"MF,FW",Lens,30,1991,18.6,511,722,70.8,7357,2006,282,359,159,211,29,68,2,2.3,2.7,-0.3,20,69,23,10,80,Matches
298,Arnaud Kalimuendo,fr FRA,FW,Lens,19,2002,23.9,404,483,83.6,5378,606,233,264,129,148,11,17,0,1.6,1.3,-1.6,21,11,16,2,30,Matches
299,Arnaud Kalimuendo,fr FRA,FW,Paris S-G,19,2002,0.1,5,5,100.0,56,0,2,2,1,1,0,0,0,0.0,0.0,0.0,0,0,0,0,0,Matches
300,Samuel Kalu,ng NGA,"FW,MF",Bordeaux,23,1997,3.6,90,120,75.0,1464,335,48,54,32,41,9,16,1,0.2,0.5,+0.8,2,7,3,1,10,Matches
Rk,Player,Nation,Pos,Squad,Age,Born,90s,Cmp,Att,Cmp%,TotDist,PrgDist,Cmp,Att,Cmp,Att,Cmp,Att,Ast,xAG,xA,A-xAG,KP,1/3,PPA,CrsPA,PrgP,Matches
301,Boubacar Kamara,fr FRA,"MF,DF",Marseille,21,1999,30.9,2193,2425,90.4,35017,9468,1152,1215,784,845,176,249,0,3.0,2.1,-3.0,24,203,17,0,206,Matches
302,Hassane Kamara,ci CIV,"MF,DF",Nice,27,1994,6.0,239,299,79.9,3550,489,118,133,103,119,8,24,0,0.9,1.2,-0.9,3,6,5,3,12,Matches
303,Jean-Armel Kana-Biyik,cm CMR,DF,Metz,32,1989,7.4,275,317,86.8,5210,1899,82,91,170,183,21,38,0,0.0,0.0,0.0,0,2,0,0,10,Matches
304,Nordine Kandil,fr FRA,"MF,FW",Strasbourg,19,2001,1.0,50,69,72.5,721,245,30,34,14,21,4,6,1,0.2,0.2,+0.8,1,7,1,0,5,Matches
305,Eiji Kawashima,jp JPN,GK,Strasbourg,38,1983,1.0,27,30,90.0,621,420,5,5,18,18,4,7,0,0.0,0.0,0.0,0,0,0,0,0,Matches
306,Ilan Kebbal,dz ALG,"MF,FW",Reims,23,1998,19.7,617,829,74.4,9735,3349,335,400,198,264,52,93,4,2.5,3.1,+1.5,33,72,38,6,124,Matches
307,Thilo Kehrer,de GER,DF,Paris S-G,24,1996,16.8,1142,1209,94.5,18195,5655,563,580,495,518,53,67,0,0.0,0.3,0.0,2,61,0,0,67,Matches
308,Habib Keita,ml MLI,"MF,FW",Lyon,19,2002,0.1,6,6,100.0,91,17,3,3,1,1,1,1,0,0.0,0.0,0.0,0,0,0,0,0,Matches
309,Saîf-Eddine Khaoui,tn TUN,"MF,FW",Clermont Foot,26,1995,10.3,276,381,72.4,4070,1319,152,177,77,109,25,56,0,0.9,1.1,-0.9,14,22,4,1,31,Matches
310,Wahbi Khazri,tn TUN,"FW,MF",Saint-Étienne,30,1991,24.7,426,613,69.5,7207,2106,214,255,121,179,55,112,0,2.5,2.7,-2.5,31,51,22,2,77,Matches
311,Presnel Kimpembe,fr FRA,DF,Paris S-G,25,1995,28.6,2154,2254,95.6,35854,13217,977,1014,1018,1045,112,131,0,0.1,0.7,-0.1,2,133,6,2,170,Matches
312,Thibault Klidje,tg TOG,"MF,FW",Bordeaux,20,2001,1.0,25,36,69.4,399,66,11,12,10,17,2,5,0,0.7,0.2,-0.7,4,1,3,0,4,Matches
313,Justin Kluivert,nl NED,MF,Nice,22,1999,20.8,423,665,63.6,7267,2149,222,278,129,194,56,142,5,4.9,4.8,+0.1,35,27,24,12,56,Matches
314,Samuel Koeberlé,fr FRA,FW,Reims,16,2004,0.0,2,2,100.0,23,2,1,1,1,1,0,0,0,0.0,0.0,0.0,0,0,0,0,0,Matches
315,Philippe Koffi,ci CIV,FW,Reims,19,2002,4.2,46,74,62.2,632,86,26,37,13,21,2,4,0,0.2,0.3,-0.2,4,3,1,0,3,Matches
316,Sead Kolašinac,ba BIH,DF,Marseille,28,1993,4.9,195,251,77.7,2707,702,107,131,69,85,7,16,1,0.2,0.5,+0.8,4,10,4,0,13,Matches
317,Randal Kolo Muani,fr FRA,"FW,MF",Nantes,22,1998,32.8,368,547,67.3,4703,778,226,287,101,154,10,21,4,4.4,3.3,-0.4,40,16,12,6,28,Matches
318,Timothée Kolodziejczak,fr FRA,DF,Saint-Étienne,29,1991,28.5,1230,1589,77.4,21368,8859,554,630,545,678,111,209,3,1.3,2.4,+1.7,22,68,18,10,102,Matches
319,Ghislain Konan,ci CIV,DF,Reims,25,1995,26.9,978,1296,75.5,15988,6754,506,581,364,469,87,168,3,3.4,2.5,-0.4,31,64,24,12,109,Matches
320,Ibrahima Koné,ml MLI,FW,Lorient,22,1999,8.1,91,136,66.9,1149,282,60,76,24,37,1,7,1,1.8,0.8,-0.8,14,5,6,1,13,Matches
321,Youssouf Koné,ml MLI,DF,Troyes,26,1995,10.9,322,439,73.3,5882,2281,140,155,137,169,38,90,1,0.9,1.0,+0.1,8,27,11,5,38,Matches
322,Laurent Koscielny,fr FRA,DF,Bordeaux,35,1985,10.4,494,552,89.5,10681,4527,133,140,276,288,81,112,1,0.2,0.4,+0.8,2,24,1,0,31,Matches
323,Rominigue Kouamé,ml MLI,MF,Troyes,24,1996,33.0,1365,1559,87.6,22231,5444,661,734,554,599,99,132,2,1.9,2.5,+0.1,20,143,21,3,170,Matches
324,Boubakar Kouyaté,ml MLI,DF,Metz,24,1997,29.6,938,1156,81.1,19115,6700,255,314,556,628,115,176,0,0.1,0.3,-0.1,2,32,2,0,47,Matches
325,Jean-Philippe Krasso,ci CIV,FW,Saint-Étienne,24,1997,5.0,65,106,61.3,881,252,37,56,17,26,5,10,1,0.6,0.3,+0.4,5,6,2,1,8,Matches
Rk,Player,Nation,Pos,Squad,Age,Born,90s,Cmp,Att,Cmp%,TotDist,PrgDist,Cmp,Att,Cmp,Att,Cmp,Att,Ast,xAG,xA,A-xAG,KP,1/3,PPA,CrsPA,PrgP,Matches
326,Mykola Kukharevych,ua UKR,FW,Troyes,20,2001,0.2,3,7,42.9,30,0,3,5,0,0,0,0,0,0.0,0.0,0.0,0,0,0,0,0,Matches
327,Enock Kwateng,fr FRA,DF,Bordeaux,24,1997,22.2,995,1223,81.4,15874,6753,543,615,348,424,77,127,0,1.8,1.5,-1.8,17,85,22,13,106,Matches
328,Grejohn Kyei,fr FRA,FW,Clermont Foot,25,1995,4.4,65,94,69.1,893,218,42,57,14,18,5,10,1,1.1,0.5,-0.1,11,5,2,0,7,Matches
329,Gaëtan Laborde,fr FRA,FW,Montpellier,27,1994,3.8,57,97,58.8,776,245,30,52,14,21,4,4,0,0.5,0.5,-0.5,4,2,2,0,7,Matches
330,Gaëtan Laborde,fr FRA,FW,Rennes,27,1994,30.3,424,663,64.0,5967,1337,260,346,123,207,20,32,8,5.1,4.4,+2.9,37,27,29,11,54,Matches
331,Tom Lacoux,fr FRA,"DF,MF",Bordeaux,19,2002,10.1,326,424,76.9,5320,1775,151,179,132,161,28,48,0,0.3,0.2,-0.3,3,16,0,0,27,Matches
332,Lenny Lacroix,fr FRA,DF,Metz,18,2003,2.2,53,78,67.9,1062,558,18,24,26,34,8,16,1,0.4,0.0,+0.6,2,4,0,0,4,Matches
333,Alban Lafont,ci CIV,GK,Nantes,22,1999,38.0,684,1114,61.4,22491,18197,86,87,296,301,301,722,0,0.0,0.1,0.0,0,22,0,0,0,Matches
334,Mohamed Lamine Bayo,gn GUI,FW,Clermont Foot,23,1998,26.8,388,542,71.6,5427,1020,219,291,124,159,17,24,5,4.1,2.5,+0.9,31,31,14,1,55,Matches
335,Didier Lamkel Zé,cm CMR,FW,Metz,24,1996,6.7,126,178,70.8,1538,198,80,97,29,44,4,7,0,0.3,0.8,-0.3,5,8,1,1,6,Matches
336,Julien Laporte,fr FRA,DF,Lorient,27,1993,32.1,1223,1454,84.1,27396,11254,303,335,651,708,254,362,0,0.5,0.6,-0.5,5,81,8,0,82,Matches
337,Yasser Larouci,dz ALG,DF,Troyes,20,2001,3.8,128,163,78.5,1932,590,80,90,33,42,10,20,0,0.1,0.4,-0.1,3,5,6,5,14,Matches
338,Paul Lasne,fr FRA,MF,Brest,32,1989,9.4,345,416,82.9,6011,1702,162,184,135,155,38,54,1,1.1,0.8,-0.1,8,26,6,2,34,Matches
339,Armand Lauriente,fr FRA,"FW,MF",Lorient,22,1998,27.5,553,710,77.9,8121,2113,318,376,168,215,35,52,2,4.0,4.1,-2.0,41,43,27,9,66,Matches
340,Théo Le Bris,fr FRA,MF,Lorient,18,2002,0.7,12,16,75.0,113,15,7,10,2,2,0,0,0,0.0,0.0,0.0,0,1,0,0,1,Matches
341,Jérémy Le Douaron,fr FRA,"FW,MF",Brest,23,1998,16.1,194,300,64.7,2411,470,134,165,40,80,5,15,3,2.6,0.9,+0.4,15,9,8,4,18,Matches
342,Enzo Le Fée,fr FRA,"MF,FW",Lorient,21,2000,24.4,965,1232,78.3,16974,4998,455,528,315,386,137,224,3,2.6,2.4,+0.4,50,95,23,11,136,Matches
343,Vincent Le Goff,fr FRA,DF,Lorient,31,1989,34.0,1448,1855,78.1,24067,9902,718,820,593,734,113,217,1,1.9,3.4,-0.9,26,124,35,11,166,Matches
344,Maxime Le Marchand,fr FRA,DF,Strasbourg,31,1989,9.6,481,547,87.9,9479,4160,181,197,227,245,69,96,1,0.1,0.2,+0.9,2,23,3,1,28,Matches
345,Jean-Louis Leca,fr FRA,GK,Lens,35,1985,25.7,559,735,76.1,13866,10681,173,175,223,227,149,317,0,0.0,0.0,0.0,0,7,0,0,0,Matches
346,Félix Lemaréchal,fr FRA,MF,Monaco,17,2003,0.1,12,16,75.0,167,14,6,9,5,5,0,0,0,0.0,0.0,0.0,0,1,0,0,0,Matches
347,Mario Lemina,ga GAB,MF,Nice,27,1993,21.9,1028,1178,87.3,18206,5095,450,492,468,514,95,138,0,0.4,0.6,-0.4,6,95,5,0,93,Matches
348,Fabien Lemoine,fr FRA,MF,Lorient,34,1987,12.4,783,888,88.2,13806,3808,336,371,324,351,85,112,1,0.5,0.7,+0.5,10,61,3,1,81,Matches
349,Léo Leroy,fr FRA,MF,Montpellier,21,2000,7.0,256,323,79.3,4070,1219,123,146,102,116,21,30,0,0.1,0.4,-0.1,4,22,5,0,24,Matches
350,Alexandre Letellier,fr FRA,GK,Paris S-G,30,1990,0.1,3,3,100.0,78,63,1,1,0,0,2,2,0,0.0,0.0,0.0,0,0,0,0,0,Matches
Rk,Player,Nation,Pos,Squad,Age,Born,90s,Cmp,Att,Cmp%,TotDist,PrgDist,Cmp,Att,Cmp,Att,Cmp,Att,Ast,xAG,xA,A-xAG,KP,1/3,PPA,CrsPA,PrgP,Matches
351,Yanis Lhery,fr FRA,"FW,MF",Saint-Étienne,18,2003,0.8,12,16,75.0,104,18,7,7,2,4,0,1,0,0.0,0.0,0.0,0,0,0,0,1,Matches
352,Dimitri Liénard,fr FRA,"DF,MF",Strasbourg,33,1988,22.7,1035,1435,72.1,19823,5953,465,522,398,521,154,333,3,3.0,4.6,0.0,37,86,43,29,114,Matches
353,Isaac Lihadji,fr FRA,"MF,FW",Lille,19,2002,2.6,66,96,68.8,1101,348,37,47,21,28,7,11,3,1.2,0.5,+1.8,13,12,7,2,13,Matches
354,Pol Lirola,es ESP,"DF,FW",Marseille,23,1997,19.7,894,1112,80.4,13350,3366,494,553,285,343,58,101,2,2.8,3.7,-0.8,26,56,32,15,82,Matches
355,Bradley Locko,fr FRA,"MF,DF",Reims,19,2002,11.2,350,458,76.4,5230,1951,203,245,104,138,26,42,1,0.3,0.4,+0.7,7,22,6,1,39,Matches
356,Anthony Lopes,pt POR,GK,Lyon,30,1990,33.1,945,1129,83.7,24234,17011,151,153,540,542,251,430,0,0.0,0.0,0.0,0,4,0,0,1,Matches
357,Pau López,es ESP,GK,Marseille,26,1994,29.0,1136,1334,85.2,25402,15433,298,298,620,627,216,405,1,0.7,0.1,+0.3,1,14,0,0,1,Matches
358,Dion Lopy,sn SEN,MF,Reims,19,2002,18.2,537,622,86.3,9450,1888,247,277,194,211,72,89,0,0.3,0.3,-0.3,9,42,0,0,50,Matches
359,Samuel Loric,fr FRA,DF,Lorient,21,2000,3.0,84,122,68.9,1266,390,47,58,25,37,7,16,0,0.0,0.2,0.0,0,1,2,2,6,Matches
360,Jordan Lotomba,ch SUI,DF,Nice,22,1998,19.8,818,1011,80.9,11873,4589,502,558,246,301,44,74,0,1.2,1.6,-1.2,14,55,15,11,79,Matches
361,Johaneko Louisjean,fr FRA,DF,Bordeaux,17,2004,0.1,5,6,83.3,87,28,1,1,2,3,1,1,0,0.0,0.0,0.0,0,1,0,0,0,Matches
362,Jean Lucas,br BRA,MF,Monaco,23,1998,16.1,638,820,77.8,10614,2591,317,364,234,283,63,112,1,1.8,2.1,-0.8,17,74,15,5,81,Matches
363,Castello Lukeba,fr FRA,DF,Lyon,18,2002,23.3,1506,1673,90.0,27726,10237,531,573,859,917,106,147,0,0.2,0.2,-0.2,4,66,2,0,80,Matches
364,Levi Lumeka,eng ENG,"DF,FW",Troyes,22,1998,0.7,10,16,62.5,125,19,5,5,2,6,1,2,0,0.0,0.0,0.0,0,1,1,1,1,Matches
365,Deiver Machado,co COL,"DF,MF",Lens,27,1993,5.8,211,256,82.4,3297,998,100,110,96,108,8,19,1,0.9,0.8,+0.1,8,5,5,5,12,Matches
366,Yvann Macon,fr FRA,DF,Saint-Étienne,22,1998,17.0,748,1002,74.7,12088,4019,404,473,260,332,59,122,0,1.4,1.3,-1.4,13,62,18,12,70,Matches
367,Louis Mafouta,cf CTA,FW,Metz,27,1994,5.8,110,141,78.0,1273,190,69,85,25,31,2,5,0,0.2,0.4,-0.2,2,5,0,0,4,Matches
368,Hugo Magnetti,fr FRA,MF,Brest,23,1998,16.3,574,684,83.9,10444,2437,228,256,247,273,73,105,1,0.8,0.7,+0.2,7,60,8,1,68,Matches
369,Yohann Magnin,fr FRA,"MF,DF",Clermont Foot,24,1997,19.1,727,904,80.4,11703,3387,374,429,265,305,59,104,0,0.6,0.9,-0.6,8,65,15,2,79,Matches
370,Habib Maïga,ci CIV,MF,Metz,25,1996,14.1,458,577,79.4,7408,2251,232,268,181,220,28,55,0,0.4,0.4,-0.4,10,47,3,1,53,Matches
371,Josh Maja,ng NGA,FW,Bordeaux,22,1998,0.1,4,5,80.0,51,12,3,3,1,2,0,0,0,0.1,0.0,-0.1,1,0,1,0,1,Matches
372,Abdul Majeed Waris,gh GHA,"FW,MF",Strasbourg,29,1991,3.6,97,132,73.5,1324,306,62,75,26,35,4,7,0,0.5,1.1,-0.5,4,6,3,2,11,Matches
373,Lovro Majer,hr CRO,"MF,FW",Rennes,23,1998,20.4,801,1052,76.1,13554,3712,383,443,298,371,87,160,8,5.2,5.7,+2.8,45,85,30,5,147,Matches
374,Béni Makouana,cg CGO,"FW,MF",Montpellier,18,2002,3.6,54,80,67.5,665,144,35,45,12,17,1,2,0,0.5,0.6,-0.5,4,5,3,1,2,Matches
375,Hianga Mananga Mbock,fr FRA,MF,Brest,21,1999,8.9,245,275,89.1,4207,987,109,122,112,120,18,23,0,0.0,0.2,0.0,1,30,4,0,35,Matches
Rk,Player,Nation,Pos,Squad,Age,Born,90s,Cmp,Att,Cmp%,TotDist,PrgDist,Cmp,Att,Cmp,Att,Cmp,Att,Ast,xAG,xA,A-xAG,KP,1/3,PPA,CrsPA,PrgP,Matches
376,Vincent Manceau,fr FRA,DF,Angers,32,1989,26.2,1412,1607,87.9,28048,11724,490,521,727,789,190,265,0,0.3,0.3,-0.3,2,111,2,0,113,Matches
377,Steve Mandanda,fr FRA,GK,Marseille,36,1985,9.0,327,402,81.3,7761,5343,84,86,175,178,66,133,0,0.0,0.0,0.0,1,5,0,0,0,Matches
378,Reinildo Mandava,mz MOZ,DF,Lille,27,1994,16.9,801,961,83.4,11676,4096,478,512,274,326,31,71,0,0.2,0.6,-0.2,4,49,4,1,65,Matches
379,Anthony Mandrea,dz ALG,GK,Angers,24,1996,10.0,161,273,59.0,5083,3669,18,18,80,81,62,172,0,0.0,0.0,0.0,0,3,0,0,0,Matches
380,Eliaquim Mangala,fr FRA,DF,Saint-Étienne,30,1991,13.1,504,594,84.8,10015,3178,137,158,300,331,57,84,0,0.0,0.1,0.0,1,19,1,0,24,Matches
381,Thomas Mangani,fr FRA,MF,Angers,34,1987,24.4,1165,1491,78.1,20956,6681,538,618,423,520,155,256,2,1.3,2.3,+0.7,28,126,14,4,165,Matches
382,Ricardo Mangas,pt POR,DF,Bordeaux,23,1998,26.1,808,1057,76.4,13923,5183,358,424,350,443,74,120,1,0.6,1.5,+0.4,16,47,14,1,89,Matches
383,Myziane Maolida,km COM,MF,Nice,22,1999,0.4,4,7,57.1,38,2,2,4,1,1,0,0,0,0.0,0.0,0.0,0,0,0,0,0,Matches
384,Sekou Mara,fr FRA,"FW,MF",Bordeaux,19,2002,10.1,129,193,66.8,1844,427,74,105,37,51,8,12,0,0.7,0.5,-0.7,7,11,5,1,15,Matches
385,Marcelo,br BRA,DF,Bordeaux,34,1987,10.0,560,674,83.1,12388,4281,145,169,306,336,105,158,0,0.2,0.4,-0.2,3,23,0,0,28,Matches
386,Marcelo,br BRA,DF,Lyon,34,1987,2.0,152,168,90.5,2765,843,49,54,94,101,8,10,0,0.0,0.0,0.0,0,1,0,0,11,Matches
387,Guillermo Maripán,cl CHI,DF,Monaco,27,1994,20.4,1195,1350,88.5,24172,8582,343,373,705,747,144,208,0,0.3,0.4,-0.3,2,80,2,0,80,Matches
388,Marquinhos,br BRA,DF,Paris S-G,27,1994,31.8,2241,2408,93.1,43015,15025,788,820,1190,1236,235,308,0,0.4,1.5,-0.4,7,145,9,0,128,Matches
389,Jonas Martin,fr FRA,MF,Rennes,31,1990,23.4,1533,1695,90.4,25615,7212,731,792,638,672,117,149,1,1.3,1.1,-0.3,9,142,7,0,132,Matches
390,Gelson Martins,pt POR,"MF,FW",Monaco,26,1995,21.2,504,664,75.9,6730,1319,322,375,140,188,15,27,3,2.5,2.9,+0.5,22,24,18,2,57,Matches
391,Pape Matar Sarr,sn SEN,MF,Metz,18,2002,23.7,838,1013,82.7,14714,3826,384,451,335,372,90,137,3,1.5,1.2,+1.5,20,90,10,0,115,Matches
392,Eliot Matazo,be BEL,MF,Monaco,19,2002,8.8,341,394,86.5,5732,1294,157,173,156,170,24,36,0,0.1,0.3,-0.1,4,34,4,0,46,Matches
393,Chrislain Matsima,fr FRA,DF,Monaco,19,2002,1.5,74,88,84.1,1347,502,25,31,42,46,5,7,0,0.0,0.0,0.0,0,3,0,0,3,Matches
394,Azor Matusiwa,nl NED,MF,Reims,23,1998,27.4,985,1185,83.1,18257,5165,438,504,393,454,138,176,1,0.8,0.6,+0.2,16,110,9,1,132,Matches
395,Stephy Mavididi,eng ENG,"FW,MF",Montpellier,23,1998,25.5,434,558,77.8,5450,1102,251,301,114,143,15,25,3,3.3,2.2,-0.3,23,17,16,5,34,Matches
396,Derek Mazou-Sacko,fr FRA,"FW,DF",Troyes,16,2004,0.0,0,1,0.0,0,0,0,0,0,0,0,0,0,0.0,0.0,0.0,0,0,0,0,0,Matches
397,Kylian Mbappé,fr FRA,FW,Paris S-G,22,1998,33.6,1139,1435,79.4,15413,2996,715,821,276,348,60,101,17,12.6,9.1,+4.4,70,75,58,9,107,Matches
398,Yannis Mbemba,ga GAB,"DF,FW",Nantes,20,2001,0.1,4,4,100.0,51,9,3,3,1,1,0,0,0,0.0,0.0,0.0,0,0,0,0,0,Matches
399,Amadou Mbengue,sn SEN,"DF,MF",Metz,19,2002,6.8,245,292,83.9,4644,1783,91,100,120,127,26,54,0,0.1,0.2,-0.1,2,17,1,0,18,Matches
400,Jason Mbock,fr FRA,FW,Angers,21,1999,0.2,3,5,60.0,32,0,3,4,0,0,0,0,0,0.0,0.0,0.0,0,0,0,0,0,Matches
Rk,Player,Nation,Pos,Squad,Age,Born,90s,Cmp,Att,Cmp%,TotDist,PrgDist,Cmp,Att,Cmp,Att,Cmp,Att,Ast,xAG,xA,A-xAG,KP,1/3,PPA,CrsPA,PrgP,Matches
401,Moustapha Mbow,sn SEN,DF,Reims,21,2000,1.0,19,25,76.0,421,125,7,9,8,10,4,6,0,0.0,0.0,0.0,0,0,0,0,0,Matches
402,Nathanael Mbuku,cd COD,"FW,MF",Reims,19,2002,15.8,261,373,70.0,3851,971,139,173,88,123,17,33,1,0.7,0.6,+0.3,10,31,9,2,40,Matches
403,Facundo Medina,ar ARG,DF,Lens,22,1999,28.8,2018,2262,89.2,34890,14518,931,991,848,920,185,259,0,0.2,0.7,-0.2,5,166,6,0,201,Matches
404,Farid El Melali,dz ALG,FW,Angers,24,1997,0.2,2,4,50.0,26,0,1,1,1,1,0,1,0,0.0,0.0,0.0,0,0,0,0,0,Matches
405,Birger Meling,no NOR,DF,Rennes,26,1994,20.3,948,1119,84.7,15768,4576,467,532,374,421,88,116,4,1.9,2.3,+2.1,15,48,20,5,87,Matches
406,Houboulang Mendes,gw GNB,DF,Lorient,23,1998,35.8,1174,1446,81.2,20102,6588,518,573,526,621,94,190,1,1.6,1.0,-0.6,13,57,12,11,78,Matches
407,Nuno Mendes,pt POR,DF,Paris S-G,19,2002,18.4,980,1131,86.6,14433,3632,577,621,312,358,53,74,1,2.8,2.2,-1.8,19,59,12,4,53,Matches
408,Pedro Mendes,pt POR,DF,Montpellier,30,1990,0.2,5,8,62.5,136,66,0,0,4,4,1,4,0,0.1,0.0,-0.1,1,1,1,0,2,Matches
409,Thiago Mendes,br BRA,"MF,DF",Lyon,29,1992,20.7,1374,1564,87.9,25918,8629,578,622,594,639,176,255,1,1.4,1.6,-0.4,15,136,10,1,112,Matches
410,Arial Mendy,sn SEN,"DF,FW",Clermont Foot,26,1994,8.8,315,404,78.0,4937,1506,170,189,108,137,26,45,0,1.7,1.5,-1.7,9,20,7,5,26,Matches
411,Batista Mendy,fr FRA,"MF,DF",Angers,21,2000,26.8,1059,1242,85.3,19289,5883,417,470,529,577,94,151,1,0.6,0.8,+0.4,11,88,8,1,117,Matches
412,Gideon Mensah,gh GHA,DF,Bordeaux,23,1998,13.4,638,790,80.8,10150,3259,322,356,266,328,32,59,2,1.8,1.9,+0.2,16,39,15,10,62,Matches
413,Quentin Merlin,fr FRA,"DF,MF",Nantes,19,2002,21.4,1027,1358,75.6,17991,7101,494,561,402,514,115,229,3,2.7,3.7,+0.3,31,114,25,13,132,Matches
414,Lionel Messi,ar ARG,"FW,MF",Paris S-G,34,1987,23.9,1400,1657,84.5,21648,7365,762,844,450,512,113,154,14,8.8,9.0,+5.2,63,217,82,3,291,Matches
415,Mexer,mz MOZ,DF,Bordeaux,32,1988,13.6,579,692,83.7,12148,4418,172,191,322,352,81,134,0,0.0,0.1,0.0,0,21,1,0,22,Matches
416,Edouard Michut,fr FRA,MF,Paris S-G,18,2003,0.8,51,54,94.4,723,163,31,32,16,16,2,2,1,0.1,0.1,+0.9,1,3,0,0,6,Matches
417,Georges Mikautadze,ge GEO,FW,Metz,20,2000,0.0,0,2,0.0,0,0,0,1,0,0,0,0,0,0.0,0.0,0.0,0,0,0,0,0,Matches
418,William Mikelbrencis,fr FRA,DF,Metz,17,2004,6.8,224,311,72.0,3695,1587,112,131,86,115,18,44,1,0.2,0.3,+0.8,3,18,3,2,21,Matches
419,Arkadiusz Milik,pl POL,FW,Marseille,27,1994,15.7,299,377,79.3,3900,423,170,202,73,88,13,19,2,1.7,1.5,+0.3,15,13,8,0,25,Matches
420,Terem Moffi,ng NGA,FW,Lorient,22,1999,30.1,413,567,72.8,5750,1155,237,297,112,157,26,39,4,3.9,3.5,+0.1,34,33,14,3,47,Matches
421,Florent Mollet,fr FRA,"FW,MF",Montpellier,29,1991,29.2,951,1179,80.7,14429,3715,529,570,284,355,79,146,2,2.7,2.8,-0.7,32,82,24,4,114,Matches
422,Thomas Monconduit,fr FRA,MF,Lorient,30,1991,25.0,997,1280,77.9,19587,6844,390,468,425,514,158,232,2,3.3,2.2,-1.3,32,139,19,4,160,Matches
423,Jérémy Morel,mg MAD,DF,Lorient,37,1984,6.7,248,296,83.8,4826,1777,92,99,121,137,32,52,0,0.1,0.0,-0.1,1,14,0,0,8,Matches
424,Lebo Mothiba,za RSA,"FW,MF",Troyes,25,1996,5.8,102,128,79.7,1363,181,61,73,28,33,4,5,0,0.5,0.2,-0.5,6,5,0,0,2,Matches
425,Lebo Mothiba,za RSA,FW,Strasbourg,25,1996,0.0,0,0,,0,0,0,0,0,0,0,0,0,0.0,0.0,0.0,0,0,0,0,0,Matches
Rk,Player,Nation,Pos,Squad,Age,Born,90s,Cmp,Att,Cmp%,TotDist,PrgDist,Cmp,Att,Cmp,Att,Cmp,Att,Ast,xAG,xA,A-xAG,KP,1/3,PPA,CrsPA,PrgP,Matches
426,Baptiste Mouazan,fr FRA,MF,Lorient,19,2001,1.1,24,33,72.7,336,57,16,18,8,11,0,3,0,0.0,0.0,0.0,0,1,1,0,3,Matches
427,Aimen Moueffek,fr FRA,MF,Saint-Étienne,20,2001,4.8,205,235,87.2,3570,906,95,107,89,99,19,25,0,0.1,0.4,-0.1,2,25,3,0,25,Matches
428,Harold Moukoudi,cm CMR,DF,Saint-Étienne,23,1997,18.5,825,929,88.8,17339,6475,251,281,425,456,136,168,0,0.1,0.2,-0.1,3,42,3,0,61,Matches
429,Jessy Moulin,fr FRA,GK,Troyes,35,1986,7.0,164,239,68.6,4395,3043,38,38,67,68,56,130,0,0.0,0.0,0.0,0,2,0,0,0,Matches
430,Steve Mounié,bj BEN,FW,Brest,26,1994,25.7,429,723,59.3,5739,1547,265,402,121,221,14,25,2,1.2,1.2,+0.8,18,47,14,1,65,Matches
431,Samuel Moutoussamy,cd COD,MF,Nantes,24,1996,16.8,598,709,84.3,9532,2694,313,355,216,239,46,66,1,0.4,0.5,+0.6,6,56,8,2,66,Matches
432,Marshall Munetsi,zw ZIM,"MF,DF",Reims,25,1996,20.9,535,680,78.7,9759,2655,231,269,224,272,61,100,1,1.2,0.4,-0.2,8,40,2,0,37,Matches
433,Junior Mwanga,fr FRA,DF,Bordeaux,18,2003,1.0,44,54,81.5,807,233,11,15,30,31,2,5,0,0.0,0.0,0.0,0,2,0,0,4,Matches
434,Kévin N'Doram,fr FRA,MF,Metz,25,1996,13.7,437,521,83.9,8115,2626,168,197,205,231,53,73,0,0.4,0.3,-0.4,11,52,1,0,63,Matches
435,Eric N'Jo,fr FRA,DF,Troyes,17,2004,1.1,22,27,81.5,401,93,7,7,12,14,2,3,0,0.0,0.0,0.0,0,0,0,0,0,Matches
436,Vital N'Simba,cd COD,DF,Clermont Foot,28,1993,31.0,1415,1836,77.1,22439,10344,775,875,513,662,93,199,3,4.6,4.0,-1.6,33,100,49,23,142,Matches
437,Mickael Nade,fr FRA,DF,Saint-Étienne,22,1999,28.5,985,1216,81.0,18891,6179,336,403,509,573,113,194,0,0.2,0.2,-0.2,5,73,2,0,85,Matches
438,Guédé Nadje,fr FRA,MF,Angers,17,2003,0.0,0,0,,0,0,0,0,0,0,0,0,0,0.0,0.0,0.0,0,0,0,0,0,Matches
439,Paul Nardi,fr FRA,GK,Lorient,27,1994,22.0,299,536,55.8,9080,7070,61,62,126,129,110,341,0,0.0,0.1,0.0,0,13,1,0,0,Matches
440,Keylor Navas,cr CRC,GK,Paris S-G,34,1986,20.6,501,547,91.6,10820,7312,139,140,268,270,92,134,0,0.0,0.0,0.0,0,1,0,0,0,Matches
441,Papa Ndiaga Yade,mr MTN,"DF,FW",Metz,21,2000,7.7,226,312,72.4,4032,1142,93,115,100,129,24,48,1,0.7,0.9,+0.3,6,13,6,4,12,Matches
442,Tanguy Ndombele,fr FRA,MF,Lyon,24,1996,7.8,466,525,88.8,7598,2499,208,225,202,220,34,46,2,1.7,1.5,+0.3,9,61,9,1,56,Matches
443,Dan Ndoye,ch SUI,"FW,MF",Nice,20,2000,2.3,37,52,71.2,510,86,20,26,11,15,2,4,1,0.5,0.2,+0.5,2,2,1,1,5,Matches
444,Neymar,br BRA,"FW,MF",Paris S-G,29,1992,20.6,1033,1314,78.6,14291,4445,639,736,252,318,63,110,6,7.5,5.6,-1.5,61,118,42,3,146,Matches
445,Yvan Neyou,cm CMR,MF,Saint-Étienne,24,1997,10.4,427,508,84.1,6963,1777,188,216,183,207,36,54,0,0.4,0.2,-0.4,7,32,3,0,39,Matches
446,Opa Nguette,sn SEN,"FW,MF",Metz,27,1994,11.6,184,253,72.7,2221,487,110,143,52,67,1,4,2,0.4,0.3,+1.6,11,12,4,0,25,Matches
447,Sikou Niakaté,ml MLI,DF,Metz,22,1999,7.3,176,226,77.9,3243,1334,67,79,89,104,15,30,0,0.0,0.0,0.0,2,4,0,0,7,Matches
448,Ibrahima Niane,sn SEN,FW,Metz,22,1999,17.6,301,426,70.7,4026,783,187,244,77,119,16,24,1,1.3,1.0,-0.3,11,15,4,1,20,Matches
449,M'Baye Niang,sn SEN,FW,Bordeaux,26,1994,8.6,106,179,59.2,1643,208,62,88,33,57,8,12,1,1.7,1.0,-0.7,8,4,3,0,12,Matches
450,Cheikh Niasse,sn SEN,"FW,MF",Lille,21,2000,0.5,20,25,80.0,269,73,12,13,8,9,0,0,0,0.0,0.0,0.0,0,3,0,0,3,Matches
Rk,Player,Nation,Pos,Squad,Age,Born,90s,Cmp,Att,Cmp%,TotDist,PrgDist,Cmp,Att,Cmp,Att,Cmp,Att,Ast,xAG,xA,A-xAG,KP,1/3,PPA,CrsPA,PrgP,Matches
451,Casimir Ninga,td CHA,FW,Angers,28,1993,4.5,56,71,78.9,761,192,26,35,15,17,4,5,0,0.0,0.1,0.0,1,3,1,0,5,Matches
452,Arnaud Nordin,fr FRA,"FW,MF",Saint-Étienne,23,1998,20.8,442,600,73.7,6641,1410,243,284,147,193,28,59,4,2.4,2.4,+1.6,23,20,13,5,44,Matches
453,Alexander Nübel,de GER,GK,Monaco,24,1996,38.0,839,1121,74.8,23494,16891,140,141,407,410,288,563,0,0.0,0.0,0.0,0,4,0,0,2,Matches
454,Gerzino Nyamsi,fr FRA,DF,Strasbourg,24,1997,33.2,1214,1461,83.1,25284,10261,321,359,726,796,153,271,2,1.1,0.2,+0.9,6,59,3,0,72,Matches
455,Florent Ogier,fr FRA,DF,Clermont Foot,32,1989,27.0,1264,1516,83.4,24045,11081,487,543,589,674,166,264,0,0.2,0.4,-0.2,2,72,2,0,80,Matches
456,Warmed Omari,km COM,DF,Rennes,21,2000,31.1,1833,1986,92.3,40820,13135,398,446,1112,1168,314,347,0,0.2,0.3,-0.2,4,94,3,0,111,Matches
457,Jonas Omlin,ch SUI,GK,Montpellier,27,1994,28.7,842,1071,78.6,21947,15321,170,174,434,439,233,448,0,0.0,0.0,0.0,0,6,0,0,0,Matches
458,Amadou Onana,be BEL,MF,Lille,19,2001,15.1,516,623,82.8,8931,2203,231,263,203,234,61,86,0,1.1,1.7,-1.1,15,53,7,0,59,Matches
459,Jean Onana,cm CMR,MF,Bordeaux,21,2000,20.4,863,1079,80.0,15507,3895,397,456,309,369,120,182,2,1.6,1.3,+0.4,15,88,13,1,90,Matches
460,Otávio,br BRA,MF,Bordeaux,27,1994,12.7,635,718,88.4,11187,3083,285,305,258,289,72,90,0,0.1,0.5,-0.1,6,44,4,2,49,Matches
461,Dango Ouattara,bf BFA,"MF,FW",Lorient,19,2002,9.0,170,279,60.9,2732,727,85,115,60,103,16,29,2,1.4,1.3,+0.6,8,11,7,0,23,Matches
462,Remi Oudin,fr FRA,"MF,FW",Bordeaux,24,1996,19.3,446,694,64.3,8161,2403,208,256,169,244,58,132,5,3.8,2.8,+1.2,21,39,19,4,53,Matches
463,Alexandre Oukidja,dz ALG,GK,Metz,33,1988,20.8,386,600,64.3,13291,10508,41,41,147,149,196,406,0,0.0,0.1,0.0,0,9,1,0,0,Matches
464,Azzedine Ounahi,ma MAR,MF,Angers,21,2000,18.1,782,909,86.0,12548,3196,389,430,307,339,59,88,1,1.5,1.4,-0.5,18,81,17,2,110,Matches
465,Ambroise Oyongo,cm CMR,DF,Montpellier,30,1991,7.3,256,357,71.7,3578,1579,145,166,85,124,10,38,0,0.2,0.6,-0.2,2,13,6,2,18,Matches
466,Vincent Pajot,fr FRA,MF,Metz,30,1990,25.7,920,1079,85.3,16557,4118,381,425,407,440,95,142,0,0.4,0.4,-0.4,15,79,4,1,96,Matches
467,Nicolas Pallois,fr FRA,DF,Nantes,33,1987,27.2,906,1139,79.5,17690,6162,284,330,510,589,100,189,0,0.1,0.3,-0.1,4,54,0,0,72,Matches
468,Erik Palmer-Brown,us USA,DF,Troyes,24,1997,19.3,541,652,83.0,10155,4340,208,229,274,309,50,88,0,0.1,0.7,-0.1,3,28,3,0,36,Matches
469,Emerson Palmieri,it ITA,DF,Lyon,26,1994,25.2,1541,1820,84.7,23670,7832,831,893,569,668,97,171,2,3.6,3.5,-1.6,31,94,15,6,101,Matches
470,Lucas Paquetá,br BRA,"MF,FW",Lyon,23,1997,30.0,1241,1586,78.2,17756,5118,705,819,360,455,81,140,6,4.5,4.9,+1.5,41,132,35,3,168,Matches
471,Rubén Pardo,es ESP,MF,Bordeaux,28,1992,0.1,1,1,100.0,11,9,1,1,0,0,0,0,0,0.0,0.0,0.0,0,0,0,0,1,Matches
472,Leandro Paredes,ar ARG,MF,Paris S-G,27,1994,9.3,896,937,95.6,14984,4771,420,432,380,385,75,89,2,0.4,0.5,+1.6,7,85,3,0,55,Matches
473,Strahinja Pavlović,rs SRB,DF,Monaco,20,2001,5.0,330,399,82.7,6542,2314,105,116,183,202,36,67,0,0.2,0.4,-0.2,1,29,9,3,33,Matches
474,Dimitri Payet,fr FRA,"FW,MF",Marseille,34,1987,28.8,1241,1675,74.1,21543,6101,637,733,376,502,168,319,10,10.0,10.2,0.0,99,120,66,11,187,Matches
475,Timothee Pembele,fr FRA,DF,Bordeaux,18,2002,15.7,434,609,71.3,6017,1964,267,327,142,202,12,26,1,3.1,1.5,-2.1,14,27,10,3,40,Matches
Rk,Player,Nation,Pos,Squad,Age,Born,90s,Cmp,Att,Cmp%,TotDist,PrgDist,Cmp,Att,Cmp,Att,Cmp,Att,Ast,xAG,xA,A-xAG,KP,1/3,PPA,CrsPA,PrgP,Matches
476,Brayann Pereira,fr FRA,"DF,MF",Lens,18,2003,0.2,14,17,82.4,229,34,6,6,8,9,0,0,0,0.1,0.0,-0.1,1,1,1,1,0,Matches
477,Danilo Pereira,pt POR,MF,Paris S-G,29,1991,22.6,1464,1548,94.6,24384,7069,658,686,658,685,96,111,0,0.4,0.9,-0.4,6,97,4,0,111,Matches
478,Mathias Pereira Lage,pt POR,DF,Angers,24,1996,11.6,363,525,69.1,5461,2050,195,245,142,207,13,39,2,1.4,1.0,+0.6,9,31,5,2,36,Matches
479,Luan Peres Petroni,br BRA,DF,Marseille,27,1994,29.8,1725,1975,87.3,28535,7722,830,892,722,808,128,206,2,1.7,1.3,+0.3,17,136,7,6,124,Matches
480,Lucas Perrin,fr FRA,DF,Strasbourg,22,1998,27.8,1221,1454,84.0,23170,9040,437,478,621,692,142,234,1,0.6,1.5,+0.4,9,140,18,2,148,Matches
481,Danijel Petković,me MNE,GK,Angers,28,1993,15.0,352,456,77.2,9169,5622,55,55,188,191,107,205,0,0.0,0.0,0.0,0,0,0,0,0,Matches
482,Léo Pétrot,fr FRA,DF,Lorient,24,1997,20.2,787,953,82.6,15949,5283,250,278,412,455,115,193,0,0.1,0.1,-0.1,2,42,0,0,44,Matches
483,Romain Philippoteaux,fr FRA,MF,Brest,33,1988,0.3,6,7,85.7,88,19,4,4,2,2,0,0,0,0.0,0.0,0.0,0,0,0,0,2,Matches
484,Jérôme Phojo,fr FRA,DF,Clermont Foot,28,1993,0.1,3,4,75.0,31,21,3,4,0,0,0,0,0,0.0,0.0,0.0,0,0,0,0,0,Matches
485,Jérémy Pied,fr FRA,"DF,FW",Lille,32,1989,0.1,17,25,68.0,202,65,12,14,4,6,0,3,0,0.0,0.0,0.0,1,3,1,1,2,Matches
486,Ronaël Pierre-Gabriel,fr FRA,DF,Brest,23,1998,28.3,1198,1428,83.9,18255,7192,633,706,443,508,69,113,1,1.7,2.3,-0.7,15,102,21,9,138,Matches
487,Julian Pollersbeck,de GER,GK,Lyon,26,1994,4.8,149,174,85.6,3354,2336,41,41,81,81,27,52,0,0.0,0.0,0.0,0,1,0,0,0,Matches
488,Gaëtan Poussin,fr FRA,GK,Bordeaux,22,1999,13.0,346,484,71.5,9602,7196,67,71,153,154,124,257,0,0.0,0.0,0.0,0,1,0,0,0,Matches
489,Sanjin Prcić,ba BIH,MF,Strasbourg,27,1993,24.3,1176,1401,83.9,22941,6350,443,496,518,576,188,261,0,1.7,2.8,-1.7,23,141,24,3,163,Matches
490,Nicolas de Préville,fr FRA,"FW,MF",Metz,30,1991,21.9,398,600,66.3,6606,1656,203,272,130,184,45,86,2,2.2,2.6,-0.2,27,37,11,6,47,Matches
491,Nemanja Radonjić,rs SRB,FW,Marseille,25,1996,0.2,9,10,90.0,107,48,8,8,0,0,1,1,0,0.1,0.2,-0.1,1,0,0,0,1,Matches
492,Rafinha,br BRA,"FW,MF",Paris S-G,28,1993,2.4,169,188,89.9,2387,419,89,97,61,67,7,9,0,0.1,0.1,-0.1,2,16,1,0,16,Matches
493,Predrag Rajković,rs SRB,GK,Reims,25,1995,38.0,898,1266,70.9,24556,16666,155,156,418,429,312,660,0,0.0,0.3,0.0,1,24,2,0,1,Matches
494,Adil Rami,fr FRA,DF,Troyes,35,1985,13.0,443,525,84.4,9235,4096,148,166,207,225,78,114,0,0.1,0.1,-0.1,2,24,2,0,24,Matches
495,Sergio Ramos,es ESP,DF,Paris S-G,35,1986,8.9,776,829,93.6,16436,5690,228,236,405,420,133,157,0,0.0,0.2,0.0,1,83,2,0,61,Matches
496,Elba Rashani,xk KVX,"FW,MF",Clermont Foot,28,1993,19.5,428,583,73.4,5640,1266,255,317,136,177,12,25,3,2.2,2.5,+0.8,15,25,10,5,46,Matches
497,Jeff Reine-Adélaïde,fr FRA,"MF,DF",Lyon,23,1998,2.2,139,167,83.2,2125,627,66,74,52,59,9,16,1,0.9,0.8,+0.1,8,13,3,0,16,Matches
498,Tiago Ribeiro,pt POR,FW,Monaco,19,2002,0.0,2,2,100.0,29,5,1,1,1,1,0,0,0,0.0,0.0,0.0,0,1,0,0,0,Matches
499,Sergio Rico,es ESP,GK,Paris S-G,27,1993,0.3,5,7,71.4,130,76,0,0,4,4,1,3,0,0.0,0.0,0.0,0,0,0,0,0,Matches
500,Renaud Ripart,fr FRA,"MF,FW",Troyes,28,1993,21.0,465,675,68.9,7116,1680,255,330,143,197,36,67,2,2.3,1.3,-0.3,17,39,13,7,61,Matches
Rk,Player,Nation,Pos,Squad,Age,Born,90s,Cmp,Att,Cmp%,TotDist,PrgDist,Cmp,Att,Cmp,Att,Cmp,Att,Ast,xAG,xA,A-xAG,KP,1/3,PPA,CrsPA,PrgP,Matches
501,Mihailo Ristić,rs SRB,DF,Montpellier,25,1995,20.0,784,1055,74.3,12630,4879,431,472,262,352,65,161,3,1.3,1.8,+1.7,16,66,14,6,76,Matches
502,Maxence Rivera,fr FRA,FW,Saint-Étienne,19,2002,0.1,0,2,0.0,0,0,0,1,0,0,0,0,0,0.0,0.0,0.0,0,0,0,0,0,Matches
503,Patrick Roberts,eng ENG,MF,Troyes,24,1997,0.2,4,5,80.0,58,14,1,1,3,3,0,0,0,0.0,0.0,0.0,0,0,0,0,1,Matches
504,Stian Rode Gregersen,no NOR,DF,Bordeaux,26,1995,21.7,772,914,84.5,13659,5174,330,363,366,411,59,107,1,0.4,0.7,+0.6,2,37,4,1,53,Matches
505,Gerson Rodrigues,lu LUX,"FW,MF",Troyes,26,1995,9.4,157,223,70.4,2266,425,88,114,50,65,9,16,1,0.4,0.4,+0.6,8,16,7,1,28,Matches
506,Valentin Rongier,fr FRA,"MF,DF",Marseille,26,1994,24.4,1753,1950,89.9,27552,7112,905,972,696,762,100,127,1,1.4,2.2,-0.4,17,160,22,2,195,Matches
507,Pablo Rosario,do DOM,MF,Nice,24,1997,30.3,1522,1737,87.6,26102,6712,680,749,681,751,123,166,2,1.0,1.3,+1.0,20,147,14,3,186,Matches
508,Roli Pereira de Sa,fr FRA,MF,Nantes,24,1996,6.4,222,272,81.6,3354,774,129,150,70,81,14,19,0,0.6,0.6,-0.6,7,19,1,1,16,Matches
509,Mathys Saban,fr FRA,"FW,MF",Saint-Étienne,19,2002,0.8,11,14,78.6,146,37,6,6,3,5,1,1,0,0.0,0.0,0.0,0,1,1,0,2,Matches
510,Falaye Sacko,ml MLI,DF,Saint-Étienne,26,1995,7.4,368,437,84.2,6327,2671,161,173,166,184,33,62,0,0.2,0.1,-0.2,2,28,0,0,38,Matches
511,Moïse Sahi Dion,ci CIV,"FW,MF",Strasbourg,19,2001,1.4,36,42,85.7,523,147,20,24,14,15,1,2,0,0.1,0.1,-0.1,1,4,1,1,8,Matches
512,Rafiki Said,km COM,"MF,FW",Brest,21,2000,1.4,42,57,73.7,650,173,27,35,10,12,3,5,0,0.1,0.2,-0.1,2,3,2,1,4,Matches
513,Wesley Saïd,fr FRA,"FW,MF",Lens,26,1995,7.3,164,232,70.7,2490,656,85,102,55,80,13,24,0,0.9,0.7,-0.9,14,18,4,0,32,Matches
514,Mamadou Sakho,fr FRA,DF,Montpellier,31,1990,28.6,1408,1579,89.2,25000,11223,571,608,694,746,114,188,0,0.1,0.2,-0.1,4,63,2,0,84,Matches
515,Bakary Sako,ml MLI,"FW,MF",Saint-Étienne,33,1988,1.7,30,43,69.8,524,117,13,18,14,18,2,3,0,0.0,0.1,0.0,2,5,0,0,4,Matches
516,William Saliba,fr FRA,DF,Marseille,20,2001,36.0,2853,3068,93.0,50153,15749,1134,1205,1502,1560,174,226,0,0.4,1.6,-0.4,6,201,12,2,220,Matches
517,Romain Salin,fr FRA,GK,Rennes,37,1984,1.0,30,33,90.9,789,550,6,6,15,15,9,12,0,0.0,0.0,0.0,0,2,0,0,0,Matches
518,Yoann Salmier,gf GUF,DF,Troyes,28,1992,29.6,1120,1347,83.1,19675,7493,510,559,479,545,102,183,1,0.7,0.6,+0.3,9,57,2,1,94,Matches
519,Mama Samba Baldé,gw GNB,"MF,FW",Troyes,25,1995,19.1,289,425,68.0,4142,1075,171,231,90,117,16,27,2,1.1,0.9,+0.9,17,29,13,1,48,Matches
520,Junior Sambia,fr FRA,"DF,FW",Montpellier,24,1996,17.0,551,725,76.0,8760,3407,300,353,174,228,50,101,0,0.7,0.8,-0.7,11,46,12,6,52,Matches
521,Renato Sanches,pt POR,"MF,FW",Lille,23,1997,18.3,986,1208,81.6,19383,6030,387,437,394,459,166,238,5,3.3,4.1,+1.7,35,137,29,7,171,Matches
522,Philippe Sandler,nl NED,DF,Troyes,24,1997,0.8,21,27,77.8,321,218,15,15,5,7,1,5,0,0.0,0.0,0.0,0,2,0,0,0,Matches
523,Baptiste Santamaria,fr FRA,"MF,DF",Rennes,26,1995,28.0,1336,1551,86.1,25462,6474,522,589,593,649,188,244,1,0.9,1.0,+0.1,17,113,13,3,133,Matches
524,Pablo Sarabia,es ESP,FW,Paris S-G,29,1992,0.2,13,20,65.0,182,8,7,7,4,6,0,3,0,0.0,0.0,0.0,0,0,0,0,0,Matches
525,Martin Satriano,uy URU,FW,Brest,20,2001,10.4,124,177,70.1,1835,340,68,91,37,50,9,15,0,0.1,0.1,-0.1,2,5,1,0,7,Matches
Rk,Player,Nation,Pos,Squad,Age,Born,90s,Cmp,Att,Cmp%,TotDist,PrgDist,Cmp,Att,Cmp,Att,Cmp,Att,Ast,xAG,xA,A-xAG,KP,1/3,PPA,CrsPA,PrgP,Matches
526,Téji Savanier,fr FRA,MF,Montpellier,29,1991,26.8,1070,1617,66.2,21472,7445,471,561,323,472,231,458,7,5.9,5.9,+1.1,60,141,38,14,183,Matches
527,Morgan Schneiderlin,fr FRA,MF,Nice,31,1989,7.2,344,404,85.1,5454,1694,181,203,117,129,30,43,1,0.2,0.4,+0.8,4,23,3,1,36,Matches
528,Alidu Seidu,gh GHA,DF,Clermont Foot,21,2000,15.7,560,648,86.4,9565,2717,259,286,233,258,47,72,0,0.2,0.2,-0.2,6,20,1,0,30,Matches
529,Matz Sels,be BEL,GK,Strasbourg,29,1992,37.0,696,960,72.5,19862,15299,141,142,291,295,259,515,0,0.1,0.0,-0.1,1,6,0,0,1,Matches
530,Xherdan Shaqiri,ch SUI,"FW,MF",Lyon,29,1991,7.5,259,349,74.2,4241,1278,152,173,70,88,29,63,3,1.7,2.3,+1.3,15,23,16,1,38,Matches
531,Mahame Siby,ml MLI,DF,Strasbourg,25,1996,0.2,1,2,50.0,16,0,0,0,1,1,0,1,0,0.0,0.0,0.0,0,0,0,0,0,Matches
532,Aboubakar Sidibé,fr FRA,DF,Clermont Foot,25,1996,0.1,4,5,80.0,36,5,4,4,0,0,0,1,0,0.0,0.0,0.0,0,0,0,0,0,Matches
533,Djibril Sidibé,fr FRA,DF,Monaco,29,1992,10.5,588,755,77.9,10323,3630,273,311,241,293,64,120,0,0.6,1.1,-0.6,6,65,14,7,68,Matches
534,Kaj Sierhuis,nl NED,FW,Reims,23,1998,0.9,19,23,82.6,260,43,10,11,4,5,2,3,0,0.1,0.1,-0.1,2,1,1,0,1,Matches
535,Caio Henrique Oliveira Silva,br BRA,DF,Monaco,24,1997,29.6,1405,1873,75.0,22625,7851,719,811,554,724,99,241,8,6.5,5.8,+1.5,43,103,44,11,156,Matches
536,Gabriel Silva,br BRA,"DF,MF",Saint-Étienne,30,1991,7.9,237,332,71.4,3836,1612,101,126,101,132,17,36,0,0.0,0.1,0.0,2,17,1,0,22,Matches
537,Moses Simon,ng NGA,"FW,MF",Nantes,26,1995,25.9,521,829,62.8,8399,2425,287,347,162,255,49,147,8,8.7,7.6,-0.7,66,21,35,17,49,Matches
538,Xavi Simons,nl NED,"MF,FW",Paris S-G,18,2003,1.5,48,60,80.0,606,99,36,41,9,13,1,1,0,0.1,0.1,-0.1,1,2,1,0,3,Matches
539,Issouf Sissokho,ml MLI,MF,Bordeaux,19,2002,4.8,183,217,84.3,3088,552,85,92,81,92,16,20,0,0.3,0.5,-0.3,8,13,4,1,15,Matches
540,Ibrahima Sissoko,ml MLI,"MF,DF",Strasbourg,23,1997,25.6,826,1040,79.4,14054,4610,390,465,342,391,74,125,5,4.3,3.3,+0.7,28,77,20,4,100,Matches
541,Nelson Sissoko,fr FRA,DF,Saint-Étienne,24,1997,0.5,9,12,75.0,157,108,5,7,2,2,2,3,0,0.0,0.0,0.0,0,1,0,0,1,Matches
542,Sambou Sissoko,fr FRA,"MF,DF",Reims,22,1999,2.0,71,101,70.3,1115,401,37,45,30,38,4,9,0,0.3,0.2,-0.3,3,2,1,1,7,Matches
543,Islam Slimani,dz ALG,FW,Lyon,33,1988,6.4,144,186,77.4,1864,245,86,112,34,40,8,10,1,0.7,0.5,+0.3,6,3,8,0,15,Matches
544,Florian Sotoca,fr FRA,"FW,MF",Lens,30,1990,27.6,911,1206,75.5,15500,3374,447,560,304,393,109,146,4,3.2,3.2,+0.8,31,90,22,7,124,Matches
545,Sambou Soumano,sn SEN,"FW,MF",Lorient,20,2001,5.0,55,93,59.1,794,136,34,49,17,25,3,7,0,0.1,0.1,-0.1,5,4,1,1,4,Matches
546,Arnaud Souquet,fr FRA,DF,Montpellier,29,1992,25.9,846,1190,71.1,12478,5315,489,573,286,390,40,126,3,1.4,1.0,+1.6,16,58,17,6,78,Matches
547,Saidou Sow,gn GUI,DF,Saint-Étienne,19,2002,11.0,476,573,83.1,9241,3405,172,191,237,263,57,97,1,0.9,0.5,+0.1,4,38,1,1,47,Matches
548,Calvin Stengs,nl NED,MF,Nice,22,1998,11.9,295,411,71.8,4718,1665,162,197,86,124,34,58,1,2.5,2.7,-1.5,23,35,19,5,51,Matches
549,Kamaldeen Sulemana,gh GHA,"MF,FW",Rennes,19,2002,11.3,266,350,76.0,4559,993,123,148,89,107,36,54,2,1.9,1.7,+0.1,21,13,22,6,42,Matches
550,Abdoulaye Sylla,gn GUI,DF,Nantes,21,2000,1.7,54,77,70.1,1122,305,15,17,34,39,5,19,0,0.0,0.0,0.0,0,2,0,0,1,Matches
Rk,Player,Nation,Pos,Squad,Age,Born,90s,Cmp,Att,Cmp%,TotDist,PrgDist,Cmp,Att,Cmp,Att,Cmp,Att,Ast,xAG,xA,A-xAG,KP,1/3,PPA,CrsPA,PrgP,Matches
551,Waniss Taibi,fr FRA,"MF,FW",Angers,19,2002,1.5,55,72,76.4,734,132,36,44,15,20,1,3,0,0.0,0.0,0.0,0,2,0,0,1,Matches
552,Flavien Tait,fr FRA,MF,Rennes,28,1993,23.6,1075,1253,85.8,18980,4769,468,536,424,473,132,155,3,2.9,2.3,+0.1,31,141,31,2,189,Matches
553,Florian Tardieu,fr FRA,MF,Troyes,29,1992,29.2,1689,2048,82.5,32280,10570,696,762,715,819,231,379,2,4.2,4.4,-2.2,49,196,22,5,212,Matches
554,Oussama Targhalline,ma MAR,FW,Marseille,19,2002,0.1,7,7,100.0,86,10,5,5,1,1,0,0,0,0.0,0.0,0.0,0,0,0,0,0,Matches
555,Loum Tchaouna,fr FRA,"FW,MF",Rennes,17,2003,1.0,24,38,63.2,375,86,11,16,9,15,2,3,0,0.1,0.4,-0.1,2,0,1,1,1,Matches
556,Enzo Tchato,cm CMR,FW,Montpellier,18,2002,0.1,4,5,80.0,69,37,3,3,0,0,1,2,0,0.0,0.0,0.0,0,1,1,0,1,Matches
557,Warren Tchimbembé,cg CGO,MF,Metz,23,1998,2.3,84,96,87.5,1415,342,39,41,30,32,12,19,0,0.2,0.1,-0.2,4,8,1,1,7,Matches
558,Aurélien Tchouaméni,fr FRA,MF,Monaco,21,2000,32.5,1795,2091,85.8,32270,9704,723,819,871,958,167,233,2,2.8,4.0,-0.8,21,196,34,4,250,Matches
559,Mathys Tel,fr FRA,"FW,MF",Rennes,16,2005,0.6,16,26,61.5,322,65,9,14,2,6,5,6,0,0.1,0.1,-0.1,1,0,0,0,2,Matches
560,Jordan Tell,gp GLP,FW,Clermont Foot,24,1997,3.2,75,89,84.3,1121,183,43,48,27,30,4,4,1,1.3,0.1,-0.3,5,6,1,0,4,Matches
561,Martin Terrier,fr FRA,"FW,MF",Rennes,24,1997,30.9,757,959,78.9,11648,2692,417,489,242,297,64,93,3,4.4,4.1,-1.4,42,63,42,7,123,Matches
562,Tetê,br BRA,"FW,MF",Lyon,21,2000,6.5,189,242,78.1,3151,867,88,102,74,92,16,30,5,2.3,1.8,+2.7,13,18,16,0,37,Matches
563,Sada Thioub,sn SEN,FW,Angers,26,1995,0.0,2,3,66.7,10,0,1,1,0,0,0,0,0,0.0,0.0,0.0,0,0,0,0,0,Matches
564,Sada Thioub,sn SEN,"DF,MF",Saint-Étienne,26,1995,10.6,408,524,77.9,6223,2272,222,252,133,165,33,69,1,1.5,1.6,-0.5,12,39,15,3,58,Matches
565,Romain Thomas,fr FRA,DF,Angers,33,1988,28.5,1471,1706,86.2,31129,11989,405,450,810,876,242,342,0,0.0,0.9,0.0,2,81,1,0,93,Matches
566,Adrien Thomasson,fr FRA,MF,Strasbourg,27,1993,26.5,991,1305,75.9,15951,3942,493,596,376,456,77,130,4,3.3,4.5,+0.7,33,101,40,9,151,Matches
567,Matheus Thuler,br BRA,DF,Montpellier,22,1999,9.5,275,332,82.8,5021,1813,106,117,144,162,19,39,0,0.0,0.0,0.0,0,6,0,0,12,Matches
568,Khéphren Thuram,fr FRA,MF,Nice,20,2001,21.1,971,1134,85.6,16246,3847,451,506,418,460,75,108,2,2.3,2.0,-0.3,22,103,21,1,123,Matches
569,Cheikh Tidiane Sabaly,sn SEN,"FW,MF",Metz,22,1999,1.7,31,35,88.6,394,84,20,21,10,11,0,1,0,0.0,0.1,0.0,2,2,0,0,2,Matches
570,Jean-Clair Todibo,fr FRA,DF,Nice,21,1999,34.6,2131,2446,87.1,41071,14362,713,775,1202,1282,198,341,0,1.0,1.9,-1.0,15,172,7,4,174,Matches
571,Karl Toko Ekambi,cm CMR,FW,Lyon,28,1992,25.5,732,941,77.8,10885,2068,413,482,246,305,40,69,5,5.0,4.4,0.0,39,27,38,13,55,Matches
572,Yoann Touzghar,tn TUN,FW,Troyes,34,1986,16.2,237,302,78.5,3055,375,159,186,51,71,11,12,0,1.1,1.0,-1.1,21,7,4,0,15,Matches
573,Amadou Traore,fr FRA,FW,Bordeaux,19,2002,0.2,2,4,50.0,22,0,0,2,1,1,0,0,0,0.0,0.0,0.0,0,1,0,0,0,Matches
574,Boubacar Traoré,ml MLI,MF,Metz,19,2001,19.2,606,733,82.7,11548,3571,232,272,280,313,78,107,1,1.4,0.9,-0.4,16,53,5,0,85,Matches
575,Charles Traore,ml MLI,DF,Nantes,29,1992,8.0,329,421,78.1,5519,2208,154,181,137,164,30,57,0,0.0,0.1,0.0,0,23,3,0,41,Matches
Rk,Player,Nation,Pos,Squad,Age,Born,90s,Cmp,Att,Cmp%,TotDist,PrgDist,Cmp,Att,Cmp,Att,Cmp,Att,Ast,xAG,xA,A-xAG,KP,1/3,PPA,CrsPA,PrgP,Matches
576,Hamari Traoré,ml MLI,DF,Rennes,29,1992,32.1,1804,2164,83.4,31984,9868,773,869,835,953,167,258,10,4.8,4.6,+5.2,34,151,39,12,177,Matches
577,Ismaël Traoré,ci CIV,DF,Angers,34,1986,35.7,1561,1766,88.4,32101,12574,375,416,1004,1055,167,241,1,1.3,1.2,-0.3,9,41,1,1,58,Matches
578,Miguel Trauco,pe PER,"DF,MF",Saint-Étienne,28,1992,12.4,511,710,72.0,8178,3072,251,295,205,263,34,95,0,0.3,0.4,-0.3,8,36,11,5,48,Matches
579,Adrien Truffert,fr FRA,DF,Rennes,19,2001,18.2,938,1155,81.2,14742,4163,491,548,357,435,59,96,2,2.0,2.1,0.0,13,72,18,9,84,Matches
580,Matthieu Udol,fr FRA,DF,Metz,25,1996,11.2,387,497,77.9,6736,2666,169,188,176,206,35,76,0,0.4,0.2,-0.4,6,23,1,1,30,Matches
581,Ike Ugbo,ca CAN,FW,Troyes,22,1998,9.0,104,133,78.2,1217,172,74,85,20,27,1,3,0,0.3,0.2,-0.3,5,4,3,0,7,Matches
582,Lesley Ugochukwu,fr FRA,MF,Rennes,17,2004,4.5,194,223,87.0,3272,576,88,92,85,96,16,25,0,0.6,0.1,-0.6,3,5,1,0,12,Matches
583,Hwang Ui-jo,kr KOR,FW,Bordeaux,28,1992,27.9,321,426,75.4,4763,658,183,217,109,132,16,37,2,1.4,1.0,+0.6,13,7,8,5,20,Matches
584,Cengiz Ünder,tr TUR,"FW,MF",Marseille,24,1997,24.4,690,946,72.9,11145,2785,383,439,213,290,68,143,2,4.3,5.1,-2.3,34,32,35,9,73,Matches
585,Jere Uronen,fi FIN,DF,Brest,27,1994,9.8,355,458,77.5,5890,2204,183,204,136,176,28,55,0,0.1,0.4,-0.1,2,32,8,3,30,Matches
586,Vanderson,br BRA,"FW,DF",Monaco,20,2001,12.4,423,591,71.6,7293,2470,202,256,159,209,45,77,1,1.4,2.1,-0.4,12,41,23,5,57,Matches
587,Jonathan Varane,mq MTQ,MF,Lens,19,2001,0.0,1,1,100.0,11,0,1,1,0,0,0,0,0,0.0,0.0,0.0,0,0,0,0,0,Matches
588,Marco Verratti,it ITA,MF,Paris S-G,28,1992,21.5,1957,2151,91.0,29628,8834,1071,1133,680,725,120,152,2,2.3,3.8,-0.3,31,193,42,1,193,Matches
589,Kevin Volland,de GER,"MF,FW",Monaco,29,1992,27.1,416,629,66.1,6679,2301,208,267,140,207,43,74,9,6.9,5.2,+2.1,34,57,28,6,102,Matches
590,Elye Wahi,fr FRA,FW,Montpellier,18,2003,19.8,158,245,64.5,1915,415,96,132,36,57,4,13,1,0.9,0.6,+0.1,13,9,5,1,12,Matches
591,Timothy Weah,us USA,"MF,FW",Lille,21,2000,18.0,407,566,71.9,5822,1459,230,283,133,177,21,42,4,4.0,3.0,0.0,26,28,15,9,43,Matches
592,Georginio Wijnaldum,nl NED,MF,Paris S-G,30,1990,18.4,669,746,89.7,9009,1685,395,429,210,229,21,23,3,1.8,1.7,+1.2,12,53,10,0,59,Matches
593,Christopher Wooh,cm CMR,DF,Lens,19,2001,11.7,526,604,87.1,10040,3466,165,186,312,339,42,63,1,0.4,0.2,+0.6,4,34,1,0,36,Matches
594,Xeka,pt POR,MF,Lille,26,1994,18.0,690,878,78.6,12262,3411,294,324,288,348,80,141,0,1.4,1.6,-1.4,14,71,5,0,73,Matches
595,Sekou Yansané,fr FRA,FW,Paris S-G,18,2003,0.2,2,2,100.0,18,0,2,2,0,0,0,0,0,0.0,0.0,0.0,0,0,0,0,0,Matches
596,Yusuf Yazıcı,tr TUR,"MF,FW",Lille,24,1997,5.7,180,245,73.5,3368,1152,82,103,58,73,31,47,1,1.2,1.7,-0.2,11,18,7,0,24,Matches
597,Burak Yılmaz,tr TUR,FW,Lille,36,1985,24.6,408,576,70.8,5884,832,224,283,129,179,25,42,3,3.2,2.8,-0.2,24,14,13,2,26,Matches
598,Leny Yoro,fr FRA,MF,Lille,15,2005,0.1,6,6,100.0,98,32,2,2,4,4,0,0,0,0.0,0.0,0.0,0,0,0,0,2,Matches
599,Zaydou Youssouf,km COM,MF,Saint-Étienne,22,1999,17.3,607,736,82.5,11350,2851,277,302,205,246,103,145,0,1.1,1.0,-1.1,12,56,15,2,84,Matches
600,Akim Zedadka,dz ALG,DF,Clermont Foot,26,1995,37.1,1688,2101,80.3,25232,8942,967,1091,556,687,104,176,3,3.6,5.0,-0.6,45,91,55,37,142,Matches
Rk,Player,Nation,Pos,Squad,Age,Born,90s,Cmp,Att,Cmp%,TotDist,PrgDist,Cmp,Att,Cmp,Att,Cmp,Att,Ast,xAG,xA,A-xAG,KP,1/3,PPA,CrsPA,PrgP,Matches
601,Arber Zeneli,xk KVX,FW,Reims,26,1995,4.5,87,127,68.5,1342,495,44,54,28,43,8,21,3,1.9,1.5,+1.1,9,6,8,3,11,Matches
602,Mehdi Zerkane,dz ALG,"MF,DF",Bordeaux,22,1999,0.9,41,45,91.1,515,230,26,28,13,14,0,0,0,0.1,0.0,-0.1,1,3,1,0,4,Matches
603,Edon Zhegrova,xk KVX,"MF,FW",Lille,22,1999,5.3,179,236,75.8,2571,620,96,113,65,75,7,23,1,0.7,1.1,+0.3,8,2,16,3,20,Matches
604,Tanguy Zoukrou,fr FRA,DF,Troyes,18,2003,0.9,24,26,92.3,458,88,8,9,13,14,3,3,0,0.0,0.0,0.0,0,0,0,0,0,Matches
